solid OpenSCAD_Model
  facet normal 0 0 -1
    outer loop
      vertex 115.341 -74.7694 0
      vertex 110.944 -61.4135 0
      vertex 116.483 -74.4833 0
    endloop
  endfacet
  facet normal 0 0 -1
    outer loop
      vertex 111.202 -61.2021 0
      vertex 121.485 -71.4853 0
      vertex 120.613 -72.2761 0
    endloop
  endfacet
  facet normal 0 0 -1
    outer loop
      vertex 118.657 -73.5831 0
      vertex 110.944 -61.4135 0
      vertex 119.667 -72.9776 0
    endloop
  endfacet
  facet normal -0 0 -1
    outer loop
      vertex 122.978 -69.6668 0
      vertex 122.276 -70.6127 0
      vertex 111.202 -61.2021 0
    endloop
  endfacet
  facet normal 0 -0 -1
    outer loop
      vertex 111.413 -60.9445 0
      vertex 122.978 -69.6668 0
      vertex 111.202 -61.2021 0
    endloop
  endfacet
  facet normal 0 0 -1
    outer loop
      vertex 119.667 -72.9776 0
      vertex 111.202 -61.2021 0
      vertex 120.613 -72.2761 0
    endloop
  endfacet
  facet normal -0 0 -1
    outer loop
      vertex 124.483 -66.4834 0
      vertex 124.087 -67.5922 0
      vertex 111.413 -60.9445 0
    endloop
  endfacet
  facet normal 0 0 -1
    outer loop
      vertex 124.769 -65.3411 0
      vertex 111.571 -60.6506 0
      vertex 124.942 -64.1762 0
    endloop
  endfacet
  facet normal 0 0 -1
    outer loop
      vertex 124.769 -65.3411 0
      vertex 111.413 -60.9445 0
      vertex 111.571 -60.6506 0
    endloop
  endfacet
  facet normal 0 0 -1
    outer loop
      vertex 125 -63 0
      vertex 111.571 -60.6506 0
      vertex 111.667 -60.3316 0
    endloop
  endfacet
  facet normal 0 -0 -1
    outer loop
      vertex 111.7 -60 0
      vertex 125 -63 0
      vertex 111.667 -60.3316 0
    endloop
  endfacet
  facet normal 0 0 -1
    outer loop
      vertex 111.413 -60.9445 0
      vertex 124.087 -67.5922 0
      vertex 123.583 -68.6568 0
    endloop
  endfacet
  facet normal -0 0 -1
    outer loop
      vertex 118.657 -73.5831 0
      vertex 117.592 -74.0865 0
      vertex 110.944 -61.4135 0
    endloop
  endfacet
  facet normal 0 0 -1
    outer loop
      vertex 111.413 -59.0555 0
      vertex 125 -63 0
      vertex 111.571 -59.3494 0
    endloop
  endfacet
  facet normal 0 0 -1
    outer loop
      vertex 111.571 -59.3494 0
      vertex 125 -63 0
      vertex 111.667 -59.6683 0
    endloop
  endfacet
  facet normal 0 0 -1
    outer loop
      vertex 84 61 0
      vertex 83.9741 61.3285 0
      vertex 88.3 61 0
    endloop
  endfacet
  facet normal -0 0 -1
    outer loop
      vertex 122.978 69.6668 0
      vertex 111.202 61.2021 0
      vertex 122.276 70.6127 0
    endloop
  endfacet
  facet normal 0 -0 -1
    outer loop
      vertex 119.667 72.9776 0
      vertex 120.613 72.2761 0
      vertex 111.202 61.2021 0
    endloop
  endfacet
  facet normal -0 0 -1
    outer loop
      vertex 117.592 74.0865 0
      vertex 110.944 61.4135 0
      vertex 116.483 74.4833 0
    endloop
  endfacet
  facet normal -0 0 -1
    outer loop
      vertex 116.483 74.4833 0
      vertex 110.944 61.4135 0
      vertex 115.341 74.7694 0
    endloop
  endfacet
  facet normal 0 0 -1
    outer loop
      vertex 110.944 61.4135 0
      vertex 119.667 72.9776 0
      vertex 111.202 61.2021 0
    endloop
  endfacet
  facet normal -0 0 -1
    outer loop
      vertex 114.176 74.9422 0
      vertex 110.651 61.5706 0
      vertex 113 75 0
    endloop
  endfacet
  facet normal 0 0 -1
    outer loop
      vertex 113 75 0
      vertex 110 61.7 0
      vertex 109.668 61.6673 0
    endloop
  endfacet
  facet normal -0 0 -1
    outer loop
      vertex 109.668 61.6673 0
      vertex 109.349 61.5706 0
      vertex 113 75 0
    endloop
  endfacet
  facet normal 0 0 -1
    outer loop
      vertex 110.651 61.5706 0
      vertex 115.341 74.7694 0
      vertex 110.944 61.4135 0
    endloop
  endfacet
  facet normal 0 0 -1
    outer loop
      vertex 108.798 61.2021 0
      vertex 91.2021 62.2021 0
      vertex 113 75 0
    endloop
  endfacet
  facet normal 0 0 -1
    outer loop
      vertex 108.798 61.2021 0
      vertex 91.4135 61.9445 0
      vertex 91.2021 62.2021 0
    endloop
  endfacet
  facet normal 0 0 -1
    outer loop
      vertex 111.202 61.2021 0
      vertex 120.613 72.2761 0
      vertex 121.485 71.4853 0
    endloop
  endfacet
  facet normal 0 0 -1
    outer loop
      vertex 89.3494 59.4294 0
      vertex 82.5489 59.0028 0
      vertex 82.8534 59.1289 0
    endloop
  endfacet
  facet normal 0 0 -1
    outer loop
      vertex 23.3327 -29.6683 0
      vertex 1.57059 -29.3494 0
      vertex 23.4294 -29.3494 0
    endloop
  endfacet
  facet normal 0 -0 -1
    outer loop
      vertex -119.667 72.9776 0
      vertex -111.202 61.2021 0
      vertex -120.613 72.2761 0
    endloop
  endfacet
  facet normal 0 0 -1
    outer loop
      vertex -122.978 69.6668 0
      vertex -122.276 70.6127 0
      vertex -111.202 61.2021 0
    endloop
  endfacet
  facet normal 0 -0 -1
    outer loop
      vertex -124.087 67.5922 0
      vertex -111.413 60.9445 0
      vertex -124.483 66.4834 0
    endloop
  endfacet
  facet normal 0 -0 -1
    outer loop
      vertex -124.483 66.4834 0
      vertex -111.413 60.9445 0
      vertex -124.769 65.3411 0
    endloop
  endfacet
  facet normal 0 0 -1
    outer loop
      vertex -111.413 60.9445 0
      vertex -122.978 69.6668 0
      vertex -111.202 61.2021 0
    endloop
  endfacet
  facet normal 0 -0 -1
    outer loop
      vertex -124.942 64.1762 0
      vertex -111.571 60.6506 0
      vertex -125 63 0
    endloop
  endfacet
  facet normal 0 0 -1
    outer loop
      vertex -125 63 0
      vertex -111.7 60 0
      vertex -111.667 59.6683 0
    endloop
  endfacet
  facet normal -0 -0 -1
    outer loop
      vertex -111.667 59.6683 0
      vertex -111.571 59.3494 0
      vertex -125 63 0
    endloop
  endfacet
  facet normal 0 0 -1
    outer loop
      vertex -111.571 60.6506 0
      vertex -124.769 65.3411 0
      vertex -111.413 60.9445 0
    endloop
  endfacet
  facet normal -0 -0 -1
    outer loop
      vertex -111.202 58.7979 0
      vertex -110.944 58.5865 0
      vertex -125 63 0
    endloop
  endfacet
  facet normal 0 0 -1
    outer loop
      vertex -125 63 0
      vertex -106.7 20 0
      vertex -106.667 19.6683 0
    endloop
  endfacet
  facet normal 0 0 -1
    outer loop
      vertex -111.202 61.2021 0
      vertex -122.276 70.6127 0
      vertex -121.485 71.4853 0
    endloop
  endfacet
  facet normal 0 0 -1
    outer loop
      vertex -44.2274 16.8776 0
      vertex -48.4294 29.3494 0
      vertex -43.865 16.7275 0
    endloop
  endfacet
  facet normal 0 0 -1
    outer loop
      vertex -115.341 -74.7694 0
      vertex -110.651 -61.5706 0
      vertex -114.176 -74.9422 0
    endloop
  endfacet
  facet normal 0 0 -1
    outer loop
      vertex -122.978 -69.6668 0
      vertex -111.413 -60.9445 0
      vertex -111.202 -61.2021 0
    endloop
  endfacet
  facet normal 0 0 -1
    outer loop
      vertex -122.276 -70.6127 0
      vertex -111.202 -61.2021 0
      vertex -121.485 -71.4853 0
    endloop
  endfacet
  facet normal 0 0 -1
    outer loop
      vertex -111.202 -61.2021 0
      vertex -119.667 -72.9776 0
      vertex -120.613 -72.2761 0
    endloop
  endfacet
  facet normal 0 -0 -1
    outer loop
      vertex -111.202 -61.2021 0
      vertex -110.944 -61.4135 0
      vertex -119.667 -72.9776 0
    endloop
  endfacet
  facet normal 0 0 -1
    outer loop
      vertex -119.667 -72.9776 0
      vertex -110.944 -61.4135 0
      vertex -118.657 -73.5831 0
    endloop
  endfacet
  facet normal 0 0 -1
    outer loop
      vertex -121.485 -71.4853 0
      vertex -111.202 -61.2021 0
      vertex -120.613 -72.2761 0
    endloop
  endfacet
  facet normal 0 0 -1
    outer loop
      vertex -117.592 -74.0865 0
      vertex -110.944 -61.4135 0
      vertex -116.483 -74.4833 0
    endloop
  endfacet
  facet normal 0 -0 -1
    outer loop
      vertex -110.944 -61.4135 0
      vertex -110.651 -61.5706 0
      vertex -115.341 -74.7694 0
    endloop
  endfacet
  facet normal 0 0 -1
    outer loop
      vertex -116.483 -74.4833 0
      vertex -110.944 -61.4135 0
      vertex -115.341 -74.7694 0
    endloop
  endfacet
  facet normal 0 0 -1
    outer loop
      vertex -114.176 -74.9422 0
      vertex -110.651 -61.5706 0
      vertex -113 -75 0
    endloop
  endfacet
  facet normal 0 0 -1
    outer loop
      vertex -118.657 -73.5831 0
      vertex -110.944 -61.4135 0
      vertex -117.592 -74.0865 0
    endloop
  endfacet
  facet normal 0 0 -1
    outer loop
      vertex -122.978 -69.6668 0
      vertex -111.202 -61.2021 0
      vertex -122.276 -70.6127 0
    endloop
  endfacet
  facet normal 0 -0 -1
    outer loop
      vertex -110.332 -61.6673 0
      vertex -110 -61.7 0
      vertex -113 -75 0
    endloop
  endfacet
  facet normal 0 -0 -1
    outer loop
      vertex -110.651 -61.5706 0
      vertex -110.332 -61.6673 0
      vertex -113 -75 0
    endloop
  endfacet
  facet normal 0 0 -1
    outer loop
      vertex -47.2275 15.635 0
      vertex -50.9445 28.5865 0
      vertex -50.6506 28.4294 0
    endloop
  endfacet
  facet normal -0 -0 -1
    outer loop
      vertex 61.1466 59.1289 0
      vertex 61.451 59.0028 0
      vertex 54.6506 59.4294 0
    endloop
  endfacet
  facet normal 0 0 -1
    outer loop
      vertex -89.3494 59.4294 0
      vertex -82.8534 59.1289 0
      vertex -82.5489 59.0028 0
    endloop
  endfacet
  facet normal 0 0 -1
    outer loop
      vertex -103.798 21.2021 0
      vertex -89.6683 59.3327 0
      vertex -82.2285 58.9258 0
    endloop
  endfacet
  facet normal 0 0 -1
    outer loop
      vertex -82.2285 58.9258 0
      vertex -89.6683 59.3327 0
      vertex -82.5489 59.0028 0
    endloop
  endfacet
  facet normal 0 0 -1
    outer loop
      vertex -106.202 21.2021 0
      vertex -110.651 58.4294 0
      vertex -105.944 21.4135 0
    endloop
  endfacet
  facet normal -0 -0 -1
    outer loop
      vertex -83.5989 59.7656 0
      vertex -83.3849 59.5151 0
      vertex -88.7979 59.7979 0
    endloop
  endfacet
  facet normal 0 0 -1
    outer loop
      vertex -83.7711 60.0466 0
      vertex -88.5865 60.0555 0
      vertex -88.4294 60.3494 0
    endloop
  endfacet
  facet normal -0 0 -1
    outer loop
      vertex -83.8972 60.3511 0
      vertex -88.4294 60.3494 0
      vertex -88.3327 60.6683 0
    endloop
  endfacet
  facet normal 0 0 -1
    outer loop
      vertex -83.9741 60.6715 0
      vertex -88.3 61 0
      vertex -84 61 0
    endloop
  endfacet
  facet normal 0 0 -1
    outer loop
      vertex -88.3327 61.3316 0
      vertex -83.8972 61.6489 0
      vertex -83.9741 61.3285 0
    endloop
  endfacet
  facet normal 0 0 -1
    outer loop
      vertex -125 -63 0
      vertex -106.667 -19.6683 0
      vertex -106.7 -20 0
    endloop
  endfacet
  facet normal 0 0 -1
    outer loop
      vertex -88.4294 61.6506 0
      vertex -88.5865 61.9445 0
      vertex -83.7711 61.9534 0
    endloop
  endfacet
  facet normal 0 0 -1
    outer loop
      vertex -88.5865 61.9445 0
      vertex -88.7979 62.2021 0
      vertex -83.5989 62.2343 0
    endloop
  endfacet
  facet normal -0 0 -1
    outer loop
      vertex -83.5989 62.2343 0
      vertex -88.7979 62.2021 0
      vertex -83.3849 62.4849 0
    endloop
  endfacet
  facet normal 0 0 -1
    outer loop
      vertex -83.3849 62.4849 0
      vertex -88.7979 62.2021 0
      vertex -89.0555 62.4135 0
    endloop
  endfacet
  facet normal 0 0 -1
    outer loop
      vertex -82.8534 62.8711 0
      vertex -83.1343 62.6989 0
      vertex -89.3494 62.5706 0
    endloop
  endfacet
  facet normal 0 0 -1
    outer loop
      vertex -82.5489 62.9972 0
      vertex -82.8534 62.8711 0
      vertex -89.3494 62.5706 0
    endloop
  endfacet
  facet normal -0 0 -1
    outer loop
      vertex -81.9 63.1 0
      vertex -82.2285 63.0741 0
      vertex -113 75 0
    endloop
  endfacet
  facet normal 0 0 -1
    outer loop
      vertex -61.7715 63.0741 0
      vertex -54 62.7 0
      vertex -54.3316 62.6673 0
    endloop
  endfacet
  facet normal 0 0 -1
    outer loop
      vertex -62.1 63.1 0
      vertex -81.9 63.1 0
      vertex -113 75 0
    endloop
  endfacet
  facet normal -0 0 -1
    outer loop
      vertex -26.2021 28.7979 0
      vertex -42.9774 15.9695 0
      vertex -26.4135 29.0555 0
    endloop
  endfacet
  facet normal 0 0 -1
    outer loop
      vertex -54.6506 59.4294 0
      vertex -61.451 59.0028 0
      vertex -61.1466 59.1289 0
    endloop
  endfacet
  facet normal 0 0 -1
    outer loop
      vertex 55.5706 61.6506 0
      vertex 55.4135 61.9445 0
      vertex 60.2289 61.9534 0
    endloop
  endfacet
  facet normal 0 0 -1
    outer loop
      vertex 60.1028 61.6489 0
      vertex 60.0258 61.3285 0
      vertex 55.6673 61.3316 0
    endloop
  endfacet
  facet normal 0 -0 -1
    outer loop
      vertex -54.6506 59.4294 0
      vertex -54.3316 59.3327 0
      vertex -61.451 59.0028 0
    endloop
  endfacet
  facet normal 0 0 -1
    outer loop
      vertex 60.0258 60.6715 0
      vertex 55.7 61 0
      vertex 60 61 0
    endloop
  endfacet
  facet normal -0 0 -1
    outer loop
      vertex 60.1028 60.3511 0
      vertex 55.5706 60.3494 0
      vertex 55.6673 60.6683 0
    endloop
  endfacet
  facet normal 0 0 -1
    outer loop
      vertex 52.3327 61.3316 0
      vertex 24.6683 31.6673 0
      vertex 24.3494 31.5706 0
    endloop
  endfacet
  facet normal 0 -0 -1
    outer loop
      vertex 55.5706 60.3494 0
      vertex 60.2289 60.0466 0
      vertex 55.4135 60.0555 0
    endloop
  endfacet
  facet normal 0 0 -1
    outer loop
      vertex 60.6151 59.5151 0
      vertex 55.2021 59.7979 0
      vertex 60.4011 59.7656 0
    endloop
  endfacet
  facet normal -0 -0 -1
    outer loop
      vertex 60.6151 59.5151 0
      vertex 60.8656 59.3011 0
      vertex 54.9445 59.5865 0
    endloop
  endfacet
  facet normal 0 0 -1
    outer loop
      vertex 25.9445 31.4135 0
      vertex 25.6506 31.5706 0
      vertex 52.5865 60.0555 0
    endloop
  endfacet
  facet normal 0 0 -1
    outer loop
      vertex 62.1 58.9 0
      vertex 51.2021 31.2021 0
      vertex 50.9445 31.4135 0
    endloop
  endfacet
  facet normal 0 0 -1
    outer loop
      vertex 49.6683 31.6673 0
      vertex 53.3494 59.4294 0
      vertex 50 31.7 0
    endloop
  endfacet
  facet normal 0 0 -1
    outer loop
      vertex 49.6683 31.6673 0
      vertex 53.0555 59.5865 0
      vertex 53.3494 59.4294 0
    endloop
  endfacet
  facet normal 0 0 -1
    outer loop
      vertex -51.5706 30.6506 0
      vertex -62.1 58.9 0
      vertex -51.4135 30.9445 0
    endloop
  endfacet
  facet normal -0 0 -1
    outer loop
      vertex -2.37764 15.2725 0
      vertex -2.46921 14.8911 0
      vertex -24.0555 28.5865 0
    endloop
  endfacet
  facet normal 0 0 -1
    outer loop
      vertex 50.6506 31.5706 0
      vertex 50.3316 31.6673 0
      vertex 54 59.3 0
    endloop
  endfacet
  facet normal 0 0 -1
    outer loop
      vertex 55.2021 62.2021 0
      vertex 60.4011 62.2343 0
      vertex 55.4135 61.9445 0
    endloop
  endfacet
  facet normal -0 0 -1
    outer loop
      vertex 53.0555 59.5865 0
      vertex 49.3494 31.5706 0
      vertex 52.7979 59.7979 0
    endloop
  endfacet
  facet normal 0 0 -1
    outer loop
      vertex 47.0225 15.9695 0
      vertex 46.7678 16.2678 0
      vertex 50.3316 28.3327 0
    endloop
  endfacet
  facet normal 0 0 -1
    outer loop
      vertex -54.6506 59.4294 0
      vertex -61.1466 59.1289 0
      vertex -60.8656 59.3011 0
    endloop
  endfacet
  facet normal 0 0 -1
    outer loop
      vertex 23.4294 30.6506 0
      vertex 1.4135 30.9445 0
      vertex 23.5865 30.9445 0
    endloop
  endfacet
  facet normal 0 0 -1
    outer loop
      vertex 60.6151 62.4849 0
      vertex 60.4011 62.2343 0
      vertex 55.2021 62.2021 0
    endloop
  endfacet
  facet normal 0 -0 -1
    outer loop
      vertex -54.9445 59.5865 0
      vertex -54.6506 59.4294 0
      vertex -60.8656 59.3011 0
    endloop
  endfacet
  facet normal 0 0 -1
    outer loop
      vertex 55.2021 62.2021 0
      vertex 54.9445 62.4135 0
      vertex 60.6151 62.4849 0
    endloop
  endfacet
  facet normal 0 0 -1
    outer loop
      vertex 1.20207 31.2021 0
      vertex 0.944458 31.4135 0
      vertex 23.7979 31.2021 0
    endloop
  endfacet
  facet normal 0 -0 -1
    outer loop
      vertex -55.2021 59.7979 0
      vertex -54.9445 59.5865 0
      vertex -60.6151 59.5151 0
    endloop
  endfacet
  facet normal 0 0 -1
    outer loop
      vertex 61.1466 62.8711 0
      vertex 60.8656 62.6989 0
      vertex 54.6506 62.5706 0
    endloop
  endfacet
  facet normal 0 -0 -1
    outer loop
      vertex -61.451 59.0028 0
      vertex -50.9445 31.4135 0
      vertex -61.7715 58.9258 0
    endloop
  endfacet
  facet normal 0 0 -1
    outer loop
      vertex 54.6506 62.5706 0
      vertex 61.451 62.9972 0
      vertex 61.1466 62.8711 0
    endloop
  endfacet
  facet normal 0 -0 -1
    outer loop
      vertex -60.4011 59.7656 0
      vertex -55.2021 59.7979 0
      vertex -60.6151 59.5151 0
    endloop
  endfacet
  facet normal 0 0 -1
    outer loop
      vertex 61.451 62.9972 0
      vertex 54.6506 62.5706 0
      vertex 54.3316 62.6673 0
    endloop
  endfacet
  facet normal 0 0 -1
    outer loop
      vertex 52.7979 62.2021 0
      vertex -52.7979 62.2021 0
      vertex -53.0555 62.4135 0
    endloop
  endfacet
  facet normal 0 0 -1
    outer loop
      vertex 52.7979 59.7979 0
      vertex 49.3494 31.5706 0
      vertex 49.0555 31.4135 0
    endloop
  endfacet
  facet normal 0 0 -1
    outer loop
      vertex -53.3494 62.5706 0
      vertex 53.0555 62.4135 0
      vertex -53.0555 62.4135 0
    endloop
  endfacet
  facet normal 0 0 -1
    outer loop
      vertex 61.7715 63.0741 0
      vertex 54.3316 62.6673 0
      vertex 54 62.7 0
    endloop
  endfacet
  facet normal 0 0 -1
    outer loop
      vertex -60.0258 60.6715 0
      vertex -55.7 61 0
      vertex -55.6673 60.6683 0
    endloop
  endfacet
  facet normal 0 0 -1
    outer loop
      vertex -55.7 61 0
      vertex -60 61 0
      vertex -60.0258 61.3285 0
    endloop
  endfacet
  facet normal 0 0 -1
    outer loop
      vertex -55.4135 61.9445 0
      vertex -60.4011 62.2343 0
      vertex -55.2021 62.2021 0
    endloop
  endfacet
  facet normal 0 0 -1
    outer loop
      vertex 113 75 0
      vertex 62.1 63.1 0
      vertex 54 62.7 0
    endloop
  endfacet
  facet normal 0 0 -1
    outer loop
      vertex 113 75 0
      vertex 81.9 63.1 0
      vertex 62.1 63.1 0
    endloop
  endfacet
  facet normal 0 0 -1
    outer loop
      vertex 113 75 0
      vertex 82.2285 63.0741 0
      vertex 81.9 63.1 0
    endloop
  endfacet
  facet normal 0 0 -1
    outer loop
      vertex 82.8534 62.8711 0
      vertex 82.5489 62.9972 0
      vertex 89.3494 62.5706 0
    endloop
  endfacet
  facet normal -0 0 -1
    outer loop
      vertex 89.0555 62.4135 0
      vertex 88.7979 62.2021 0
      vertex 83.3849 62.4849 0
    endloop
  endfacet
  facet normal 0 0 -1
    outer loop
      vertex 88.4294 61.6506 0
      vertex 83.7711 61.9534 0
      vertex 88.5865 61.9445 0
    endloop
  endfacet
  facet normal 0 0 -1
    outer loop
      vertex 88.3327 60.6683 0
      vertex 83.9741 60.6715 0
      vertex 88.3 61 0
    endloop
  endfacet
  facet normal -0 0 -1
    outer loop
      vertex 88.3327 60.6683 0
      vertex 83.8972 60.3511 0
      vertex 83.9741 60.6715 0
    endloop
  endfacet
  facet normal 0 -0 -1
    outer loop
      vertex 88.3327 60.6683 0
      vertex 88.4294 60.3494 0
      vertex 83.8972 60.3511 0
    endloop
  endfacet
  facet normal 0 -0 -1
    outer loop
      vertex 83.8972 60.3511 0
      vertex 88.4294 60.3494 0
      vertex 83.7711 60.0466 0
    endloop
  endfacet
  facet normal 0 0 -1
    outer loop
      vertex 83.7711 60.0466 0
      vertex 88.4294 60.3494 0
      vertex 88.5865 60.0555 0
    endloop
  endfacet
  facet normal 0 0 -1
    outer loop
      vertex 83.5989 59.7656 0
      vertex 88.5865 60.0555 0
      vertex 88.7979 59.7979 0
    endloop
  endfacet
  facet normal 0 0 -1
    outer loop
      vertex 83.3849 59.5151 0
      vertex 83.5989 59.7656 0
      vertex 88.7979 59.7979 0
    endloop
  endfacet
  facet normal 0 0 -1
    outer loop
      vertex 88.3327 61.3316 0
      vertex 88.3 61 0
      vertex 83.9741 61.3285 0
    endloop
  endfacet
  facet normal 0 -0 -1
    outer loop
      vertex 88.7979 59.7979 0
      vertex 89.0555 59.5865 0
      vertex 83.3849 59.5151 0
    endloop
  endfacet
  facet normal 0 -0 -1
    outer loop
      vertex 89.0555 59.5865 0
      vertex 89.3494 59.4294 0
      vertex 83.1343 59.3011 0
    endloop
  endfacet
  facet normal 0 -0 -1
    outer loop
      vertex 83.1343 59.3011 0
      vertex 89.3494 59.4294 0
      vertex 82.8534 59.1289 0
    endloop
  endfacet
  facet normal 0 -0 -1
    outer loop
      vertex 89.3494 59.4294 0
      vertex 89.6683 59.3327 0
      vertex 82.5489 59.0028 0
    endloop
  endfacet
  facet normal 0 -0 -1
    outer loop
      vertex 82.5489 59.0028 0
      vertex 89.6683 59.3327 0
      vertex 82.2285 58.9258 0
    endloop
  endfacet
  facet normal 0 0 -1
    outer loop
      vertex 51.6673 29.6683 0
      vertex 51.7 30 0
      vertex 103.333 20.3316 0
    endloop
  endfacet
  facet normal 0 0 -1
    outer loop
      vertex 51.5706 30.6506 0
      vertex 51.4135 30.9445 0
      vertex 62.1 58.9 0
    endloop
  endfacet
  facet normal -0 0 -1
    outer loop
      vertex 48.5865 29.0555 0
      vertex 44.2274 16.8776 0
      vertex 48.4294 29.3494 0
    endloop
  endfacet
  facet normal 0 0 -1
    outer loop
      vertex 24.6683 31.6673 0
      vertex 52.3 61 0
      vertex 25 31.7 0
    endloop
  endfacet
  facet normal 0 0 -1
    outer loop
      vertex -60.4011 59.7656 0
      vertex -55.4135 60.0555 0
      vertex -55.2021 59.7979 0
    endloop
  endfacet
  facet normal 0 0 -1
    outer loop
      vertex -60.4011 59.7656 0
      vertex -60.2289 60.0466 0
      vertex -55.4135 60.0555 0
    endloop
  endfacet
  facet normal 0 0 -1
    outer loop
      vertex 52.7979 62.2021 0
      vertex -53.0555 62.4135 0
      vertex 53.0555 62.4135 0
    endloop
  endfacet
  facet normal 0 0 -1
    outer loop
      vertex 54.3316 62.6673 0
      vertex 61.7715 63.0741 0
      vertex 61.451 62.9972 0
    endloop
  endfacet
  facet normal -0 0 -1
    outer loop
      vertex -55.5706 60.3494 0
      vertex -60.2289 60.0466 0
      vertex -60.1028 60.3511 0
    endloop
  endfacet
  facet normal 0 -0 -1
    outer loop
      vertex -55.6673 60.6683 0
      vertex -55.5706 60.3494 0
      vertex -60.1028 60.3511 0
    endloop
  endfacet
  facet normal 0 0 -1
    outer loop
      vertex 53.0555 62.4135 0
      vertex -53.3494 62.5706 0
      vertex 53.3494 62.5706 0
    endloop
  endfacet
  facet normal 0 -0 -1
    outer loop
      vertex -60.0258 60.6715 0
      vertex -55.6673 60.6683 0
      vertex -60.1028 60.3511 0
    endloop
  endfacet
  facet normal 0 0 -1
    outer loop
      vertex -53.6683 62.6673 0
      vertex 53.3494 62.5706 0
      vertex -53.3494 62.5706 0
    endloop
  endfacet
  facet normal -0 0 -1
    outer loop
      vertex 53.6683 62.6673 0
      vertex 53.3494 62.5706 0
      vertex -53.6683 62.6673 0
    endloop
  endfacet
  facet normal 0 0 -1
    outer loop
      vertex -60.1028 61.6489 0
      vertex -55.6673 61.3316 0
      vertex -60.0258 61.3285 0
    endloop
  endfacet
  facet normal 0 0 -1
    outer loop
      vertex 54 62.7 0
      vertex 62.1 63.1 0
      vertex 61.7715 63.0741 0
    endloop
  endfacet
  facet normal 0 0 -1
    outer loop
      vertex -60.8656 62.6989 0
      vertex -54.6506 62.5706 0
      vertex -54.9445 62.4135 0
    endloop
  endfacet
  facet normal 0 0 -1
    outer loop
      vertex -54.6506 62.5706 0
      vertex -61.1466 62.8711 0
      vertex -61.451 62.9972 0
    endloop
  endfacet
  facet normal 0 0 -1
    outer loop
      vertex 53.6683 62.6673 0
      vertex -113 75 0
      vertex 113 75 0
    endloop
  endfacet
  facet normal 0 0 -1
    outer loop
      vertex 113 75 0
      vertex 54 62.7 0
      vertex 53.6683 62.6673 0
    endloop
  endfacet
  facet normal 0 0 -1
    outer loop
      vertex 60.8656 62.6989 0
      vertex 60.6151 62.4849 0
      vertex 54.9445 62.4135 0
    endloop
  endfacet
  facet normal 0 0 -1
    outer loop
      vertex 60.8656 62.6989 0
      vertex 54.9445 62.4135 0
      vertex 54.6506 62.5706 0
    endloop
  endfacet
  facet normal -0 0 -1
    outer loop
      vertex 60.2289 61.9534 0
      vertex 55.4135 61.9445 0
      vertex 60.4011 62.2343 0
    endloop
  endfacet
  facet normal 0 0 -1
    outer loop
      vertex 60.1028 61.6489 0
      vertex 55.5706 61.6506 0
      vertex 60.2289 61.9534 0
    endloop
  endfacet
  facet normal -0 0 -1
    outer loop
      vertex 60.1028 61.6489 0
      vertex 55.6673 61.3316 0
      vertex 55.5706 61.6506 0
    endloop
  endfacet
  facet normal -0 0 -1
    outer loop
      vertex 60.0258 61.3285 0
      vertex 55.7 61 0
      vertex 55.6673 61.3316 0
    endloop
  endfacet
  facet normal 0 0 -1
    outer loop
      vertex 60.0258 61.3285 0
      vertex 60 61 0
      vertex 55.7 61 0
    endloop
  endfacet
  facet normal 0 -0 -1
    outer loop
      vertex 55.7 61 0
      vertex 60.0258 60.6715 0
      vertex 55.6673 60.6683 0
    endloop
  endfacet
  facet normal 0 0 -1
    outer loop
      vertex 55.6673 60.6683 0
      vertex 60.0258 60.6715 0
      vertex 60.1028 60.3511 0
    endloop
  endfacet
  facet normal 0 0 -1
    outer loop
      vertex 55.5706 60.3494 0
      vertex 60.1028 60.3511 0
      vertex 60.2289 60.0466 0
    endloop
  endfacet
  facet normal 0 0 -1
    outer loop
      vertex 55.4135 60.0555 0
      vertex 60.2289 60.0466 0
      vertex 60.4011 59.7656 0
    endloop
  endfacet
  facet normal 0 0 -1
    outer loop
      vertex 55.2021 59.7979 0
      vertex 55.4135 60.0555 0
      vertex 60.4011 59.7656 0
    endloop
  endfacet
  facet normal 0 0 -1
    outer loop
      vertex 54.9445 59.5865 0
      vertex 55.2021 59.7979 0
      vertex 60.6151 59.5151 0
    endloop
  endfacet
  facet normal 0 0 -1
    outer loop
      vertex 54.6506 59.4294 0
      vertex 54.9445 59.5865 0
      vertex 60.8656 59.3011 0
    endloop
  endfacet
  facet normal 0 0 -1
    outer loop
      vertex 61.1466 59.1289 0
      vertex 54.6506 59.4294 0
      vertex 60.8656 59.3011 0
    endloop
  endfacet
  facet normal 0 0 -1
    outer loop
      vertex 61.451 59.0028 0
      vertex 54.3316 59.3327 0
      vertex 54.6506 59.4294 0
    endloop
  endfacet
  facet normal -0 0 -1
    outer loop
      vertex 104.056 21.4135 0
      vertex 103.798 21.2021 0
      vertex 90 59.3 0
    endloop
  endfacet
  facet normal 0 0 -1
    outer loop
      vertex 90.6506 62.5706 0
      vertex 113 75 0
      vertex 90.9445 62.4135 0
    endloop
  endfacet
  facet normal 0 -0 -1
    outer loop
      vertex 83.3849 59.5151 0
      vertex 89.0555 59.5865 0
      vertex 83.1343 59.3011 0
    endloop
  endfacet
  facet normal 0 -0 -1
    outer loop
      vertex 83.7711 60.0466 0
      vertex 88.5865 60.0555 0
      vertex 83.5989 59.7656 0
    endloop
  endfacet
  facet normal 0 -0 -1
    outer loop
      vertex 84 61 0
      vertex 88.3 61 0
      vertex 83.9741 60.6715 0
    endloop
  endfacet
  facet normal 0 0 -1
    outer loop
      vertex 83.8972 61.6489 0
      vertex 88.3327 61.3316 0
      vertex 83.9741 61.3285 0
    endloop
  endfacet
  facet normal 0 0 -1
    outer loop
      vertex 83.8972 61.6489 0
      vertex 88.4294 61.6506 0
      vertex 88.3327 61.3316 0
    endloop
  endfacet
  facet normal 0 0 -1
    outer loop
      vertex 83.8972 61.6489 0
      vertex 83.7711 61.9534 0
      vertex 88.4294 61.6506 0
    endloop
  endfacet
  facet normal 0 0 -1
    outer loop
      vertex 83.7711 61.9534 0
      vertex 83.5989 62.2343 0
      vertex 88.5865 61.9445 0
    endloop
  endfacet
  facet normal 0 0 -1
    outer loop
      vertex 88.5865 61.9445 0
      vertex 83.5989 62.2343 0
      vertex 88.7979 62.2021 0
    endloop
  endfacet
  facet normal 0 0 -1
    outer loop
      vertex 88.7979 62.2021 0
      vertex 83.5989 62.2343 0
      vertex 83.3849 62.4849 0
    endloop
  endfacet
  facet normal 0 0 -1
    outer loop
      vertex 89.0555 62.4135 0
      vertex 83.3849 62.4849 0
      vertex 83.1343 62.6989 0
    endloop
  endfacet
  facet normal -0 0 -1
    outer loop
      vertex 89.3494 62.5706 0
      vertex 89.0555 62.4135 0
      vertex 83.1343 62.6989 0
    endloop
  endfacet
  facet normal 0 0 -1
    outer loop
      vertex 82.8534 62.8711 0
      vertex 89.3494 62.5706 0
      vertex 83.1343 62.6989 0
    endloop
  endfacet
  facet normal 0 0 -1
    outer loop
      vertex 82.5489 62.9972 0
      vertex 89.6683 62.6673 0
      vertex 89.3494 62.5706 0
    endloop
  endfacet
  facet normal 0 0 -1
    outer loop
      vertex 82.5489 62.9972 0
      vertex 82.2285 63.0741 0
      vertex 89.6683 62.6673 0
    endloop
  endfacet
  facet normal 0 0 -1
    outer loop
      vertex 89.6683 62.6673 0
      vertex 82.2285 63.0741 0
      vertex 90 62.7 0
    endloop
  endfacet
  facet normal 0 0 -1
    outer loop
      vertex 90 62.7 0
      vertex 82.2285 63.0741 0
      vertex 113 75 0
    endloop
  endfacet
  facet normal 0 0 -1
    outer loop
      vertex 90.3316 62.6673 0
      vertex 90 62.7 0
      vertex 113 75 0
    endloop
  endfacet
  facet normal 0 0 -1
    outer loop
      vertex 90.6506 62.5706 0
      vertex 90.3316 62.6673 0
      vertex 113 75 0
    endloop
  endfacet
  facet normal 0 0 -1
    outer loop
      vertex 90.9445 62.4135 0
      vertex 113 75 0
      vertex 91.2021 62.2021 0
    endloop
  endfacet
  facet normal 0 0 -1
    outer loop
      vertex 91.6673 61.3316 0
      vertex 108.429 60.6506 0
      vertex 108.333 60.3316 0
    endloop
  endfacet
  facet normal 0 0 -1
    outer loop
      vertex 91.4135 60.0555 0
      vertex 91.5706 60.3494 0
      vertex 108.429 59.3494 0
    endloop
  endfacet
  facet normal 0 0 -1
    outer loop
      vertex 108.586 59.0555 0
      vertex 91.4135 60.0555 0
      vertex 108.429 59.3494 0
    endloop
  endfacet
  facet normal 0 0 -1
    outer loop
      vertex 108.586 59.0555 0
      vertex 91.2021 59.7979 0
      vertex 91.4135 60.0555 0
    endloop
  endfacet
  facet normal -0 -0 -1
    outer loop
      vertex 108.586 59.0555 0
      vertex 108.798 58.7979 0
      vertex 91.2021 59.7979 0
    endloop
  endfacet
  facet normal -0 0 -1
    outer loop
      vertex 108.798 61.2021 0
      vertex 108.586 60.9445 0
      vertex 91.4135 61.9445 0
    endloop
  endfacet
  facet normal 0 0 -1
    outer loop
      vertex 90.9445 59.5865 0
      vertex 91.2021 59.7979 0
      vertex 108.798 58.7979 0
    endloop
  endfacet
  facet normal 0 0 -1
    outer loop
      vertex 109.056 58.5865 0
      vertex 90.9445 59.5865 0
      vertex 108.798 58.7979 0
    endloop
  endfacet
  facet normal 0 -0 -1
    outer loop
      vertex 82.2285 58.9258 0
      vertex 103.586 20.9445 0
      vertex 81.9 58.9 0
    endloop
  endfacet
  facet normal 0 0 -1
    outer loop
      vertex 81.9 58.9 0
      vertex 103.586 20.9445 0
      vertex 103.429 20.6506 0
    endloop
  endfacet
  facet normal 0 0 -1
    outer loop
      vertex 111.413 60.9445 0
      vertex 122.978 69.6668 0
      vertex 123.583 68.6568 0
    endloop
  endfacet
  facet normal 0 0 -1
    outer loop
      vertex 51.5706 30.6506 0
      vertex 81.9 58.9 0
      vertex 51.6673 30.3316 0
    endloop
  endfacet
  facet normal 0 -0 -1
    outer loop
      vertex 51.6673 29.6683 0
      vertex 103.3 20 0
      vertex 51.5706 29.3494 0
    endloop
  endfacet
  facet normal -0 0 -1
    outer loop
      vertex -51.6673 30.3316 0
      vertex -51.7 30 0
      vertex -81.9 58.9 0
    endloop
  endfacet
  facet normal -0 0 -1
    outer loop
      vertex 48.3 30 0
      vertex 26.6673 29.6683 0
      vertex 26.7 30 0
    endloop
  endfacet
  facet normal 0 -0 -1
    outer loop
      vertex -60.6151 59.5151 0
      vertex -54.9445 59.5865 0
      vertex -60.8656 59.3011 0
    endloop
  endfacet
  facet normal -0 0 -1
    outer loop
      vertex -55.4135 60.0555 0
      vertex -60.2289 60.0466 0
      vertex -55.5706 60.3494 0
    endloop
  endfacet
  facet normal 0 -0 -1
    outer loop
      vertex -60 61 0
      vertex -55.7 61 0
      vertex -60.0258 60.6715 0
    endloop
  endfacet
  facet normal 0 0 -1
    outer loop
      vertex -60.0258 61.3285 0
      vertex -55.6673 61.3316 0
      vertex -55.7 61 0
    endloop
  endfacet
  facet normal 0 0 -1
    outer loop
      vertex -60.1028 61.6489 0
      vertex -55.5706 61.6506 0
      vertex -55.6673 61.3316 0
    endloop
  endfacet
  facet normal 0 0 -1
    outer loop
      vertex -60.1028 61.6489 0
      vertex -60.2289 61.9534 0
      vertex -55.5706 61.6506 0
    endloop
  endfacet
  facet normal 0 0 -1
    outer loop
      vertex -55.5706 61.6506 0
      vertex -60.2289 61.9534 0
      vertex -55.4135 61.9445 0
    endloop
  endfacet
  facet normal 0 0 -1
    outer loop
      vertex -55.4135 61.9445 0
      vertex -60.2289 61.9534 0
      vertex -60.4011 62.2343 0
    endloop
  endfacet
  facet normal 0 0 -1
    outer loop
      vertex -53.6683 62.6673 0
      vertex -113 75 0
      vertex 53.6683 62.6673 0
    endloop
  endfacet
  facet normal 0 0 -1
    outer loop
      vertex -55.2021 62.2021 0
      vertex -60.4011 62.2343 0
      vertex -60.6151 62.4849 0
    endloop
  endfacet
  facet normal -0 0 -1
    outer loop
      vertex -54.9445 62.4135 0
      vertex -55.2021 62.2021 0
      vertex -60.6151 62.4849 0
    endloop
  endfacet
  facet normal 0 0 -1
    outer loop
      vertex -60.8656 62.6989 0
      vertex -54.9445 62.4135 0
      vertex -60.6151 62.4849 0
    endloop
  endfacet
  facet normal 0 0 -1
    outer loop
      vertex -61.1466 62.8711 0
      vertex -54.6506 62.5706 0
      vertex -60.8656 62.6989 0
    endloop
  endfacet
  facet normal 0 0 -1
    outer loop
      vertex -61.451 62.9972 0
      vertex -54.3316 62.6673 0
      vertex -54.6506 62.5706 0
    endloop
  endfacet
  facet normal 0 0 -1
    outer loop
      vertex -61.451 62.9972 0
      vertex -61.7715 63.0741 0
      vertex -54.3316 62.6673 0
    endloop
  endfacet
  facet normal 0 0 -1
    outer loop
      vertex -61.7715 63.0741 0
      vertex -62.1 63.1 0
      vertex -54 62.7 0
    endloop
  endfacet
  facet normal 0 0 -1
    outer loop
      vertex -53.6683 62.6673 0
      vertex -54 62.7 0
      vertex -113 75 0
    endloop
  endfacet
  facet normal 0 0 -1
    outer loop
      vertex -54 62.7 0
      vertex -62.1 63.1 0
      vertex -113 75 0
    endloop
  endfacet
  facet normal 0 0 -1
    outer loop
      vertex 52.5865 61.9445 0
      vertex -52.7979 62.2021 0
      vertex 52.7979 62.2021 0
    endloop
  endfacet
  facet normal 0 0 -1
    outer loop
      vertex 52.5865 61.9445 0
      vertex -52.5865 61.9445 0
      vertex -52.7979 62.2021 0
    endloop
  endfacet
  facet normal 0 0 -1
    outer loop
      vertex -52.7979 59.7979 0
      vertex -49.0555 31.4135 0
      vertex -49.3494 31.5706 0
    endloop
  endfacet
  facet normal 0 0 -1
    outer loop
      vertex 0 31.7 0
      vertex -52.5865 61.9445 0
      vertex 52.5865 61.9445 0
    endloop
  endfacet
  facet normal 0 0 -1
    outer loop
      vertex -48.5865 30.9445 0
      vertex -26.4135 30.9445 0
      vertex -26.5706 30.6506 0
    endloop
  endfacet
  facet normal 0 0 -1
    outer loop
      vertex -0.33165 31.6673 0
      vertex -52.4294 61.6506 0
      vertex 0 31.7 0
    endloop
  endfacet
  facet normal 0 0 -1
    outer loop
      vertex 48.3327 30.3316 0
      vertex 26.6673 30.3316 0
      vertex 26.5706 30.6506 0
    endloop
  endfacet
  facet normal 0 0 -1
    outer loop
      vertex -48.4294 30.6506 0
      vertex -26.6673 30.3316 0
      vertex -48.3327 30.3316 0
    endloop
  endfacet
  facet normal 0 0 -1
    outer loop
      vertex -52.4294 61.6506 0
      vertex -52.5865 61.9445 0
      vertex 0 31.7 0
    endloop
  endfacet
  facet normal -0 0 -1
    outer loop
      vertex 52.7979 59.7979 0
      vertex 25.9445 31.4135 0
      vertex 52.5865 60.0555 0
    endloop
  endfacet
  facet normal 0 0 -1
    outer loop
      vertex 0 28.3 0
      vertex 0.391083 16.9692 0
      vertex 0 17 0
    endloop
  endfacet
  facet normal -0 0 -1
    outer loop
      vertex 52.5865 60.0555 0
      vertex 25.6506 31.5706 0
      vertex 52.4294 60.3494 0
    endloop
  endfacet
  facet normal -0 0 -1
    outer loop
      vertex 44.2274 16.8776 0
      vertex 43.865 16.7275 0
      vertex 48.4294 29.3494 0
    endloop
  endfacet
  facet normal 0 0 -1
    outer loop
      vertex 26.5706 29.3494 0
      vertex 43.5305 16.5225 0
      vertex 43.2322 16.2678 0
    endloop
  endfacet
  facet normal 0 0 -1
    outer loop
      vertex -125 63 0
      vertex -110.944 58.5865 0
      vertex -106.202 21.2021 0
    endloop
  endfacet
  facet normal -0 -0 -1
    outer loop
      vertex -83.3849 59.5151 0
      vertex -83.1343 59.3011 0
      vertex -89.0555 59.5865 0
    endloop
  endfacet
  facet normal 0 0 -1
    outer loop
      vertex -91.6673 -61.3316 0
      vertex -108.333 -60.3316 0
      vertex -91.7 -61 0
    endloop
  endfacet
  facet normal 0 0 -1
    outer loop
      vertex -83.5989 62.2343 0
      vertex -83.7711 61.9534 0
      vertex -88.5865 61.9445 0
    endloop
  endfacet
  facet normal 0 0 -1
    outer loop
      vertex -91.4135 60.0555 0
      vertex -108.586 59.0555 0
      vertex -108.429 59.3494 0
    endloop
  endfacet
  facet normal -0 0 -1
    outer loop
      vertex -91.5706 60.3494 0
      vertex -108.333 59.6683 0
      vertex -91.6673 60.6683 0
    endloop
  endfacet
  facet normal 0 0 -1
    outer loop
      vertex -108.3 60 0
      vertex -108.333 60.3316 0
      vertex -91.7 61 0
    endloop
  endfacet
  facet normal 0 0 -1
    outer loop
      vertex -89.6683 62.6673 0
      vertex -82.5489 62.9972 0
      vertex -89.3494 62.5706 0
    endloop
  endfacet
  facet normal 0 0 -1
    outer loop
      vertex -108.429 60.6506 0
      vertex -91.5706 61.6506 0
      vertex -91.6673 61.3316 0
    endloop
  endfacet
  facet normal 0 0 -1
    outer loop
      vertex -108.798 61.2021 0
      vertex -91.4135 61.9445 0
      vertex -108.586 60.9445 0
    endloop
  endfacet
  facet normal -0 0 -1
    outer loop
      vertex -110.944 61.4135 0
      vertex -111.202 61.2021 0
      vertex -119.667 72.9776 0
    endloop
  endfacet
  facet normal 0 0 -1
    outer loop
      vertex -108.798 61.2021 0
      vertex -113 75 0
      vertex -91.2021 62.2021 0
    endloop
  endfacet
  facet normal 0 0 -1
    outer loop
      vertex -89.6683 62.6673 0
      vertex -82.2285 63.0741 0
      vertex -82.5489 62.9972 0
    endloop
  endfacet
  facet normal 0 0 -1
    outer loop
      vertex -108.798 61.2021 0
      vertex -109.056 61.4135 0
      vertex -113 75 0
    endloop
  endfacet
  facet normal 0 0 -1
    outer loop
      vertex -113 75 0
      vertex -109.056 61.4135 0
      vertex -109.349 61.5706 0
    endloop
  endfacet
  facet normal 0 0 -1
    outer loop
      vertex -89.6683 62.6673 0
      vertex -90 62.7 0
      vertex -82.2285 63.0741 0
    endloop
  endfacet
  facet normal -0 0 -1
    outer loop
      vertex -90.9445 62.4135 0
      vertex -91.2021 62.2021 0
      vertex -113 75 0
    endloop
  endfacet
  facet normal -0 0 -1
    outer loop
      vertex -90.6506 62.5706 0
      vertex -90.9445 62.4135 0
      vertex -113 75 0
    endloop
  endfacet
  facet normal -0 0 -1
    outer loop
      vertex -90.3316 62.6673 0
      vertex -90.6506 62.5706 0
      vertex -113 75 0
    endloop
  endfacet
  facet normal -0 0 -1
    outer loop
      vertex -82.2285 63.0741 0
      vertex -90 62.7 0
      vertex -113 75 0
    endloop
  endfacet
  facet normal -0 0 -1
    outer loop
      vertex -90 62.7 0
      vertex -90.3316 62.6673 0
      vertex -113 75 0
    endloop
  endfacet
  facet normal 0 0 -1
    outer loop
      vertex -83.1343 62.6989 0
      vertex -83.3849 62.4849 0
      vertex -89.0555 62.4135 0
    endloop
  endfacet
  facet normal 0 0 -1
    outer loop
      vertex -83.1343 62.6989 0
      vertex -89.0555 62.4135 0
      vertex -89.3494 62.5706 0
    endloop
  endfacet
  facet normal 0 0 -1
    outer loop
      vertex -83.7711 61.9534 0
      vertex -83.8972 61.6489 0
      vertex -88.4294 61.6506 0
    endloop
  endfacet
  facet normal 0 0 -1
    outer loop
      vertex -88.4294 61.6506 0
      vertex -83.8972 61.6489 0
      vertex -88.3327 61.3316 0
    endloop
  endfacet
  facet normal 0 0 -1
    outer loop
      vertex -88.3327 61.3316 0
      vertex -83.9741 61.3285 0
      vertex -88.3 61 0
    endloop
  endfacet
  facet normal 0 0 -1
    outer loop
      vertex -88.3 61 0
      vertex -83.9741 61.3285 0
      vertex -84 61 0
    endloop
  endfacet
  facet normal 0 0 -1
    outer loop
      vertex -88.3327 60.6683 0
      vertex -88.3 61 0
      vertex -83.9741 60.6715 0
    endloop
  endfacet
  facet normal 0 0 -1
    outer loop
      vertex -83.8972 60.3511 0
      vertex -88.3327 60.6683 0
      vertex -83.9741 60.6715 0
    endloop
  endfacet
  facet normal 0 0 -1
    outer loop
      vertex -83.7711 60.0466 0
      vertex -88.4294 60.3494 0
      vertex -83.8972 60.3511 0
    endloop
  endfacet
  facet normal 0 0 -1
    outer loop
      vertex -83.5989 59.7656 0
      vertex -88.5865 60.0555 0
      vertex -83.7711 60.0466 0
    endloop
  endfacet
  facet normal 0 0 -1
    outer loop
      vertex -83.5989 59.7656 0
      vertex -88.7979 59.7979 0
      vertex -88.5865 60.0555 0
    endloop
  endfacet
  facet normal 0 0 -1
    outer loop
      vertex -83.3849 59.5151 0
      vertex -89.0555 59.5865 0
      vertex -88.7979 59.7979 0
    endloop
  endfacet
  facet normal 0 0 -1
    outer loop
      vertex -83.1343 59.3011 0
      vertex -89.3494 59.4294 0
      vertex -89.0555 59.5865 0
    endloop
  endfacet
  facet normal -0 -0 -1
    outer loop
      vertex -83.1343 59.3011 0
      vertex -82.8534 59.1289 0
      vertex -89.3494 59.4294 0
    endloop
  endfacet
  facet normal 0 -0 -1
    outer loop
      vertex -89.3494 59.4294 0
      vertex -82.5489 59.0028 0
      vertex -89.6683 59.3327 0
    endloop
  endfacet
  facet normal 0 0 -1
    outer loop
      vertex -109.668 58.3327 0
      vertex -105 21.7 0
      vertex -105.332 21.6673 0
    endloop
  endfacet
  facet normal 0 0 -1
    outer loop
      vertex 45.3911 16.9692 0
      vertex 45 17 0
      vertex 49.0555 28.5865 0
    endloop
  endfacet
  facet normal 0 -0 -1
    outer loop
      vertex 111.202 58.7979 0
      vertex 125 63 0
      vertex 110.944 58.5865 0
    endloop
  endfacet
  facet normal 0 0 -1
    outer loop
      vertex 90.6506 59.4294 0
      vertex 90.9445 59.5865 0
      vertex 109.056 58.5865 0
    endloop
  endfacet
  facet normal -0 0 -1
    outer loop
      vertex 124.087 67.5922 0
      vertex 111.413 60.9445 0
      vertex 123.583 68.6568 0
    endloop
  endfacet
  facet normal 0 0 -1
    outer loop
      vertex 108.429 59.3494 0
      vertex 91.5706 60.3494 0
      vertex 108.333 59.6683 0
    endloop
  endfacet
  facet normal 0 0 -1
    outer loop
      vertex 108.333 59.6683 0
      vertex 91.5706 60.3494 0
      vertex 91.6673 60.6683 0
    endloop
  endfacet
  facet normal -0 -0 -1
    outer loop
      vertex 108.3 60 0
      vertex 108.333 59.6683 0
      vertex 91.6673 60.6683 0
    endloop
  endfacet
  facet normal 0 -0 -1
    outer loop
      vertex 91.7 61 0
      vertex 108.3 60 0
      vertex 91.6673 60.6683 0
    endloop
  endfacet
  facet normal 0 0 -1
    outer loop
      vertex 91.7 61 0
      vertex 108.333 60.3316 0
      vertex 108.3 60 0
    endloop
  endfacet
  facet normal 0 0 -1
    outer loop
      vertex 91.7 61 0
      vertex 91.6673 61.3316 0
      vertex 108.333 60.3316 0
    endloop
  endfacet
  facet normal 0 0 -1
    outer loop
      vertex 91.6673 61.3316 0
      vertex 91.5706 61.6506 0
      vertex 108.429 60.6506 0
    endloop
  endfacet
  facet normal 0 0 -1
    outer loop
      vertex 108.429 60.6506 0
      vertex 91.5706 61.6506 0
      vertex 108.586 60.9445 0
    endloop
  endfacet
  facet normal 0 0 -1
    outer loop
      vertex 108.586 60.9445 0
      vertex 91.5706 61.6506 0
      vertex 91.4135 61.9445 0
    endloop
  endfacet
  facet normal 0 0 -1
    outer loop
      vertex 113 75 0
      vertex 109.349 61.5706 0
      vertex 109.056 61.4135 0
    endloop
  endfacet
  facet normal 0 0 -1
    outer loop
      vertex 113 75 0
      vertex 109.056 61.4135 0
      vertex 108.798 61.2021 0
    endloop
  endfacet
  facet normal 0 0 -1
    outer loop
      vertex 113 75 0
      vertex 110.651 61.5706 0
      vertex 110.332 61.6673 0
    endloop
  endfacet
  facet normal 0 0 -1
    outer loop
      vertex 113 75 0
      vertex 110.332 61.6673 0
      vertex 110 61.7 0
    endloop
  endfacet
  facet normal 0 -0 -1
    outer loop
      vertex 114.176 74.9422 0
      vertex 115.341 74.7694 0
      vertex 110.651 61.5706 0
    endloop
  endfacet
  facet normal 0 -0 -1
    outer loop
      vertex 118.657 73.5831 0
      vertex 119.667 72.9776 0
      vertex 110.944 61.4135 0
    endloop
  endfacet
  facet normal -0 0 -1
    outer loop
      vertex 118.657 73.5831 0
      vertex 110.944 61.4135 0
      vertex 117.592 74.0865 0
    endloop
  endfacet
  facet normal -0 0 -1
    outer loop
      vertex 122.276 70.6127 0
      vertex 111.202 61.2021 0
      vertex 121.485 71.4853 0
    endloop
  endfacet
  facet normal 0 0 -1
    outer loop
      vertex 111.202 61.2021 0
      vertex 122.978 69.6668 0
      vertex 111.413 60.9445 0
    endloop
  endfacet
  facet normal 0 -0 -1
    outer loop
      vertex 124.087 67.5922 0
      vertex 124.483 66.4834 0
      vertex 111.413 60.9445 0
    endloop
  endfacet
  facet normal 0 0 -1
    outer loop
      vertex 111.413 60.9445 0
      vertex 124.483 66.4834 0
      vertex 124.769 65.3411 0
    endloop
  endfacet
  facet normal 0 0 -1
    outer loop
      vertex 111.571 60.6506 0
      vertex 111.413 60.9445 0
      vertex 124.769 65.3411 0
    endloop
  endfacet
  facet normal -0 0 -1
    outer loop
      vertex 124.942 64.1762 0
      vertex 111.571 60.6506 0
      vertex 124.769 65.3411 0
    endloop
  endfacet
  facet normal 0 -0 -1
    outer loop
      vertex 124.942 64.1762 0
      vertex 125 63 0
      vertex 111.571 60.6506 0
    endloop
  endfacet
  facet normal 0 0 -1
    outer loop
      vertex 111.571 60.6506 0
      vertex 125 63 0
      vertex 111.667 60.3316 0
    endloop
  endfacet
  facet normal 0 0 -1
    outer loop
      vertex 111.667 60.3316 0
      vertex 125 63 0
      vertex 111.7 60 0
    endloop
  endfacet
  facet normal 0 -0 -1
    outer loop
      vertex 111.7 60 0
      vertex 125 63 0
      vertex 111.667 59.6683 0
    endloop
  endfacet
  facet normal 0 -0 -1
    outer loop
      vertex 111.667 59.6683 0
      vertex 125 63 0
      vertex 111.571 59.3494 0
    endloop
  endfacet
  facet normal 0 -0 -1
    outer loop
      vertex 111.571 59.3494 0
      vertex 125 63 0
      vertex 111.413 59.0555 0
    endloop
  endfacet
  facet normal 0 -0 -1
    outer loop
      vertex 111.413 59.0555 0
      vertex 125 63 0
      vertex 111.202 58.7979 0
    endloop
  endfacet
  facet normal 0 0 -1
    outer loop
      vertex 104.668 21.6673 0
      vertex 90.6506 59.4294 0
      vertex 109.056 58.5865 0
    endloop
  endfacet
  facet normal 0 0 -1
    outer loop
      vertex 109.349 58.4294 0
      vertex 105 21.7 0
      vertex 104.668 21.6673 0
    endloop
  endfacet
  facet normal 0 0 -1
    outer loop
      vertex 90.6506 59.4294 0
      vertex 104.668 21.6673 0
      vertex 104.349 21.5706 0
    endloop
  endfacet
  facet normal 0 0 -1
    outer loop
      vertex 90.3316 59.3327 0
      vertex 90.6506 59.4294 0
      vertex 104.349 21.5706 0
    endloop
  endfacet
  facet normal -0 -0 -1
    outer loop
      vertex -110.651 58.4294 0
      vertex -106.202 21.2021 0
      vertex -110.944 58.5865 0
    endloop
  endfacet
  facet normal 0 -0 -1
    outer loop
      vertex -91.2021 59.7979 0
      vertex -90.9445 59.5865 0
      vertex -108.798 58.7979 0
    endloop
  endfacet
  facet normal 0 0 -1
    outer loop
      vertex -106.571 20.6506 0
      vertex -125 63 0
      vertex -106.413 20.9445 0
    endloop
  endfacet
  facet normal 0 0 -1
    outer loop
      vertex -91.2021 62.2021 0
      vertex -91.4135 61.9445 0
      vertex -108.798 61.2021 0
    endloop
  endfacet
  facet normal -0 0 -1
    outer loop
      vertex -106.667 20.3316 0
      vertex -106.7 20 0
      vertex -125 63 0
    endloop
  endfacet
  facet normal 0 0 -1
    outer loop
      vertex -125 63 0
      vertex -111.571 59.3494 0
      vertex -111.413 59.0555 0
    endloop
  endfacet
  facet normal 0 0 -1
    outer loop
      vertex -125 63 0
      vertex -111.413 59.0555 0
      vertex -111.202 58.7979 0
    endloop
  endfacet
  facet normal 0 0 -1
    outer loop
      vertex -125 63 0
      vertex -111.571 60.6506 0
      vertex -111.667 60.3316 0
    endloop
  endfacet
  facet normal 0 0 -1
    outer loop
      vertex -125 63 0
      vertex -111.667 60.3316 0
      vertex -111.7 60 0
    endloop
  endfacet
  facet normal 0 0 -1
    outer loop
      vertex -124.942 64.1762 0
      vertex -124.769 65.3411 0
      vertex -111.571 60.6506 0
    endloop
  endfacet
  facet normal 0 0 -1
    outer loop
      vertex -123.583 68.6568 0
      vertex -122.978 69.6668 0
      vertex -111.413 60.9445 0
    endloop
  endfacet
  facet normal 0 -0 -1
    outer loop
      vertex -123.583 68.6568 0
      vertex -111.413 60.9445 0
      vertex -124.087 67.5922 0
    endloop
  endfacet
  facet normal 0 -0 -1
    outer loop
      vertex -120.613 72.2761 0
      vertex -111.202 61.2021 0
      vertex -121.485 71.4853 0
    endloop
  endfacet
  facet normal 0 -0 -1
    outer loop
      vertex -118.657 73.5831 0
      vertex -110.944 61.4135 0
      vertex -119.667 72.9776 0
    endloop
  endfacet
  facet normal 0 0 -1
    outer loop
      vertex -118.657 73.5831 0
      vertex -117.592 74.0865 0
      vertex -110.944 61.4135 0
    endloop
  endfacet
  facet normal 0 0 -1
    outer loop
      vertex -110.944 61.4135 0
      vertex -117.592 74.0865 0
      vertex -116.483 74.4833 0
    endloop
  endfacet
  facet normal 0 -0 -1
    outer loop
      vertex -115.341 74.7694 0
      vertex -110.944 61.4135 0
      vertex -116.483 74.4833 0
    endloop
  endfacet
  facet normal 0 0 -1
    outer loop
      vertex -115.341 74.7694 0
      vertex -110.651 61.5706 0
      vertex -110.944 61.4135 0
    endloop
  endfacet
  facet normal 0 0 -1
    outer loop
      vertex -115.341 74.7694 0
      vertex -114.176 74.9422 0
      vertex -110.651 61.5706 0
    endloop
  endfacet
  facet normal 0 0 -1
    outer loop
      vertex -110.651 61.5706 0
      vertex -114.176 74.9422 0
      vertex -113 75 0
    endloop
  endfacet
  facet normal 0 0 -1
    outer loop
      vertex -109.668 61.6673 0
      vertex -113 75 0
      vertex -109.349 61.5706 0
    endloop
  endfacet
  facet normal -0 0 -1
    outer loop
      vertex -110.332 61.6673 0
      vertex -110.651 61.5706 0
      vertex -113 75 0
    endloop
  endfacet
  facet normal 0 0 -1
    outer loop
      vertex -109.668 61.6673 0
      vertex -110 61.7 0
      vertex -113 75 0
    endloop
  endfacet
  facet normal -0 0 -1
    outer loop
      vertex -110 61.7 0
      vertex -110.332 61.6673 0
      vertex -113 75 0
    endloop
  endfacet
  facet normal 0 0 -1
    outer loop
      vertex -91.4135 61.9445 0
      vertex -91.5706 61.6506 0
      vertex -108.586 60.9445 0
    endloop
  endfacet
  facet normal 0 0 -1
    outer loop
      vertex -108.586 60.9445 0
      vertex -91.5706 61.6506 0
      vertex -108.429 60.6506 0
    endloop
  endfacet
  facet normal 0 0 -1
    outer loop
      vertex -108.429 60.6506 0
      vertex -91.6673 61.3316 0
      vertex -108.333 60.3316 0
    endloop
  endfacet
  facet normal 0 0 -1
    outer loop
      vertex -108.333 60.3316 0
      vertex -91.6673 61.3316 0
      vertex -91.7 61 0
    endloop
  endfacet
  facet normal 0 0 -1
    outer loop
      vertex -108.3 60 0
      vertex -91.7 61 0
      vertex -91.6673 60.6683 0
    endloop
  endfacet
  facet normal 0 0 -1
    outer loop
      vertex -108.333 59.6683 0
      vertex -108.3 60 0
      vertex -91.6673 60.6683 0
    endloop
  endfacet
  facet normal 0 0 -1
    outer loop
      vertex -108.429 59.3494 0
      vertex -108.333 59.6683 0
      vertex -91.5706 60.3494 0
    endloop
  endfacet
  facet normal -0 0 -1
    outer loop
      vertex -91.4135 60.0555 0
      vertex -108.429 59.3494 0
      vertex -91.5706 60.3494 0
    endloop
  endfacet
  facet normal -0 0 -1
    outer loop
      vertex -91.2021 59.7979 0
      vertex -108.586 59.0555 0
      vertex -91.4135 60.0555 0
    endloop
  endfacet
  facet normal 0 0 -1
    outer loop
      vertex -91.2021 59.7979 0
      vertex -108.798 58.7979 0
      vertex -108.586 59.0555 0
    endloop
  endfacet
  facet normal 0 0 -1
    outer loop
      vertex -90.9445 59.5865 0
      vertex -109.056 58.5865 0
      vertex -108.798 58.7979 0
    endloop
  endfacet
  facet normal 0 -0 -1
    outer loop
      vertex -90.9445 59.5865 0
      vertex -90.6506 59.4294 0
      vertex -109.056 58.5865 0
    endloop
  endfacet
  facet normal -0 0 -1
    outer loop
      vertex -105.944 -18.5865 0
      vertex -106.202 -18.7979 0
      vertex -106.202 18.7979 0
    endloop
  endfacet
  facet normal 0 0 -1
    outer loop
      vertex -103.586 19.0555 0
      vertex -103.429 19.3494 0
      vertex -47.5 14.5 0
    endloop
  endfacet
  facet normal -0 0 -1
    outer loop
      vertex 103.429 -19.3494 0
      vertex 103.333 -19.6683 0
      vertex 47.5 -14.5 0
    endloop
  endfacet
  facet normal 0 0 -1
    outer loop
      vertex 24.6683 31.6673 0
      vertex 52.3327 61.3316 0
      vertex 52.3 61 0
    endloop
  endfacet
  facet normal 0 0 -1
    outer loop
      vertex 50 31.7 0
      vertex 53.3494 59.4294 0
      vertex 53.6683 59.3327 0
    endloop
  endfacet
  facet normal 0 0 -1
    outer loop
      vertex 25.6506 28.4294 0
      vertex 25.9445 28.5865 0
      vertex 42.6223 15.2725 0
    endloop
  endfacet
  facet normal -0 0 -1
    outer loop
      vertex 23.3 30 0
      vertex 1.66733 29.6683 0
      vertex 1.7 30 0
    endloop
  endfacet
  facet normal 0 0 -1
    outer loop
      vertex 48.4294 30.6506 0
      vertex 26.4135 30.9445 0
      vertex 48.5865 30.9445 0
    endloop
  endfacet
  facet normal 0 0 -1
    outer loop
      vertex -104.056 21.4135 0
      vertex -90 59.3 0
      vertex -103.798 21.2021 0
    endloop
  endfacet
  facet normal 0 0 -1
    outer loop
      vertex 48.7979 31.2021 0
      vertex 26.2021 31.2021 0
      vertex 25.9445 31.4135 0
    endloop
  endfacet
  facet normal 0 0 -1
    outer loop
      vertex 1.57059 30.6506 0
      vertex 23.3327 30.3316 0
      vertex 1.66733 30.3316 0
    endloop
  endfacet
  facet normal 0 0 -1
    outer loop
      vertex 25.9445 31.4135 0
      vertex 49.0555 31.4135 0
      vertex 48.7979 31.2021 0
    endloop
  endfacet
  facet normal 0 0 -1
    outer loop
      vertex 49.0555 31.4135 0
      vertex 25.9445 31.4135 0
      vertex 52.7979 59.7979 0
    endloop
  endfacet
  facet normal 0 0 -1
    outer loop
      vertex -23.3327 30.3316 0
      vertex -23.4294 30.6506 0
      vertex -1.66733 30.3316 0
    endloop
  endfacet
  facet normal 0 0 -1
    outer loop
      vertex 53.0555 59.5865 0
      vertex 49.6683 31.6673 0
      vertex 49.3494 31.5706 0
    endloop
  endfacet
  facet normal 0 0 -1
    outer loop
      vertex 50.3316 31.6673 0
      vertex 50 31.7 0
      vertex 53.6683 59.3327 0
    endloop
  endfacet
  facet normal -0 0 -1
    outer loop
      vertex 54 59.3 0
      vertex 50.3316 31.6673 0
      vertex 53.6683 59.3327 0
    endloop
  endfacet
  facet normal 0 0 -1
    outer loop
      vertex 54.3316 59.3327 0
      vertex 50.6506 31.5706 0
      vertex 54 59.3 0
    endloop
  endfacet
  facet normal 0 -0 -1
    outer loop
      vertex 54.3316 59.3327 0
      vertex 61.451 59.0028 0
      vertex 50.6506 31.5706 0
    endloop
  endfacet
  facet normal 0 0 -1
    outer loop
      vertex 50.6506 31.5706 0
      vertex 61.451 59.0028 0
      vertex 50.9445 31.4135 0
    endloop
  endfacet
  facet normal 0 0 -1
    outer loop
      vertex 50.9445 31.4135 0
      vertex 61.451 59.0028 0
      vertex 61.7715 58.9258 0
    endloop
  endfacet
  facet normal -0 0 -1
    outer loop
      vertex 62.1 58.9 0
      vertex 50.9445 31.4135 0
      vertex 61.7715 58.9258 0
    endloop
  endfacet
  facet normal 0 0 -1
    outer loop
      vertex 51.4135 30.9445 0
      vertex 51.2021 31.2021 0
      vertex 62.1 58.9 0
    endloop
  endfacet
  facet normal 0 0 -1
    outer loop
      vertex 51.5706 30.6506 0
      vertex 62.1 58.9 0
      vertex 81.9 58.9 0
    endloop
  endfacet
  facet normal 0 0 -1
    outer loop
      vertex 51.6673 30.3316 0
      vertex 81.9 58.9 0
      vertex 51.7 30 0
    endloop
  endfacet
  facet normal -0 0 -1
    outer loop
      vertex 103.429 20.6506 0
      vertex 103.333 20.3316 0
      vertex 51.7 30 0
    endloop
  endfacet
  facet normal 0 -0 -1
    outer loop
      vertex 81.9 58.9 0
      vertex 103.429 20.6506 0
      vertex 51.7 30 0
    endloop
  endfacet
  facet normal 0 -0 -1
    outer loop
      vertex 48.7979 28.7979 0
      vertex 49.0555 28.5865 0
      vertex 45 17 0
    endloop
  endfacet
  facet normal 0 0 -1
    outer loop
      vertex 90 59.3 0
      vertex 90.3316 59.3327 0
      vertex 104.056 21.4135 0
    endloop
  endfacet
  facet normal 0 0 -1
    outer loop
      vertex 125 63 0
      vertex 106.7 20 0
      vertex 106.667 20.3316 0
    endloop
  endfacet
  facet normal 0 0 -1
    outer loop
      vertex 47.5 -14.5 0
      vertex 103.586 -19.0555 0
      vertex 103.429 -19.3494 0
    endloop
  endfacet
  facet normal 0 0 -1
    outer loop
      vertex 103.586 19.0555 0
      vertex 103.798 18.7979 0
      vertex 103.798 -18.7979 0
    endloop
  endfacet
  facet normal -0 0 -1
    outer loop
      vertex 49.0555 -28.5865 0
      vertex 48.7979 -28.7979 0
      vertex 45 -17 0
    endloop
  endfacet
  facet normal 0 0 -1
    outer loop
      vertex 48.5865 29.0555 0
      vertex 44.6089 16.9692 0
      vertex 44.2274 16.8776 0
    endloop
  endfacet
  facet normal 0 -0 -1
    outer loop
      vertex 48.3327 29.6683 0
      vertex 48.4294 29.3494 0
      vertex 26.5706 29.3494 0
    endloop
  endfacet
  facet normal -0 0 -1
    outer loop
      vertex -26.7 -30 0
      vertex -48.3327 -30.3316 0
      vertex -48.3 -30 0
    endloop
  endfacet
  facet normal 0 0 -1
    outer loop
      vertex -48.5865 -29.0555 0
      vertex -44.2274 -16.8776 0
      vertex -48.4294 -29.3494 0
    endloop
  endfacet
  facet normal 0 0 -1
    outer loop
      vertex 0.772537 16.8776 0
      vertex 0.33165 28.3327 0
      vertex 0.650558 28.4294 0
    endloop
  endfacet
  facet normal 0 0 -1
    outer loop
      vertex -1.57059 30.6506 0
      vertex -23.5865 30.9445 0
      vertex -1.4135 30.9445 0
    endloop
  endfacet
  facet normal -0 0 -1
    outer loop
      vertex 24.0555 31.4135 0
      vertex 23.7979 31.2021 0
      vertex 0.944458 31.4135 0
    endloop
  endfacet
  facet normal 0 0 -1
    outer loop
      vertex -104.349 21.5706 0
      vertex -104.668 21.6673 0
      vertex -90.6506 59.4294 0
    endloop
  endfacet
  facet normal 0 0 -1
    outer loop
      vertex 0.944458 31.4135 0
      vertex 0.650558 31.5706 0
      vertex 24.0555 31.4135 0
    endloop
  endfacet
  facet normal 0 0 -1
    outer loop
      vertex -1.20207 31.2021 0
      vertex -23.7979 31.2021 0
      vertex -24.0555 31.4135 0
    endloop
  endfacet
  facet normal -0 0 -1
    outer loop
      vertex 24.3494 31.5706 0
      vertex 24.0555 31.4135 0
      vertex 0.650558 31.5706 0
    endloop
  endfacet
  facet normal 0 0 -1
    outer loop
      vertex -26.2021 31.2021 0
      vertex -48.7979 31.2021 0
      vertex -49.0555 31.4135 0
    endloop
  endfacet
  facet normal 0 0 -1
    outer loop
      vertex 0.650558 31.5706 0
      vertex 52.3327 61.3316 0
      vertex 24.3494 31.5706 0
    endloop
  endfacet
  facet normal 0 0 -1
    outer loop
      vertex -24.0555 31.4135 0
      vertex -0.944458 31.4135 0
      vertex -1.20207 31.2021 0
    endloop
  endfacet
  facet normal 0 0 -1
    outer loop
      vertex -62.1 58.9 0
      vertex -51.2021 31.2021 0
      vertex -51.4135 30.9445 0
    endloop
  endfacet
  facet normal 0 0 -1
    outer loop
      vertex 52.3327 61.3316 0
      vertex 0.650558 31.5706 0
      vertex 0.33165 31.6673 0
    endloop
  endfacet
  facet normal 0 0 -1
    outer loop
      vertex 25 31.7 0
      vertex 52.3 61 0
      vertex 52.3327 60.6683 0
    endloop
  endfacet
  facet normal 0 0 -1
    outer loop
      vertex 25.3316 31.6673 0
      vertex 25 31.7 0
      vertex 52.3327 60.6683 0
    endloop
  endfacet
  facet normal -0 0 -1
    outer loop
      vertex 52.4294 60.3494 0
      vertex 25.3316 31.6673 0
      vertex 52.3327 60.6683 0
    endloop
  endfacet
  facet normal 0 0 -1
    outer loop
      vertex 52.4294 60.3494 0
      vertex 25.6506 31.5706 0
      vertex 25.3316 31.6673 0
    endloop
  endfacet
  facet normal 0 0 -1
    outer loop
      vertex 26.2021 31.2021 0
      vertex 48.7979 31.2021 0
      vertex 48.5865 30.9445 0
    endloop
  endfacet
  facet normal 0 0 -1
    outer loop
      vertex 26.4135 30.9445 0
      vertex 26.2021 31.2021 0
      vertex 48.5865 30.9445 0
    endloop
  endfacet
  facet normal 0 0 -1
    outer loop
      vertex 26.5706 30.6506 0
      vertex 26.4135 30.9445 0
      vertex 48.4294 30.6506 0
    endloop
  endfacet
  facet normal 0 0 -1
    outer loop
      vertex 48.3327 30.3316 0
      vertex 26.5706 30.6506 0
      vertex 48.4294 30.6506 0
    endloop
  endfacet
  facet normal 0 0 -1
    outer loop
      vertex 48.3 30 0
      vertex 26.6673 30.3316 0
      vertex 48.3327 30.3316 0
    endloop
  endfacet
  facet normal 0 0 -1
    outer loop
      vertex 48.3 30 0
      vertex 26.7 30 0
      vertex 26.6673 30.3316 0
    endloop
  endfacet
  facet normal 0 0 -1
    outer loop
      vertex 48.3327 29.6683 0
      vertex 26.6673 29.6683 0
      vertex 48.3 30 0
    endloop
  endfacet
  facet normal -0 0 -1
    outer loop
      vertex 48.3327 29.6683 0
      vertex 26.5706 29.3494 0
      vertex 26.6673 29.6683 0
    endloop
  endfacet
  facet normal -0 0 -1
    outer loop
      vertex 42.7725 15.635 0
      vertex 42.6223 15.2725 0
      vertex 25.9445 28.5865 0
    endloop
  endfacet
  facet normal 0 0 -1
    outer loop
      vertex 42.5308 14.8911 0
      vertex 25.6506 28.4294 0
      vertex 42.6223 15.2725 0
    endloop
  endfacet
  facet normal -0 -0 -1
    outer loop
      vertex 25 28.3 0
      vertex 42.5 14.5 0
      vertex 24.6683 28.3327 0
    endloop
  endfacet
  facet normal 0 0 -1
    outer loop
      vertex 26.5706 29.3494 0
      vertex 48.4294 29.3494 0
      vertex 43.5305 16.5225 0
    endloop
  endfacet
  facet normal 0 0 -1
    outer loop
      vertex 1.13496 16.7275 0
      vertex 0.944458 28.5865 0
      vertex 1.46945 16.5225 0
    endloop
  endfacet
  facet normal 0 0 -1
    outer loop
      vertex 48.4294 29.3494 0
      vertex 43.865 16.7275 0
      vertex 43.5305 16.5225 0
    endloop
  endfacet
  facet normal 0 0 -1
    outer loop
      vertex -2.02254 15.9695 0
      vertex -23.5865 29.0555 0
      vertex -1.4135 29.0555 0
    endloop
  endfacet
  facet normal 0 0 -1
    outer loop
      vertex 23.4294 29.3494 0
      vertex 1.57059 29.3494 0
      vertex 23.3327 29.6683 0
    endloop
  endfacet
  facet normal 0 0 -1
    outer loop
      vertex -26.5706 -29.3494 0
      vertex -48.4294 -29.3494 0
      vertex -43.5305 -16.5225 0
    endloop
  endfacet
  facet normal -0 0 -1
    outer loop
      vertex 23.7979 31.2021 0
      vertex 23.5865 30.9445 0
      vertex 1.20207 31.2021 0
    endloop
  endfacet
  facet normal 0 0 -1
    outer loop
      vertex -42.5 14.5 0
      vertex -25 28.3 0
      vertex -24.6683 28.3327 0
    endloop
  endfacet
  facet normal 0 -0 -1
    outer loop
      vertex -1.66733 29.6683 0
      vertex -1.57059 29.3494 0
      vertex -23.4294 29.3494 0
    endloop
  endfacet
  facet normal 0 0 -1
    outer loop
      vertex -24.3494 31.5706 0
      vertex -0.944458 31.4135 0
      vertex -24.0555 31.4135 0
    endloop
  endfacet
  facet normal 0 0 -1
    outer loop
      vertex -26.2021 31.2021 0
      vertex -49.0555 31.4135 0
      vertex -25.9445 31.4135 0
    endloop
  endfacet
  facet normal 0 0 -1
    outer loop
      vertex -0.944458 31.4135 0
      vertex -24.3494 31.5706 0
      vertex -0.650558 31.5706 0
    endloop
  endfacet
  facet normal 0 0 -1
    outer loop
      vertex -51.2021 31.2021 0
      vertex -62.1 58.9 0
      vertex -50.9445 31.4135 0
    endloop
  endfacet
  facet normal 0 0 -1
    outer loop
      vertex -52.3327 61.3316 0
      vertex -0.650558 31.5706 0
      vertex -24.3494 31.5706 0
    endloop
  endfacet
  facet normal 0 0 -1
    outer loop
      vertex -24.3494 31.5706 0
      vertex -24.6683 31.6673 0
      vertex -52.3327 61.3316 0
    endloop
  endfacet
  facet normal 0 0 -1
    outer loop
      vertex -49.3494 31.5706 0
      vertex -49.6683 31.6673 0
      vertex -53.0555 59.5865 0
    endloop
  endfacet
  facet normal -0 0 -1
    outer loop
      vertex -0.33165 31.6673 0
      vertex -0.650558 31.5706 0
      vertex -52.3327 61.3316 0
    endloop
  endfacet
  facet normal 0 0 -1
    outer loop
      vertex -52.4294 61.6506 0
      vertex -0.33165 31.6673 0
      vertex -52.3327 61.3316 0
    endloop
  endfacet
  facet normal -0 0 -1
    outer loop
      vertex 52.4294 61.6506 0
      vertex 0 31.7 0
      vertex 52.5865 61.9445 0
    endloop
  endfacet
  facet normal 0 0 -1
    outer loop
      vertex 52.4294 61.6506 0
      vertex 0.33165 31.6673 0
      vertex 0 31.7 0
    endloop
  endfacet
  facet normal 0 0 -1
    outer loop
      vertex 52.4294 61.6506 0
      vertex 52.3327 61.3316 0
      vertex 0.33165 31.6673 0
    endloop
  endfacet
  facet normal 0 0 -1
    outer loop
      vertex 1.20207 31.2021 0
      vertex 23.5865 30.9445 0
      vertex 1.4135 30.9445 0
    endloop
  endfacet
  facet normal 0 0 -1
    outer loop
      vertex 1.4135 30.9445 0
      vertex 23.4294 30.6506 0
      vertex 1.57059 30.6506 0
    endloop
  endfacet
  facet normal 0 0 -1
    outer loop
      vertex 1.57059 30.6506 0
      vertex 23.4294 30.6506 0
      vertex 23.3327 30.3316 0
    endloop
  endfacet
  facet normal 0 0 -1
    outer loop
      vertex 1.66733 30.3316 0
      vertex 23.3327 30.3316 0
      vertex 23.3 30 0
    endloop
  endfacet
  facet normal 0 0 -1
    outer loop
      vertex 1.7 30 0
      vertex 1.66733 30.3316 0
      vertex 23.3 30 0
    endloop
  endfacet
  facet normal 0 0 -1
    outer loop
      vertex 1.66733 29.6683 0
      vertex 23.3 30 0
      vertex 23.3327 29.6683 0
    endloop
  endfacet
  facet normal 0 0 -1
    outer loop
      vertex 1.57059 29.3494 0
      vertex 1.66733 29.6683 0
      vertex 23.3327 29.6683 0
    endloop
  endfacet
  facet normal 0 0 -1
    outer loop
      vertex 1.4135 29.0555 0
      vertex 1.57059 29.3494 0
      vertex 23.4294 29.3494 0
    endloop
  endfacet
  facet normal 0 0 -1
    outer loop
      vertex 23.5865 29.0555 0
      vertex 1.4135 29.0555 0
      vertex 23.4294 29.3494 0
    endloop
  endfacet
  facet normal 0 -0 -1
    outer loop
      vertex 0.33165 28.3327 0
      vertex 0.391083 16.9692 0
      vertex 0 28.3 0
    endloop
  endfacet
  facet normal -0 0 -1
    outer loop
      vertex -0.772537 16.8776 0
      vertex -1.13496 16.7275 0
      vertex -0.650558 28.4294 0
    endloop
  endfacet
  facet normal -0 0 -1
    outer loop
      vertex -1.13496 16.7275 0
      vertex -1.46945 16.5225 0
      vertex -0.944458 28.5865 0
    endloop
  endfacet
  facet normal 0 0 -1
    outer loop
      vertex 0.650558 28.4294 0
      vertex 1.13496 16.7275 0
      vertex 0.772537 16.8776 0
    endloop
  endfacet
  facet normal 0 0 -1
    outer loop
      vertex -1.4135 29.0555 0
      vertex -1.76776 16.2678 0
      vertex -2.02254 15.9695 0
    endloop
  endfacet
  facet normal -0 0 -1
    outer loop
      vertex -1.7 30 0
      vertex -23.3327 29.6683 0
      vertex -23.3 30 0
    endloop
  endfacet
  facet normal 0 0 -1
    outer loop
      vertex -26.5706 29.3494 0
      vertex -48.4294 29.3494 0
      vertex -26.6673 29.6683 0
    endloop
  endfacet
  facet normal -0 0 -1
    outer loop
      vertex -46.4695 16.5225 0
      vertex -46.7678 16.2678 0
      vertex -50.3316 28.3327 0
    endloop
  endfacet
  facet normal 0 0 -1
    outer loop
      vertex -50.9445 28.5865 0
      vertex -47.2275 15.635 0
      vertex -47.3776 15.2725 0
    endloop
  endfacet
  facet normal 0 -0 -1
    outer loop
      vertex -109.668 58.3327 0
      vertex -105.332 21.6673 0
      vertex -110 58.3 0
    endloop
  endfacet
  facet normal 0 0 -1
    outer loop
      vertex -50.9445 31.4135 0
      vertex -62.1 58.9 0
      vertex -61.7715 58.9258 0
    endloop
  endfacet
  facet normal 0 0 -1
    outer loop
      vertex -52.7979 59.7979 0
      vertex -25.9445 31.4135 0
      vertex -49.0555 31.4135 0
    endloop
  endfacet
  facet normal 0 0 -1
    outer loop
      vertex -61.451 59.0028 0
      vertex -50.6506 31.5706 0
      vertex -50.9445 31.4135 0
    endloop
  endfacet
  facet normal 0 -0 -1
    outer loop
      vertex -52.5865 60.0555 0
      vertex -25.9445 31.4135 0
      vertex -52.7979 59.7979 0
    endloop
  endfacet
  facet normal 0 0 -1
    outer loop
      vertex -52.5865 60.0555 0
      vertex -25.6506 31.5706 0
      vertex -25.9445 31.4135 0
    endloop
  endfacet
  facet normal 0 0 -1
    outer loop
      vertex -52.5865 60.0555 0
      vertex -52.4294 60.3494 0
      vertex -25.6506 31.5706 0
    endloop
  endfacet
  facet normal 0 0 -1
    outer loop
      vertex -25.6506 31.5706 0
      vertex -52.4294 60.3494 0
      vertex -25.3316 31.6673 0
    endloop
  endfacet
  facet normal 0 0 -1
    outer loop
      vertex -25.3316 31.6673 0
      vertex -52.4294 60.3494 0
      vertex -52.3327 60.6683 0
    endloop
  endfacet
  facet normal -0 0 -1
    outer loop
      vertex -25 31.7 0
      vertex -25.3316 31.6673 0
      vertex -52.3327 60.6683 0
    endloop
  endfacet
  facet normal 0 -0 -1
    outer loop
      vertex -52.3 61 0
      vertex -25 31.7 0
      vertex -52.3327 60.6683 0
    endloop
  endfacet
  facet normal 0 0 -1
    outer loop
      vertex -52.3 61 0
      vertex -24.6683 31.6673 0
      vertex -25 31.7 0
    endloop
  endfacet
  facet normal 0 0 -1
    outer loop
      vertex -52.3 61 0
      vertex -52.3327 61.3316 0
      vertex -24.6683 31.6673 0
    endloop
  endfacet
  facet normal 0 0 -1
    outer loop
      vertex -23.7979 31.2021 0
      vertex -1.20207 31.2021 0
      vertex -1.4135 30.9445 0
    endloop
  endfacet
  facet normal 0 0 -1
    outer loop
      vertex -23.5865 30.9445 0
      vertex -23.7979 31.2021 0
      vertex -1.4135 30.9445 0
    endloop
  endfacet
  facet normal 0 0 -1
    outer loop
      vertex -23.4294 30.6506 0
      vertex -23.5865 30.9445 0
      vertex -1.57059 30.6506 0
    endloop
  endfacet
  facet normal 0 0 -1
    outer loop
      vertex -1.66733 30.3316 0
      vertex -23.4294 30.6506 0
      vertex -1.57059 30.6506 0
    endloop
  endfacet
  facet normal 0 0 -1
    outer loop
      vertex -1.7 30 0
      vertex -23.3327 30.3316 0
      vertex -1.66733 30.3316 0
    endloop
  endfacet
  facet normal 0 0 -1
    outer loop
      vertex -1.7 30 0
      vertex -23.3 30 0
      vertex -23.3327 30.3316 0
    endloop
  endfacet
  facet normal 0 0 -1
    outer loop
      vertex -1.66733 29.6683 0
      vertex -23.3327 29.6683 0
      vertex -1.7 30 0
    endloop
  endfacet
  facet normal -0 0 -1
    outer loop
      vertex -1.66733 29.6683 0
      vertex -23.4294 29.3494 0
      vertex -23.3327 29.6683 0
    endloop
  endfacet
  facet normal -0 0 -1
    outer loop
      vertex -1.57059 29.3494 0
      vertex -23.5865 29.0555 0
      vertex -23.4294 29.3494 0
    endloop
  endfacet
  facet normal 0 -0 -1
    outer loop
      vertex -1.57059 29.3494 0
      vertex -1.4135 29.0555 0
      vertex -23.5865 29.0555 0
    endloop
  endfacet
  facet normal 0 0 -1
    outer loop
      vertex -24.0555 28.5865 0
      vertex -23.7979 28.7979 0
      vertex -2.37764 15.2725 0
    endloop
  endfacet
  facet normal -0 0 -1
    outer loop
      vertex -2.46921 14.8911 0
      vertex -2.5 14.5 0
      vertex -24.0555 28.5865 0
    endloop
  endfacet
  facet normal 0 0 -1
    outer loop
      vertex -42.5 14.5 0
      vertex -2.5 -14.5 0
      vertex -42.5 -14.5 0
    endloop
  endfacet
  facet normal 0 0 -1
    outer loop
      vertex -2.22751 15.635 0
      vertex -23.5865 29.0555 0
      vertex -2.02254 15.9695 0
    endloop
  endfacet
  facet normal 0 0 -1
    outer loop
      vertex -43.5305 16.5225 0
      vertex -43.865 16.7275 0
      vertex -48.4294 29.3494 0
    endloop
  endfacet
  facet normal 0 0 -1
    outer loop
      vertex -26.6673 -29.6683 0
      vertex -48.3327 -29.6683 0
      vertex -48.4294 -29.3494 0
    endloop
  endfacet
  facet normal 0 0 -1
    outer loop
      vertex -51.2021 28.7979 0
      vertex -47.3776 15.2725 0
      vertex -47.4692 14.8911 0
    endloop
  endfacet
  facet normal 0 0 -1
    outer loop
      vertex -48.3327 29.6683 0
      vertex -48.3 30 0
      vertex -26.7 30 0
    endloop
  endfacet
  facet normal 0 0 -1
    outer loop
      vertex -103.333 19.6683 0
      vertex -103.3 20 0
      vertex -51.5706 29.3494 0
    endloop
  endfacet
  facet normal 0 -0 -1
    outer loop
      vertex -51.4135 29.0555 0
      vertex -47.5 14.5 0
      vertex -103.333 19.6683 0
    endloop
  endfacet
  facet normal -0 0 -1
    outer loop
      vertex -51.6673 29.6683 0
      vertex -103.333 20.3316 0
      vertex -51.7 30 0
    endloop
  endfacet
  facet normal 0 0 -1
    outer loop
      vertex -105.651 21.5706 0
      vertex -110 58.3 0
      vertex -105.332 21.6673 0
    endloop
  endfacet
  facet normal 0 0 -1
    outer loop
      vertex -109.349 58.4294 0
      vertex -109.056 58.5865 0
      vertex -104.668 21.6673 0
    endloop
  endfacet
  facet normal 0 0 -1
    outer loop
      vertex -81.9 58.9 0
      vertex -51.5706 30.6506 0
      vertex -51.6673 30.3316 0
    endloop
  endfacet
  facet normal 0 0 -1
    outer loop
      vertex -81.9 58.9 0
      vertex -62.1 58.9 0
      vertex -51.5706 30.6506 0
    endloop
  endfacet
  facet normal 0 -0 -1
    outer loop
      vertex -54.3316 59.3327 0
      vertex -50.6506 31.5706 0
      vertex -61.451 59.0028 0
    endloop
  endfacet
  facet normal 0 0 -1
    outer loop
      vertex -54.3316 59.3327 0
      vertex -54 59.3 0
      vertex -50.6506 31.5706 0
    endloop
  endfacet
  facet normal 0 0 -1
    outer loop
      vertex -50.6506 31.5706 0
      vertex -54 59.3 0
      vertex -50.3316 31.6673 0
    endloop
  endfacet
  facet normal 0 0 -1
    outer loop
      vertex -50.3316 31.6673 0
      vertex -54 59.3 0
      vertex -53.6683 59.3327 0
    endloop
  endfacet
  facet normal 0 0 -1
    outer loop
      vertex -53.0555 59.5865 0
      vertex -52.7979 59.7979 0
      vertex -49.3494 31.5706 0
    endloop
  endfacet
  facet normal -0 0 -1
    outer loop
      vertex -50 31.7 0
      vertex -50.3316 31.6673 0
      vertex -53.6683 59.3327 0
    endloop
  endfacet
  facet normal 0 0 -1
    outer loop
      vertex -53.6683 59.3327 0
      vertex -53.3494 59.4294 0
      vertex -50 31.7 0
    endloop
  endfacet
  facet normal 0 0 -1
    outer loop
      vertex -50 31.7 0
      vertex -53.3494 59.4294 0
      vertex -49.6683 31.6673 0
    endloop
  endfacet
  facet normal 0 0 -1
    outer loop
      vertex -49.6683 31.6673 0
      vertex -53.3494 59.4294 0
      vertex -53.0555 59.5865 0
    endloop
  endfacet
  facet normal 0 0 -1
    outer loop
      vertex -48.7979 31.2021 0
      vertex -26.2021 31.2021 0
      vertex -26.4135 30.9445 0
    endloop
  endfacet
  facet normal 0 0 -1
    outer loop
      vertex -48.5865 30.9445 0
      vertex -48.7979 31.2021 0
      vertex -26.4135 30.9445 0
    endloop
  endfacet
  facet normal 0 0 -1
    outer loop
      vertex -48.4294 30.6506 0
      vertex -48.5865 30.9445 0
      vertex -26.5706 30.6506 0
    endloop
  endfacet
  facet normal 0 0 -1
    outer loop
      vertex -26.6673 30.3316 0
      vertex -48.4294 30.6506 0
      vertex -26.5706 30.6506 0
    endloop
  endfacet
  facet normal 0 0 -1
    outer loop
      vertex -26.7 30 0
      vertex -48.3327 30.3316 0
      vertex -26.6673 30.3316 0
    endloop
  endfacet
  facet normal 0 0 -1
    outer loop
      vertex -26.7 30 0
      vertex -48.3 30 0
      vertex -48.3327 30.3316 0
    endloop
  endfacet
  facet normal 0 0 -1
    outer loop
      vertex -26.6673 29.6683 0
      vertex -48.3327 29.6683 0
      vertex -26.7 30 0
    endloop
  endfacet
  facet normal -0 0 -1
    outer loop
      vertex -26.6673 29.6683 0
      vertex -48.4294 29.3494 0
      vertex -48.3327 29.6683 0
    endloop
  endfacet
  facet normal 0 0 -1
    outer loop
      vertex -49.6683 28.3327 0
      vertex -45.7725 16.8776 0
      vertex -46.135 16.7275 0
    endloop
  endfacet
  facet normal 0 0 -1
    outer loop
      vertex -47.0225 15.9695 0
      vertex -50.3316 28.3327 0
      vertex -46.7678 16.2678 0
    endloop
  endfacet
  facet normal 0 0 -1
    outer loop
      vertex -47.2275 15.635 0
      vertex -50.6506 28.4294 0
      vertex -47.0225 15.9695 0
    endloop
  endfacet
  facet normal 0 0 -1
    outer loop
      vertex -44.2274 16.8776 0
      vertex -44.6089 16.9692 0
      vertex -48.5865 29.0555 0
    endloop
  endfacet
  facet normal -0 -0 -1
    outer loop
      vertex -50.9445 28.5865 0
      vertex -47.3776 15.2725 0
      vertex -51.2021 28.7979 0
    endloop
  endfacet
  facet normal 0 0 -1
    outer loop
      vertex -44.2274 16.8776 0
      vertex -48.5865 29.0555 0
      vertex -48.4294 29.3494 0
    endloop
  endfacet
  facet normal 0 0 -1
    outer loop
      vertex 104.056 21.4135 0
      vertex 90.3316 59.3327 0
      vertex 104.349 21.5706 0
    endloop
  endfacet
  facet normal 0 -0 -1
    outer loop
      vertex 103.333 19.6683 0
      vertex 103.429 19.3494 0
      vertex 47.5 14.5 0
    endloop
  endfacet
  facet normal 0 0 -1
    outer loop
      vertex 47.5 14.5 0
      vertex 103.586 19.0555 0
      vertex 103.586 -19.0555 0
    endloop
  endfacet
  facet normal 0 -0 -1
    outer loop
      vertex 49.0555 28.5865 0
      vertex 49.3494 28.4294 0
      vertex 45.3911 16.9692 0
    endloop
  endfacet
  facet normal 0 0 -1
    outer loop
      vertex 46.4695 16.5225 0
      vertex 50.3316 28.3327 0
      vertex 46.7678 16.2678 0
    endloop
  endfacet
  facet normal 0 0 -1
    outer loop
      vertex 47.2275 15.635 0
      vertex 47.0225 15.9695 0
      vertex 50.6506 28.4294 0
    endloop
  endfacet
  facet normal 0 0 -1
    outer loop
      vertex 51.5706 29.3494 0
      vertex 103.3 20 0
      vertex 103.333 19.6683 0
    endloop
  endfacet
  facet normal 0 -0 -1
    outer loop
      vertex 51.5706 29.3494 0
      vertex 103.333 19.6683 0
      vertex 51.4135 29.0555 0
    endloop
  endfacet
  facet normal 0 0 -1
    outer loop
      vertex 51.6673 29.6683 0
      vertex 103.333 20.3316 0
      vertex 103.3 20 0
    endloop
  endfacet
  facet normal 0 0 -1
    outer loop
      vertex 82.2285 58.9258 0
      vertex 103.798 21.2021 0
      vertex 103.586 20.9445 0
    endloop
  endfacet
  facet normal 0 0 -1
    outer loop
      vertex 82.2285 58.9258 0
      vertex 89.6683 59.3327 0
      vertex 103.798 21.2021 0
    endloop
  endfacet
  facet normal 0 0 -1
    outer loop
      vertex 103.798 21.2021 0
      vertex 89.6683 59.3327 0
      vertex 90 59.3 0
    endloop
  endfacet
  facet normal -0 0 -1
    outer loop
      vertex 109.349 58.4294 0
      vertex 104.668 21.6673 0
      vertex 109.056 58.5865 0
    endloop
  endfacet
  facet normal -0 0 -1
    outer loop
      vertex 109.668 58.3327 0
      vertex 105 21.7 0
      vertex 109.349 58.4294 0
    endloop
  endfacet
  facet normal 0 0 -1
    outer loop
      vertex 109.668 58.3327 0
      vertex 105.332 21.6673 0
      vertex 105 21.7 0
    endloop
  endfacet
  facet normal 0 -0 -1
    outer loop
      vertex 109.668 58.3327 0
      vertex 110 58.3 0
      vertex 105.332 21.6673 0
    endloop
  endfacet
  facet normal 0 0 -1
    outer loop
      vertex 105.332 21.6673 0
      vertex 110 58.3 0
      vertex 105.651 21.5706 0
    endloop
  endfacet
  facet normal 0 0 -1
    outer loop
      vertex 105.651 21.5706 0
      vertex 110 58.3 0
      vertex 110.332 58.3327 0
    endloop
  endfacet
  facet normal 0 0 -1
    outer loop
      vertex 105.944 21.4135 0
      vertex 105.651 21.5706 0
      vertex 110.332 58.3327 0
    endloop
  endfacet
  facet normal 0 0 -1
    outer loop
      vertex 110.651 58.4294 0
      vertex 105.944 21.4135 0
      vertex 110.332 58.3327 0
    endloop
  endfacet
  facet normal 0 0 -1
    outer loop
      vertex 110.651 58.4294 0
      vertex 106.202 21.2021 0
      vertex 105.944 21.4135 0
    endloop
  endfacet
  facet normal 0 0 -1
    outer loop
      vertex 106.202 21.2021 0
      vertex 110.651 58.4294 0
      vertex 110.944 58.5865 0
    endloop
  endfacet
  facet normal 0 0 -1
    outer loop
      vertex 125 63 0
      vertex 106.202 21.2021 0
      vertex 110.944 58.5865 0
    endloop
  endfacet
  facet normal 0 0 -1
    outer loop
      vertex 125 63 0
      vertex 106.413 20.9445 0
      vertex 106.202 21.2021 0
    endloop
  endfacet
  facet normal 0 0 -1
    outer loop
      vertex 125 63 0
      vertex 106.571 20.6506 0
      vertex 106.413 20.9445 0
    endloop
  endfacet
  facet normal 0 0 -1
    outer loop
      vertex 125 63 0
      vertex 106.667 20.3316 0
      vertex 106.571 20.6506 0
    endloop
  endfacet
  facet normal 0 -0 -1
    outer loop
      vertex 106.7 20 0
      vertex 125 63 0
      vertex 106.667 19.6683 0
    endloop
  endfacet
  facet normal 0 0 -1
    outer loop
      vertex 106.667 19.6683 0
      vertex 125 63 0
      vertex 125 -63 0
    endloop
  endfacet
  facet normal 0 -0 -1
    outer loop
      vertex 105.944 18.5865 0
      vertex 105.944 -18.5865 0
      vertex 105.651 18.4294 0
    endloop
  endfacet
  facet normal 0 0 -1
    outer loop
      vertex 105.651 -18.4294 0
      vertex 105.332 -18.3327 0
      vertex 105.332 18.3327 0
    endloop
  endfacet
  facet normal 0 0 -1
    outer loop
      vertex 105 -18.3 0
      vertex 104.668 18.3327 0
      vertex 105 18.3 0
    endloop
  endfacet
  facet normal 0 0 -1
    outer loop
      vertex 104.056 18.5865 0
      vertex 104.349 18.4294 0
      vertex 104.349 -18.4294 0
    endloop
  endfacet
  facet normal 0 0 -1
    outer loop
      vertex 104.056 -18.5865 0
      vertex 104.056 18.5865 0
      vertex 104.349 -18.4294 0
    endloop
  endfacet
  facet normal -0 0 -1
    outer loop
      vertex 104.056 -18.5865 0
      vertex 103.798 -18.7979 0
      vertex 103.798 18.7979 0
    endloop
  endfacet
  facet normal 0 0 -1
    outer loop
      vertex 104.056 -18.5865 0
      vertex 103.798 18.7979 0
      vertex 104.056 18.5865 0
    endloop
  endfacet
  facet normal 0 0 -1
    outer loop
      vertex -103.429 20.6506 0
      vertex -103.586 20.9445 0
      vertex -81.9 58.9 0
    endloop
  endfacet
  facet normal 0 0 -1
    outer loop
      vertex -106.413 20.9445 0
      vertex -125 63 0
      vertex -106.202 21.2021 0
    endloop
  endfacet
  facet normal 0 0 -1
    outer loop
      vertex -106.413 19.0555 0
      vertex -106.202 -18.7979 0
      vertex -106.413 -19.0555 0
    endloop
  endfacet
  facet normal 0 0 -1
    outer loop
      vertex -104.668 21.6673 0
      vertex -109.056 58.5865 0
      vertex -90.6506 59.4294 0
    endloop
  endfacet
  facet normal 0 0 -1
    outer loop
      vertex -106.571 19.3494 0
      vertex -106.413 19.0555 0
      vertex -106.413 -19.0555 0
    endloop
  endfacet
  facet normal 0 0 -1
    outer loop
      vertex -106.571 -19.3494 0
      vertex -106.571 19.3494 0
      vertex -106.413 -19.0555 0
    endloop
  endfacet
  facet normal 0 0 -1
    outer loop
      vertex -106.571 -19.3494 0
      vertex -106.667 19.6683 0
      vertex -106.571 19.3494 0
    endloop
  endfacet
  facet normal -0 0 -1
    outer loop
      vertex -106.571 -19.3494 0
      vertex -106.667 -19.6683 0
      vertex -106.667 19.6683 0
    endloop
  endfacet
  facet normal -0 -0 -1
    outer loop
      vertex -106.667 19.6683 0
      vertex -106.667 -19.6683 0
      vertex -125 63 0
    endloop
  endfacet
  facet normal 0 0 -1
    outer loop
      vertex -125 63 0
      vertex -106.667 -19.6683 0
      vertex -125 -63 0
    endloop
  endfacet
  facet normal 0 0 -1
    outer loop
      vertex -106.667 20.3316 0
      vertex -125 63 0
      vertex -106.571 20.6506 0
    endloop
  endfacet
  facet normal 0 0 -1
    outer loop
      vertex -110.651 58.4294 0
      vertex -110.332 58.3327 0
      vertex -105.944 21.4135 0
    endloop
  endfacet
  facet normal 0 0 -1
    outer loop
      vertex -105.651 21.5706 0
      vertex -110.332 58.3327 0
      vertex -110 58.3 0
    endloop
  endfacet
  facet normal 0 0 -1
    outer loop
      vertex -105.944 21.4135 0
      vertex -110.332 58.3327 0
      vertex -105.651 21.5706 0
    endloop
  endfacet
  facet normal 0 0 -1
    outer loop
      vertex -109.349 58.4294 0
      vertex -104.668 21.6673 0
      vertex -105 21.7 0
    endloop
  endfacet
  facet normal 0 -0 -1
    outer loop
      vertex -109.349 58.4294 0
      vertex -105 21.7 0
      vertex -109.668 58.3327 0
    endloop
  endfacet
  facet normal 0 0 -1
    outer loop
      vertex -89.6683 59.3327 0
      vertex -103.798 21.2021 0
      vertex -90 59.3 0
    endloop
  endfacet
  facet normal -0 0 -1
    outer loop
      vertex -90.3316 59.3327 0
      vertex -104.349 21.5706 0
      vertex -90.6506 59.4294 0
    endloop
  endfacet
  facet normal 0 0 -1
    outer loop
      vertex -90.3316 59.3327 0
      vertex -104.056 21.4135 0
      vertex -104.349 21.5706 0
    endloop
  endfacet
  facet normal 0 -0 -1
    outer loop
      vertex -90.3316 59.3327 0
      vertex -90 59.3 0
      vertex -104.056 21.4135 0
    endloop
  endfacet
  facet normal 0 0 -1
    outer loop
      vertex -82.2285 58.9258 0
      vertex -103.586 20.9445 0
      vertex -103.798 21.2021 0
    endloop
  endfacet
  facet normal 0 -0 -1
    outer loop
      vertex -82.2285 58.9258 0
      vertex -81.9 58.9 0
      vertex -103.586 20.9445 0
    endloop
  endfacet
  facet normal 0 -0 -1
    outer loop
      vertex -81.9 58.9 0
      vertex -51.7 30 0
      vertex -103.429 20.6506 0
    endloop
  endfacet
  facet normal 0 0 -1
    outer loop
      vertex -103.429 20.6506 0
      vertex -51.7 30 0
      vertex -103.333 20.3316 0
    endloop
  endfacet
  facet normal 0 0 -1
    outer loop
      vertex -103.333 20.3316 0
      vertex -51.6673 29.6683 0
      vertex -103.3 20 0
    endloop
  endfacet
  facet normal 0 0 -1
    outer loop
      vertex -103.3 20 0
      vertex -51.6673 29.6683 0
      vertex -51.5706 29.3494 0
    endloop
  endfacet
  facet normal 0 0 -1
    outer loop
      vertex -103.333 19.6683 0
      vertex -51.5706 29.3494 0
      vertex -51.4135 29.0555 0
    endloop
  endfacet
  facet normal 0 0 -1
    outer loop
      vertex -103.429 19.3494 0
      vertex -103.333 19.6683 0
      vertex -47.5 14.5 0
    endloop
  endfacet
  facet normal 0 0 -1
    outer loop
      vertex -103.798 -18.7979 0
      vertex -104.056 -18.5865 0
      vertex -104.056 18.5865 0
    endloop
  endfacet
  facet normal 0 0 -1
    outer loop
      vertex -106.202 18.7979 0
      vertex -105.944 18.5865 0
      vertex -105.944 -18.5865 0
    endloop
  endfacet
  facet normal 0 0 -1
    outer loop
      vertex -103.429 -19.3494 0
      vertex -103.586 -19.0555 0
      vertex -47.5 -14.5 0
    endloop
  endfacet
  facet normal -0 0 -1
    outer loop
      vertex -47.4692 14.8911 0
      vertex -47.5 14.5 0
      vertex -51.4135 29.0555 0
    endloop
  endfacet
  facet normal 0 0 -1
    outer loop
      vertex -110 -58.3 0
      vertex -105.651 -21.5706 0
      vertex -105.332 -21.6673 0
    endloop
  endfacet
  facet normal -0 0 -1
    outer loop
      vertex -50.3316 -28.3327 0
      vertex -50.6506 -28.4294 0
      vertex -47.0225 -15.9695 0
    endloop
  endfacet
  facet normal -0 0 -1
    outer loop
      vertex -47.0225 -15.9695 0
      vertex -50.6506 -28.4294 0
      vertex -47.2275 -15.635 0
    endloop
  endfacet
  facet normal 0 0 -1
    outer loop
      vertex -106.413 19.0555 0
      vertex -106.202 18.7979 0
      vertex -106.202 -18.7979 0
    endloop
  endfacet
  facet normal 0 0 -1
    outer loop
      vertex -1.76776 -16.2678 0
      vertex -1.46945 -16.5225 0
      vertex -1.20207 -28.7979 0
    endloop
  endfacet
  facet normal 0 -0 -1
    outer loop
      vertex 1.66733 -30.3316 0
      vertex 23.3327 -30.3316 0
      vertex 1.57059 -30.6506 0
    endloop
  endfacet
  facet normal 0 0 -1
    outer loop
      vertex -47.2275 -15.635 0
      vertex -50.6506 -28.4294 0
      vertex -50.9445 -28.5865 0
    endloop
  endfacet
  facet normal 0 -0 -1
    outer loop
      vertex -47.3776 -15.2725 0
      vertex -47.2275 -15.635 0
      vertex -50.9445 -28.5865 0
    endloop
  endfacet
  facet normal -0 0 -1
    outer loop
      vertex -47.4692 -14.8911 0
      vertex -51.4135 -29.0555 0
      vertex -47.5 -14.5 0
    endloop
  endfacet
  facet normal -0 0 -1
    outer loop
      vertex -47.3776 -15.2725 0
      vertex -51.2021 -28.7979 0
      vertex -47.4692 -14.8911 0
    endloop
  endfacet
  facet normal 0 0 -1
    outer loop
      vertex -104.349 18.4294 0
      vertex -104.056 18.5865 0
      vertex -104.056 -18.5865 0
    endloop
  endfacet
  facet normal 0 0 -1
    outer loop
      vertex -105.944 -18.5865 0
      vertex -105.944 18.5865 0
      vertex -105.651 -18.4294 0
    endloop
  endfacet
  facet normal 0 0 -1
    outer loop
      vertex -105.651 -18.4294 0
      vertex -105.944 18.5865 0
      vertex -105.651 18.4294 0
    endloop
  endfacet
  facet normal 0 0 -1
    outer loop
      vertex -105.332 18.3327 0
      vertex -105 18.3 0
      vertex -105 -18.3 0
    endloop
  endfacet
  facet normal 0 0 -1
    outer loop
      vertex -103.586 19.0555 0
      vertex -47.5 14.5 0
      vertex -47.5 -14.5 0
    endloop
  endfacet
  facet normal -0 -0 -1
    outer loop
      vertex -51.2021 28.7979 0
      vertex -47.4692 14.8911 0
      vertex -51.4135 29.0555 0
    endloop
  endfacet
  facet normal 0 0 -1
    outer loop
      vertex -47.0225 15.9695 0
      vertex -50.6506 28.4294 0
      vertex -50.3316 28.3327 0
    endloop
  endfacet
  facet normal -0 -0 -1
    outer loop
      vertex -50 28.3 0
      vertex -46.4695 16.5225 0
      vertex -50.3316 28.3327 0
    endloop
  endfacet
  facet normal 0 0 -1
    outer loop
      vertex -50 28.3 0
      vertex -46.135 16.7275 0
      vertex -46.4695 16.5225 0
    endloop
  endfacet
  facet normal 0 0 -1
    outer loop
      vertex -45 17 0
      vertex -49.0555 28.5865 0
      vertex -48.7979 28.7979 0
    endloop
  endfacet
  facet normal 0 0 -1
    outer loop
      vertex -50 28.3 0
      vertex -49.6683 28.3327 0
      vertex -46.135 16.7275 0
    endloop
  endfacet
  facet normal 0 0 -1
    outer loop
      vertex -49.6683 28.3327 0
      vertex -49.3494 28.4294 0
      vertex -45.7725 16.8776 0
    endloop
  endfacet
  facet normal 0 0 -1
    outer loop
      vertex -45.7725 16.8776 0
      vertex -49.3494 28.4294 0
      vertex -45.3911 16.9692 0
    endloop
  endfacet
  facet normal -0 0 -1
    outer loop
      vertex -45 17 0
      vertex -45.3911 16.9692 0
      vertex -49.0555 28.5865 0
    endloop
  endfacet
  facet normal 0 0 -1
    outer loop
      vertex -45.3911 16.9692 0
      vertex -49.3494 28.4294 0
      vertex -49.0555 28.5865 0
    endloop
  endfacet
  facet normal 0 0 -1
    outer loop
      vertex -44.6089 16.9692 0
      vertex -48.7979 28.7979 0
      vertex -48.5865 29.0555 0
    endloop
  endfacet
  facet normal 0 0 -1
    outer loop
      vertex -45 17 0
      vertex -48.7979 28.7979 0
      vertex -44.6089 16.9692 0
    endloop
  endfacet
  facet normal -0 0 -1
    outer loop
      vertex -26.5706 29.3494 0
      vertex -43.5305 16.5225 0
      vertex -48.4294 29.3494 0
    endloop
  endfacet
  facet normal 0 0 -1
    outer loop
      vertex -43.2322 16.2678 0
      vertex -43.5305 16.5225 0
      vertex -26.5706 29.3494 0
    endloop
  endfacet
  facet normal -0 0 -1
    outer loop
      vertex -26.4135 29.0555 0
      vertex -43.2322 16.2678 0
      vertex -26.5706 29.3494 0
    endloop
  endfacet
  facet normal 0 0 -1
    outer loop
      vertex -26.4135 29.0555 0
      vertex -42.9774 15.9695 0
      vertex -43.2322 16.2678 0
    endloop
  endfacet
  facet normal 0 0 -1
    outer loop
      vertex -26.2021 28.7979 0
      vertex -42.7725 15.635 0
      vertex -42.9774 15.9695 0
    endloop
  endfacet
  facet normal 0 -0 -1
    outer loop
      vertex -26.2021 28.7979 0
      vertex -25.9445 28.5865 0
      vertex -42.7725 15.635 0
    endloop
  endfacet
  facet normal 0 0 -1
    outer loop
      vertex -42.7725 15.635 0
      vertex -25.9445 28.5865 0
      vertex -42.6223 15.2725 0
    endloop
  endfacet
  facet normal 0 0 -1
    outer loop
      vertex -42.6223 15.2725 0
      vertex -25.9445 28.5865 0
      vertex -25.6506 28.4294 0
    endloop
  endfacet
  facet normal 0 0 -1
    outer loop
      vertex -42.5308 14.8911 0
      vertex -42.6223 15.2725 0
      vertex -25.6506 28.4294 0
    endloop
  endfacet
  facet normal 0 0 -1
    outer loop
      vertex -42.5 14.5 0
      vertex -42.5308 14.8911 0
      vertex -25.6506 28.4294 0
    endloop
  endfacet
  facet normal -0 0 -1
    outer loop
      vertex -25.3316 28.3327 0
      vertex -42.5 14.5 0
      vertex -25.6506 28.4294 0
    endloop
  endfacet
  facet normal 0 -0 -1
    outer loop
      vertex -25.3316 28.3327 0
      vertex -25 28.3 0
      vertex -42.5 14.5 0
    endloop
  endfacet
  facet normal 0 0 -1
    outer loop
      vertex -1.4135 -29.0555 0
      vertex -2.02254 -15.9695 0
      vertex -1.76776 -16.2678 0
    endloop
  endfacet
  facet normal 0 -0 -1
    outer loop
      vertex 48.5865 -30.9445 0
      vertex 48.7979 -31.2021 0
      vertex 26.2021 -31.2021 0
    endloop
  endfacet
  facet normal 0 0 -1
    outer loop
      vertex -50 -28.3 0
      vertex -46.135 -16.7275 0
      vertex -49.6683 -28.3327 0
    endloop
  endfacet
  facet normal 0 0 -1
    outer loop
      vertex 1.13496 16.7275 0
      vertex 0.650558 28.4294 0
      vertex 0.944458 28.5865 0
    endloop
  endfacet
  facet normal 0 0 -1
    outer loop
      vertex -2.5 -14.5 0
      vertex -24.0555 -28.5865 0
      vertex -24.3494 -28.4294 0
    endloop
  endfacet
  facet normal 0 0 -1
    outer loop
      vertex 0 -28.3 0
      vertex -0.391083 -16.9692 0
      vertex 0 -17 0
    endloop
  endfacet
  facet normal -0 0 -1
    outer loop
      vertex -2.37764 -15.2725 0
      vertex -24.0555 -28.5865 0
      vertex -2.46921 -14.8911 0
    endloop
  endfacet
  facet normal 0 0 -1
    outer loop
      vertex 25.6506 -28.4294 0
      vertex 42.6223 -15.2725 0
      vertex 25.9445 -28.5865 0
    endloop
  endfacet
  facet normal 0 0 -1
    outer loop
      vertex -1.20207 -28.7979 0
      vertex -1.46945 -16.5225 0
      vertex -0.944458 -28.5865 0
    endloop
  endfacet
  facet normal 0 -0 -1
    outer loop
      vertex -47.0225 -15.9695 0
      vertex -46.7678 -16.2678 0
      vertex -50.3316 -28.3327 0
    endloop
  endfacet
  facet normal -0 0 -1
    outer loop
      vertex -54.6506 -59.4294 0
      vertex -54.9445 -59.5865 0
      vertex -60.8656 -59.3011 0
    endloop
  endfacet
  facet normal 0 0 -1
    outer loop
      vertex 0.944458 -28.5865 0
      vertex 1.13496 -16.7275 0
      vertex 1.46945 -16.5225 0
    endloop
  endfacet
  facet normal 0 0 -1
    outer loop
      vertex 51.4135 -29.0555 0
      vertex 103.333 -19.6683 0
      vertex 51.5706 -29.3494 0
    endloop
  endfacet
  facet normal -0 0 -1
    outer loop
      vertex 24.6683 -28.3327 0
      vertex 24.3494 -28.4294 0
      vertex 2.5 -14.5 0
    endloop
  endfacet
  facet normal -0 0 -1
    outer loop
      vertex -45.3911 -16.9692 0
      vertex -49.3494 -28.4294 0
      vertex -45.7725 -16.8776 0
    endloop
  endfacet
  facet normal -0 0 -1
    outer loop
      vertex 23.3327 -29.6683 0
      vertex 23.3 -30 0
      vertex 1.66733 -29.6683 0
    endloop
  endfacet
  facet normal 0 0 -1
    outer loop
      vertex -26.2021 -31.2021 0
      vertex -48.7979 -31.2021 0
      vertex -26.4135 -30.9445 0
    endloop
  endfacet
  facet normal 0 -0 -1
    outer loop
      vertex -45.3911 -16.9692 0
      vertex -45 -17 0
      vertex -49.0555 -28.5865 0
    endloop
  endfacet
  facet normal 0 0 -1
    outer loop
      vertex 1.66733 -29.6683 0
      vertex 1.57059 -29.3494 0
      vertex 23.3327 -29.6683 0
    endloop
  endfacet
  facet normal 0 0 -1
    outer loop
      vertex 2.02254 15.9695 0
      vertex 1.4135 29.0555 0
      vertex 23.5865 29.0555 0
    endloop
  endfacet
  facet normal 0 0 -1
    outer loop
      vertex -1.76776 16.2678 0
      vertex -1.4135 29.0555 0
      vertex -1.20207 28.7979 0
    endloop
  endfacet
  facet normal 0 0 -1
    outer loop
      vertex -48.5865 -29.0555 0
      vertex -48.7979 -28.7979 0
      vertex -44.6089 -16.9692 0
    endloop
  endfacet
  facet normal 0 0 -1
    outer loop
      vertex -1.46945 16.5225 0
      vertex -1.20207 28.7979 0
      vertex -0.944458 28.5865 0
    endloop
  endfacet
  facet normal 0 0 -1
    outer loop
      vertex -1.76776 16.2678 0
      vertex -1.20207 28.7979 0
      vertex -1.46945 16.5225 0
    endloop
  endfacet
  facet normal 0 0 -1
    outer loop
      vertex 25 28.3 0
      vertex 25.3316 28.3327 0
      vertex 42.5 14.5 0
    endloop
  endfacet
  facet normal 0 0 -1
    outer loop
      vertex 42.5 14.5 0
      vertex 25.3316 28.3327 0
      vertex 25.6506 28.4294 0
    endloop
  endfacet
  facet normal -0 0 -1
    outer loop
      vertex 42.5308 14.8911 0
      vertex 42.5 14.5 0
      vertex 25.6506 28.4294 0
    endloop
  endfacet
  facet normal 0 -0 -1
    outer loop
      vertex 26.2021 28.7979 0
      vertex 42.7725 15.635 0
      vertex 25.9445 28.5865 0
    endloop
  endfacet
  facet normal 0 0 -1
    outer loop
      vertex 26.2021 28.7979 0
      vertex 26.4135 29.0555 0
      vertex 42.9774 15.9695 0
    endloop
  endfacet
  facet normal 0 0 -1
    outer loop
      vertex 26.2021 28.7979 0
      vertex 42.9774 15.9695 0
      vertex 42.7725 15.635 0
    endloop
  endfacet
  facet normal 0 0 -1
    outer loop
      vertex 26.4135 29.0555 0
      vertex 26.5706 29.3494 0
      vertex 43.2322 16.2678 0
    endloop
  endfacet
  facet normal 0 0 -1
    outer loop
      vertex 26.4135 29.0555 0
      vertex 43.2322 16.2678 0
      vertex 42.9774 15.9695 0
    endloop
  endfacet
  facet normal 0 0 -1
    outer loop
      vertex 48.7979 28.7979 0
      vertex 45 17 0
      vertex 44.6089 16.9692 0
    endloop
  endfacet
  facet normal -0 0 -1
    outer loop
      vertex 48.7979 28.7979 0
      vertex 44.6089 16.9692 0
      vertex 48.5865 29.0555 0
    endloop
  endfacet
  facet normal 0 0 -1
    outer loop
      vertex 45.3911 16.9692 0
      vertex 49.3494 28.4294 0
      vertex 45.7725 16.8776 0
    endloop
  endfacet
  facet normal 0 0 -1
    outer loop
      vertex 45.7725 16.8776 0
      vertex 49.3494 28.4294 0
      vertex 49.6683 28.3327 0
    endloop
  endfacet
  facet normal 0 0 -1
    outer loop
      vertex 46.135 16.7275 0
      vertex 45.7725 16.8776 0
      vertex 49.6683 28.3327 0
    endloop
  endfacet
  facet normal -0 0 -1
    outer loop
      vertex 50 28.3 0
      vertex 46.135 16.7275 0
      vertex 49.6683 28.3327 0
    endloop
  endfacet
  facet normal 0 0 -1
    outer loop
      vertex 50 28.3 0
      vertex 46.4695 16.5225 0
      vertex 46.135 16.7275 0
    endloop
  endfacet
  facet normal 0 -0 -1
    outer loop
      vertex 50 28.3 0
      vertex 50.3316 28.3327 0
      vertex 46.4695 16.5225 0
    endloop
  endfacet
  facet normal 0 -0 -1
    outer loop
      vertex 50.3316 28.3327 0
      vertex 50.6506 28.4294 0
      vertex 47.0225 15.9695 0
    endloop
  endfacet
  facet normal 0 -0 -1
    outer loop
      vertex 50.6506 28.4294 0
      vertex 50.9445 28.5865 0
      vertex 47.2275 15.635 0
    endloop
  endfacet
  facet normal 0 0 -1
    outer loop
      vertex 47.2275 15.635 0
      vertex 50.9445 28.5865 0
      vertex 47.3776 15.2725 0
    endloop
  endfacet
  facet normal 0 0 -1
    outer loop
      vertex 47.3776 15.2725 0
      vertex 50.9445 28.5865 0
      vertex 51.2021 28.7979 0
    endloop
  endfacet
  facet normal 0 0 -1
    outer loop
      vertex 47.4692 14.8911 0
      vertex 47.3776 15.2725 0
      vertex 51.2021 28.7979 0
    endloop
  endfacet
  facet normal 0 0 -1
    outer loop
      vertex 51.4135 29.0555 0
      vertex 47.4692 14.8911 0
      vertex 51.2021 28.7979 0
    endloop
  endfacet
  facet normal 0 0 -1
    outer loop
      vertex 51.4135 29.0555 0
      vertex 47.5 14.5 0
      vertex 47.4692 14.8911 0
    endloop
  endfacet
  facet normal 0 -0 -1
    outer loop
      vertex 51.4135 29.0555 0
      vertex 103.333 19.6683 0
      vertex 47.5 14.5 0
    endloop
  endfacet
  facet normal 0 0 -1
    outer loop
      vertex 47.5 14.5 0
      vertex 103.429 19.3494 0
      vertex 103.586 19.0555 0
    endloop
  endfacet
  facet normal 0 0 -1
    outer loop
      vertex 47.5 -14.5 0
      vertex 47.5 14.5 0
      vertex 103.586 -19.0555 0
    endloop
  endfacet
  facet normal 0 0 -1
    outer loop
      vertex 51.4135 -29.0555 0
      vertex 51.2021 -28.7979 0
      vertex 47.4692 -14.8911 0
    endloop
  endfacet
  facet normal 0 0 -1
    outer loop
      vertex 103.586 19.0555 0
      vertex 103.798 -18.7979 0
      vertex 103.586 -19.0555 0
    endloop
  endfacet
  facet normal 0 -0 -1
    outer loop
      vertex 103.3 -20 0
      vertex 103.333 -20.3316 0
      vertex 51.6673 -29.6683 0
    endloop
  endfacet
  facet normal -0 0 -1
    outer loop
      vertex 103.798 -21.2021 0
      vertex 82.2285 -58.9258 0
      vertex 103.586 -20.9445 0
    endloop
  endfacet
  facet normal 0 0 -1
    outer loop
      vertex 81.9 -58.9 0
      vertex 51.6673 -30.3316 0
      vertex 51.7 -30 0
    endloop
  endfacet
  facet normal 0 0 -1
    outer loop
      vertex 103.586 -20.9445 0
      vertex 82.2285 -58.9258 0
      vertex 81.9 -58.9 0
    endloop
  endfacet
  facet normal 0 0 -1
    outer loop
      vertex 90 -59.3 0
      vertex 104.056 -21.4135 0
      vertex 90.3316 -59.3327 0
    endloop
  endfacet
  facet normal 0 0 -1
    outer loop
      vertex 44.6089 -16.9692 0
      vertex 48.7979 -28.7979 0
      vertex 48.5865 -29.0555 0
    endloop
  endfacet
  facet normal 0 0 -1
    outer loop
      vertex 44.2274 -16.8776 0
      vertex 44.6089 -16.9692 0
      vertex 48.5865 -29.0555 0
    endloop
  endfacet
  facet normal 0 0 -1
    outer loop
      vertex 48.3327 -29.6683 0
      vertex 26.5706 -29.3494 0
      vertex 48.4294 -29.3494 0
    endloop
  endfacet
  facet normal -0 0 -1
    outer loop
      vertex -54.9445 -59.5865 0
      vertex -55.2021 -59.7979 0
      vertex -60.6151 -59.5151 0
    endloop
  endfacet
  facet normal -0 0 -1
    outer loop
      vertex 23.3 -30 0
      vertex 1.66733 -30.3316 0
      vertex 1.7 -30 0
    endloop
  endfacet
  facet normal 0 -0 -1
    outer loop
      vertex -43.865 -16.7275 0
      vertex -43.5305 -16.5225 0
      vertex -48.4294 -29.3494 0
    endloop
  endfacet
  facet normal 0 -0 -1
    outer loop
      vertex -44.2274 -16.8776 0
      vertex -43.865 -16.7275 0
      vertex -48.4294 -29.3494 0
    endloop
  endfacet
  facet normal 0 0 -1
    outer loop
      vertex -25 -28.3 0
      vertex -42.5 -14.5 0
      vertex -24.6683 -28.3327 0
    endloop
  endfacet
  facet normal 0 0 -1
    outer loop
      vertex -42.5 -14.5 0
      vertex -25 -28.3 0
      vertex -25.3316 -28.3327 0
    endloop
  endfacet
  facet normal 0 0 -1
    outer loop
      vertex -48.3 -30 0
      vertex -48.3327 -29.6683 0
      vertex -26.7 -30 0
    endloop
  endfacet
  facet normal 0 0 -1
    outer loop
      vertex -42.5 -14.5 0
      vertex -25.3316 -28.3327 0
      vertex -25.6506 -28.4294 0
    endloop
  endfacet
  facet normal -0 0 -1
    outer loop
      vertex -26.5706 -29.3494 0
      vertex -26.6673 -29.6683 0
      vertex -48.4294 -29.3494 0
    endloop
  endfacet
  facet normal 0 0 -1
    outer loop
      vertex -42.5 14.5 0
      vertex -2.5 14.5 0
      vertex -2.5 -14.5 0
    endloop
  endfacet
  facet normal 0 0 -1
    outer loop
      vertex -42.5 14.5 0
      vertex -24.6683 28.3327 0
      vertex -2.5 14.5 0
    endloop
  endfacet
  facet normal 0 0 -1
    outer loop
      vertex -2.5 14.5 0
      vertex -24.6683 28.3327 0
      vertex -24.3494 28.4294 0
    endloop
  endfacet
  facet normal 0 -0 -1
    outer loop
      vertex -24.0555 28.5865 0
      vertex -2.5 14.5 0
      vertex -24.3494 28.4294 0
    endloop
  endfacet
  facet normal 0 0 -1
    outer loop
      vertex -23.7979 28.7979 0
      vertex -23.5865 29.0555 0
      vertex -2.22751 15.635 0
    endloop
  endfacet
  facet normal 0 0 -1
    outer loop
      vertex -23.7979 28.7979 0
      vertex -2.22751 15.635 0
      vertex -2.37764 15.2725 0
    endloop
  endfacet
  facet normal -0 0 -1
    outer loop
      vertex -0.650558 28.4294 0
      vertex -1.13496 16.7275 0
      vertex -0.944458 28.5865 0
    endloop
  endfacet
  facet normal 0 -0 -1
    outer loop
      vertex -0.650558 28.4294 0
      vertex -0.33165 28.3327 0
      vertex -0.772537 16.8776 0
    endloop
  endfacet
  facet normal 0 0 -1
    outer loop
      vertex -0.772537 16.8776 0
      vertex -0.33165 28.3327 0
      vertex -0.391083 16.9692 0
    endloop
  endfacet
  facet normal 0 0 -1
    outer loop
      vertex -0.391083 16.9692 0
      vertex -0.33165 28.3327 0
      vertex 0 28.3 0
    endloop
  endfacet
  facet normal -0 0 -1
    outer loop
      vertex 0 17 0
      vertex -0.391083 16.9692 0
      vertex 0 28.3 0
    endloop
  endfacet
  facet normal 0 0 -1
    outer loop
      vertex 0.33165 28.3327 0
      vertex 0.772537 16.8776 0
      vertex 0.391083 16.9692 0
    endloop
  endfacet
  facet normal 0 0 -1
    outer loop
      vertex 1.46945 16.5225 0
      vertex 0.944458 28.5865 0
      vertex 1.20207 28.7979 0
    endloop
  endfacet
  facet normal 0 0 -1
    outer loop
      vertex 1.76776 16.2678 0
      vertex 1.46945 16.5225 0
      vertex 1.20207 28.7979 0
    endloop
  endfacet
  facet normal 0 0 -1
    outer loop
      vertex 1.4135 29.0555 0
      vertex 2.02254 15.9695 0
      vertex 1.76776 16.2678 0
    endloop
  endfacet
  facet normal 0 -0 -1
    outer loop
      vertex 1.4135 29.0555 0
      vertex 1.76776 16.2678 0
      vertex 1.20207 28.7979 0
    endloop
  endfacet
  facet normal 0 0 -1
    outer loop
      vertex 2.22751 15.635 0
      vertex 2.02254 15.9695 0
      vertex 23.5865 29.0555 0
    endloop
  endfacet
  facet normal -0 0 -1
    outer loop
      vertex 23.7979 28.7979 0
      vertex 2.22751 15.635 0
      vertex 23.5865 29.0555 0
    endloop
  endfacet
  facet normal 0 0 -1
    outer loop
      vertex 23.7979 28.7979 0
      vertex 2.37764 15.2725 0
      vertex 2.22751 15.635 0
    endloop
  endfacet
  facet normal 0 -0 -1
    outer loop
      vertex 23.7979 28.7979 0
      vertex 24.0555 28.5865 0
      vertex 2.37764 15.2725 0
    endloop
  endfacet
  facet normal 0 0 -1
    outer loop
      vertex 2.46921 14.8911 0
      vertex 2.37764 15.2725 0
      vertex 24.0555 28.5865 0
    endloop
  endfacet
  facet normal 0 0 -1
    outer loop
      vertex 2.5 14.5 0
      vertex 2.46921 14.8911 0
      vertex 24.0555 28.5865 0
    endloop
  endfacet
  facet normal -0 0 -1
    outer loop
      vertex 24.3494 28.4294 0
      vertex 2.5 14.5 0
      vertex 24.0555 28.5865 0
    endloop
  endfacet
  facet normal 0 -0 -1
    outer loop
      vertex 24.3494 28.4294 0
      vertex 24.6683 28.3327 0
      vertex 2.5 14.5 0
    endloop
  endfacet
  facet normal 0 0 -1
    outer loop
      vertex 2.5 14.5 0
      vertex 24.6683 28.3327 0
      vertex 42.5 14.5 0
    endloop
  endfacet
  facet normal 0 0 -1
    outer loop
      vertex 42.5 -14.5 0
      vertex 2.5 14.5 0
      vertex 42.5 14.5 0
    endloop
  endfacet
  facet normal 0 0 -1
    outer loop
      vertex 42.5 -14.5 0
      vertex 2.5 -14.5 0
      vertex 2.5 14.5 0
    endloop
  endfacet
  facet normal 0 -0 -1
    outer loop
      vertex 23.3 -30 0
      vertex 23.3327 -30.3316 0
      vertex 1.66733 -30.3316 0
    endloop
  endfacet
  facet normal 0 0 -1
    outer loop
      vertex 0.650558 -28.4294 0
      vertex 0.772537 -16.8776 0
      vertex 1.13496 -16.7275 0
    endloop
  endfacet
  facet normal 0 0 -1
    outer loop
      vertex 0.33165 -28.3327 0
      vertex 0.391083 -16.9692 0
      vertex 0.772537 -16.8776 0
    endloop
  endfacet
  facet normal 0 0 -1
    outer loop
      vertex 1.76776 -16.2678 0
      vertex 1.20207 -28.7979 0
      vertex 1.46945 -16.5225 0
    endloop
  endfacet
  facet normal 0 0 -1
    outer loop
      vertex 2.02254 -15.9695 0
      vertex 1.4135 -29.0555 0
      vertex 1.76776 -16.2678 0
    endloop
  endfacet
  facet normal 0 0 -1
    outer loop
      vertex -0.650558 -28.4294 0
      vertex -0.772537 -16.8776 0
      vertex -0.33165 -28.3327 0
    endloop
  endfacet
  facet normal 0 0 -1
    outer loop
      vertex -0.650558 -28.4294 0
      vertex -1.13496 -16.7275 0
      vertex -0.772537 -16.8776 0
    endloop
  endfacet
  facet normal 0 -0 -1
    outer loop
      vertex 23.5865 -30.9445 0
      vertex 23.7979 -31.2021 0
      vertex 1.20207 -31.2021 0
    endloop
  endfacet
  facet normal 0 0 -1
    outer loop
      vertex -1.46945 -16.5225 0
      vertex -1.13496 -16.7275 0
      vertex -0.944458 -28.5865 0
    endloop
  endfacet
  facet normal 0 0 -1
    outer loop
      vertex 44.6089 -16.9692 0
      vertex 45 -17 0
      vertex 48.7979 -28.7979 0
    endloop
  endfacet
  facet normal 0 0 -1
    outer loop
      vertex 105.944 18.5865 0
      vertex 106.202 -18.7979 0
      vertex 105.944 -18.5865 0
    endloop
  endfacet
  facet normal 0 0 -1
    outer loop
      vertex 61.451 -59.0028 0
      vertex 61.1466 -59.1289 0
      vertex 54.6506 -59.4294 0
    endloop
  endfacet
  facet normal 0 0 -1
    outer loop
      vertex 104.349 -18.4294 0
      vertex 104.349 18.4294 0
      vertex 104.668 -18.3327 0
    endloop
  endfacet
  facet normal 0 0 -1
    outer loop
      vertex 49.0555 -28.5865 0
      vertex 45.3911 -16.9692 0
      vertex 49.3494 -28.4294 0
    endloop
  endfacet
  facet normal 0 0 -1
    outer loop
      vertex 47.3776 -15.2725 0
      vertex 51.2021 -28.7979 0
      vertex 50.9445 -28.5865 0
    endloop
  endfacet
  facet normal 0 -0 -1
    outer loop
      vertex 46.135 -16.7275 0
      vertex 49.6683 -28.3327 0
      vertex 45.7725 -16.8776 0
    endloop
  endfacet
  facet normal 0 0 -1
    outer loop
      vertex 50 -28.3 0
      vertex 46.4695 -16.5225 0
      vertex 50.3316 -28.3327 0
    endloop
  endfacet
  facet normal 0 0 -1
    outer loop
      vertex 47.2275 -15.635 0
      vertex 47.3776 -15.2725 0
      vertex 50.9445 -28.5865 0
    endloop
  endfacet
  facet normal 0 0 -1
    outer loop
      vertex 50.6506 -28.4294 0
      vertex 47.2275 -15.635 0
      vertex 50.9445 -28.5865 0
    endloop
  endfacet
  facet normal 0 0 -1
    outer loop
      vertex 104.668 -18.3327 0
      vertex 104.349 18.4294 0
      vertex 104.668 18.3327 0
    endloop
  endfacet
  facet normal -0 0 -1
    outer loop
      vertex 105 -18.3 0
      vertex 104.668 -18.3327 0
      vertex 104.668 18.3327 0
    endloop
  endfacet
  facet normal 0 0 -1
    outer loop
      vertex 105.332 -18.3327 0
      vertex 105 -18.3 0
      vertex 105 18.3 0
    endloop
  endfacet
  facet normal 0 -0 -1
    outer loop
      vertex 105.332 18.3327 0
      vertex 105.332 -18.3327 0
      vertex 105 18.3 0
    endloop
  endfacet
  facet normal 0 -0 -1
    outer loop
      vertex 105.651 18.4294 0
      vertex 105.651 -18.4294 0
      vertex 105.332 18.3327 0
    endloop
  endfacet
  facet normal 0 0 -1
    outer loop
      vertex 105.651 18.4294 0
      vertex 105.944 -18.5865 0
      vertex 105.651 -18.4294 0
    endloop
  endfacet
  facet normal 0 0 -1
    outer loop
      vertex 106.667 19.6683 0
      vertex 125 -63 0
      vertex 106.667 -19.6683 0
    endloop
  endfacet
  facet normal 0 0 -1
    outer loop
      vertex 105.944 18.5865 0
      vertex 106.202 18.7979 0
      vertex 106.202 -18.7979 0
    endloop
  endfacet
  facet normal 0 0 -1
    outer loop
      vertex 106.202 -18.7979 0
      vertex 106.202 18.7979 0
      vertex 106.413 -19.0555 0
    endloop
  endfacet
  facet normal 0 0 -1
    outer loop
      vertex 106.413 -19.0555 0
      vertex 106.202 18.7979 0
      vertex 106.413 19.0555 0
    endloop
  endfacet
  facet normal 0 0 -1
    outer loop
      vertex 106.571 -19.3494 0
      vertex 106.413 -19.0555 0
      vertex 106.413 19.0555 0
    endloop
  endfacet
  facet normal 0 -0 -1
    outer loop
      vertex 106.571 19.3494 0
      vertex 106.571 -19.3494 0
      vertex 106.413 19.0555 0
    endloop
  endfacet
  facet normal 0 0 -1
    outer loop
      vertex 106.571 19.3494 0
      vertex 106.667 -19.6683 0
      vertex 106.571 -19.3494 0
    endloop
  endfacet
  facet normal 0 0 -1
    outer loop
      vertex 106.571 19.3494 0
      vertex 106.667 19.6683 0
      vertex 106.667 -19.6683 0
    endloop
  endfacet
  facet normal 0 0 -1
    outer loop
      vertex 106.667 -19.6683 0
      vertex 125 -63 0
      vertex 106.7 -20 0
    endloop
  endfacet
  facet normal 0 -0 -1
    outer loop
      vertex 106.7 -20 0
      vertex 125 -63 0
      vertex 106.667 -20.3316 0
    endloop
  endfacet
  facet normal 0 -0 -1
    outer loop
      vertex 106.667 -20.3316 0
      vertex 125 -63 0
      vertex 106.571 -20.6506 0
    endloop
  endfacet
  facet normal 0 -0 -1
    outer loop
      vertex 106.571 -20.6506 0
      vertex 125 -63 0
      vertex 106.413 -20.9445 0
    endloop
  endfacet
  facet normal 0 -0 -1
    outer loop
      vertex 106.413 -20.9445 0
      vertex 125 -63 0
      vertex 106.202 -21.2021 0
    endloop
  endfacet
  facet normal 0 0 -1
    outer loop
      vertex 109.349 -58.4294 0
      vertex 104.668 -21.6673 0
      vertex 105 -21.7 0
    endloop
  endfacet
  facet normal -0 0 -1
    outer loop
      vertex 89.3494 -59.4294 0
      vertex 89.0555 -59.5865 0
      vertex 83.1343 -59.3011 0
    endloop
  endfacet
  facet normal 0 0 -1
    outer loop
      vertex 89.3494 -59.4294 0
      vertex 82.5489 -59.0028 0
      vertex 89.6683 -59.3327 0
    endloop
  endfacet
  facet normal -0 0 -1
    outer loop
      vertex 89.0555 -59.5865 0
      vertex 88.7979 -59.7979 0
      vertex 83.3849 -59.5151 0
    endloop
  endfacet
  facet normal 0 0 -1
    outer loop
      vertex -122.978 -69.6668 0
      vertex -123.583 -68.6568 0
      vertex -111.413 -60.9445 0
    endloop
  endfacet
  facet normal 0 0 -1
    outer loop
      vertex -103.798 -18.7979 0
      vertex -103.798 18.7979 0
      vertex -103.586 -19.0555 0
    endloop
  endfacet
  facet normal 0 0 -1
    outer loop
      vertex -125 -63 0
      vertex -110.944 -58.5865 0
      vertex -111.202 -58.7979 0
    endloop
  endfacet
  facet normal 0 0 -1
    outer loop
      vertex -105.651 -18.4294 0
      vertex -105.651 18.4294 0
      vertex -105.332 -18.3327 0
    endloop
  endfacet
  facet normal -0 0 -1
    outer loop
      vertex -111.413 -59.0555 0
      vertex -125 -63 0
      vertex -111.202 -58.7979 0
    endloop
  endfacet
  facet normal 0 0 -1
    outer loop
      vertex -111.413 -59.0555 0
      vertex -111.571 -59.3494 0
      vertex -125 -63 0
    endloop
  endfacet
  facet normal 0 0 -1
    outer loop
      vertex -125 -63 0
      vertex -111.571 -59.3494 0
      vertex -111.667 -59.6683 0
    endloop
  endfacet
  facet normal 0 0 -1
    outer loop
      vertex -125 -63 0
      vertex -106.413 -20.9445 0
      vertex -106.202 -21.2021 0
    endloop
  endfacet
  facet normal 0 0 -1
    outer loop
      vertex -125 -63 0
      vertex -106.571 -20.6506 0
      vertex -106.413 -20.9445 0
    endloop
  endfacet
  facet normal 0 0 -1
    outer loop
      vertex -125 -63 0
      vertex -106.667 -20.3316 0
      vertex -106.571 -20.6506 0
    endloop
  endfacet
  facet normal 0 0 -1
    outer loop
      vertex -125 -63 0
      vertex -106.7 -20 0
      vertex -106.667 -20.3316 0
    endloop
  endfacet
  facet normal 0 0 -1
    outer loop
      vertex -105.332 -18.3327 0
      vertex -105.651 18.4294 0
      vertex -105.332 18.3327 0
    endloop
  endfacet
  facet normal -0 0 -1
    outer loop
      vertex -105 -18.3 0
      vertex -105.332 -18.3327 0
      vertex -105.332 18.3327 0
    endloop
  endfacet
  facet normal 0 0 -1
    outer loop
      vertex -104.056 18.5865 0
      vertex -103.798 18.7979 0
      vertex -103.798 -18.7979 0
    endloop
  endfacet
  facet normal 0 0 -1
    outer loop
      vertex -105 -18.3 0
      vertex -105 18.3 0
      vertex -104.668 -18.3327 0
    endloop
  endfacet
  facet normal 0 0 -1
    outer loop
      vertex -104.668 -18.3327 0
      vertex -105 18.3 0
      vertex -104.668 18.3327 0
    endloop
  endfacet
  facet normal 0 0 -1
    outer loop
      vertex -104.349 -18.4294 0
      vertex -104.668 -18.3327 0
      vertex -104.668 18.3327 0
    endloop
  endfacet
  facet normal 0 -0 -1
    outer loop
      vertex -104.349 18.4294 0
      vertex -104.349 -18.4294 0
      vertex -104.668 18.3327 0
    endloop
  endfacet
  facet normal 0 0 -1
    outer loop
      vertex -104.349 18.4294 0
      vertex -104.056 -18.5865 0
      vertex -104.349 -18.4294 0
    endloop
  endfacet
  facet normal 0 0 -1
    outer loop
      vertex -103.798 18.7979 0
      vertex -103.586 19.0555 0
      vertex -103.586 -19.0555 0
    endloop
  endfacet
  facet normal 0 0 -1
    outer loop
      vertex -103.586 -19.0555 0
      vertex -103.586 19.0555 0
      vertex -47.5 -14.5 0
    endloop
  endfacet
  facet normal 0 0 -1
    outer loop
      vertex -103.429 -19.3494 0
      vertex -47.5 -14.5 0
      vertex -103.333 -19.6683 0
    endloop
  endfacet
  facet normal 0 0 -1
    outer loop
      vertex -103.333 -19.6683 0
      vertex -51.5706 -29.3494 0
      vertex -103.3 -20 0
    endloop
  endfacet
  facet normal -0 0 -1
    outer loop
      vertex -51.4135 -29.0555 0
      vertex -51.5706 -29.3494 0
      vertex -103.333 -19.6683 0
    endloop
  endfacet
  facet normal 0 0 -1
    outer loop
      vertex -51.4135 -29.0555 0
      vertex -103.333 -19.6683 0
      vertex -47.5 -14.5 0
    endloop
  endfacet
  facet normal 0 0 -1
    outer loop
      vertex -109.056 -58.5865 0
      vertex -109.349 -58.4294 0
      vertex -104.668 -21.6673 0
    endloop
  endfacet
  facet normal 0 0 -1
    outer loop
      vertex -108.798 -58.7979 0
      vertex -90.9445 -59.5865 0
      vertex -91.2021 -59.7979 0
    endloop
  endfacet
  facet normal 0 0 -1
    outer loop
      vertex -82.2285 -63.0741 0
      vertex -90 -62.7 0
      vertex -89.6683 -62.6673 0
    endloop
  endfacet
  facet normal -0 0 -1
    outer loop
      vertex -50.9445 -28.5865 0
      vertex -51.2021 -28.7979 0
      vertex -47.3776 -15.2725 0
    endloop
  endfacet
  facet normal 0 0 -1
    outer loop
      vertex -88.3 -61 0
      vertex -84 -61 0
      vertex -83.9741 -61.3285 0
    endloop
  endfacet
  facet normal 0 0 -1
    outer loop
      vertex -50.9445 -31.4135 0
      vertex -61.451 -59.0028 0
      vertex -61.7715 -58.9258 0
    endloop
  endfacet
  facet normal -0 0 -1
    outer loop
      vertex -105.944 -21.4135 0
      vertex -110.651 -58.4294 0
      vertex -106.202 -21.2021 0
    endloop
  endfacet
  facet normal 0 0 -1
    outer loop
      vertex -106.202 -21.2021 0
      vertex -110.651 -58.4294 0
      vertex -110.944 -58.5865 0
    endloop
  endfacet
  facet normal 0 0 -1
    outer loop
      vertex -125 -63 0
      vertex -106.202 -21.2021 0
      vertex -110.944 -58.5865 0
    endloop
  endfacet
  facet normal 0 0 -1
    outer loop
      vertex -60.6151 -59.5151 0
      vertex -60.8656 -59.3011 0
      vertex -54.9445 -59.5865 0
    endloop
  endfacet
  facet normal 0 0 -1
    outer loop
      vertex -103.586 -20.9445 0
      vertex -81.9 -58.9 0
      vertex -82.2285 -58.9258 0
    endloop
  endfacet
  facet normal 0 0 -1
    outer loop
      vertex -89.0555 -59.5865 0
      vertex -83.1343 -59.3011 0
      vertex -83.3849 -59.5151 0
    endloop
  endfacet
  facet normal 0 0 -1
    outer loop
      vertex -103.798 -21.2021 0
      vertex -89.6683 -59.3327 0
      vertex -90 -59.3 0
    endloop
  endfacet
  facet normal 0 0 -1
    outer loop
      vertex -109.056 -58.5865 0
      vertex -104.668 -21.6673 0
      vertex -90.6506 -59.4294 0
    endloop
  endfacet
  facet normal 0 0 -1
    outer loop
      vertex -103.429 -20.6506 0
      vertex -103.333 -20.3316 0
      vertex -51.7 -30 0
    endloop
  endfacet
  facet normal 0 0 -1
    outer loop
      vertex -51.7 -30 0
      vertex -103.333 -20.3316 0
      vertex -51.6673 -29.6683 0
    endloop
  endfacet
  facet normal 0 0 -1
    outer loop
      vertex -51.6673 -29.6683 0
      vertex -103.333 -20.3316 0
      vertex -103.3 -20 0
    endloop
  endfacet
  facet normal -0 0 -1
    outer loop
      vertex -51.5706 -29.3494 0
      vertex -51.6673 -29.6683 0
      vertex -103.3 -20 0
    endloop
  endfacet
  facet normal 0 0 -1
    outer loop
      vertex -47.4692 -14.8911 0
      vertex -51.2021 -28.7979 0
      vertex -51.4135 -29.0555 0
    endloop
  endfacet
  facet normal 0 0 -1
    outer loop
      vertex -50.3316 -28.3327 0
      vertex -46.4695 -16.5225 0
      vertex -50 -28.3 0
    endloop
  endfacet
  facet normal 0 -0 -1
    outer loop
      vertex -46.7678 -16.2678 0
      vertex -46.4695 -16.5225 0
      vertex -50.3316 -28.3327 0
    endloop
  endfacet
  facet normal 0 -0 -1
    outer loop
      vertex -46.4695 -16.5225 0
      vertex -46.135 -16.7275 0
      vertex -50 -28.3 0
    endloop
  endfacet
  facet normal 0 -0 -1
    outer loop
      vertex -46.135 -16.7275 0
      vertex -45.7725 -16.8776 0
      vertex -49.6683 -28.3327 0
    endloop
  endfacet
  facet normal 0 0 -1
    outer loop
      vertex -49.6683 -28.3327 0
      vertex -45.7725 -16.8776 0
      vertex -49.3494 -28.4294 0
    endloop
  endfacet
  facet normal 0 0 -1
    outer loop
      vertex -49.3494 -28.4294 0
      vertex -45.3911 -16.9692 0
      vertex -49.0555 -28.5865 0
    endloop
  endfacet
  facet normal 0 0 -1
    outer loop
      vertex -49.0555 -28.5865 0
      vertex -45 -17 0
      vertex -48.7979 -28.7979 0
    endloop
  endfacet
  facet normal 0 0 -1
    outer loop
      vertex -48.7979 -28.7979 0
      vertex -45 -17 0
      vertex -44.6089 -16.9692 0
    endloop
  endfacet
  facet normal 0 0 -1
    outer loop
      vertex -48.5865 -29.0555 0
      vertex -44.6089 -16.9692 0
      vertex -44.2274 -16.8776 0
    endloop
  endfacet
  facet normal -0 0 -1
    outer loop
      vertex -26.6673 -29.6683 0
      vertex -26.7 -30 0
      vertex -48.3327 -29.6683 0
    endloop
  endfacet
  facet normal 0 0 -1
    outer loop
      vertex -48.4294 -30.6506 0
      vertex -48.3327 -30.3316 0
      vertex -26.6673 -30.3316 0
    endloop
  endfacet
  facet normal 0 0 -1
    outer loop
      vertex -48.3327 -30.3316 0
      vertex -26.7 -30 0
      vertex -26.6673 -30.3316 0
    endloop
  endfacet
  facet normal 0 -0 -1
    outer loop
      vertex -48.7979 -31.2021 0
      vertex -26.2021 -31.2021 0
      vertex -49.0555 -31.4135 0
    endloop
  endfacet
  facet normal 0 0 -1
    outer loop
      vertex -42.5 -14.5 0
      vertex -2.5 -14.5 0
      vertex -24.6683 -28.3327 0
    endloop
  endfacet
  facet normal 0 0 -1
    outer loop
      vertex -25.9445 -31.4135 0
      vertex -49.0555 -31.4135 0
      vertex -26.2021 -31.2021 0
    endloop
  endfacet
  facet normal 0 0 -1
    outer loop
      vertex -55.7 -61 0
      vertex -60 -61 0
      vertex -60.0258 -60.6715 0
    endloop
  endfacet
  facet normal 0 0 -1
    outer loop
      vertex -23.7979 -28.7979 0
      vertex -2.37764 -15.2725 0
      vertex -2.22751 -15.635 0
    endloop
  endfacet
  facet normal 0 0 -1
    outer loop
      vertex -23.4294 -29.3494 0
      vertex -1.66733 -29.6683 0
      vertex -23.3327 -29.6683 0
    endloop
  endfacet
  facet normal 0 -0 -1
    outer loop
      vertex -23.4294 -30.6506 0
      vertex -1.57059 -30.6506 0
      vertex -23.5865 -30.9445 0
    endloop
  endfacet
  facet normal 0 0 -1
    outer loop
      vertex -23.5865 -29.0555 0
      vertex -1.4135 -29.0555 0
      vertex -1.57059 -29.3494 0
    endloop
  endfacet
  facet normal 0 -0 -1
    outer loop
      vertex 83.5989 -62.2343 0
      vertex 88.7979 -62.2021 0
      vertex 83.3849 -62.4849 0
    endloop
  endfacet
  facet normal 0 -0 -1
    outer loop
      vertex -50.9445 -31.4135 0
      vertex -50.6506 -31.5706 0
      vertex -61.451 -59.0028 0
    endloop
  endfacet
  facet normal 0 0 -1
    outer loop
      vertex -60.4011 -59.7656 0
      vertex -60.6151 -59.5151 0
      vertex -55.2021 -59.7979 0
    endloop
  endfacet
  facet normal 0 0 -1
    outer loop
      vertex -60.4011 -59.7656 0
      vertex -55.4135 -60.0555 0
      vertex -60.2289 -60.0466 0
    endloop
  endfacet
  facet normal 0 0 -1
    outer loop
      vertex -1.13496 -16.7275 0
      vertex -0.650558 -28.4294 0
      vertex -0.944458 -28.5865 0
    endloop
  endfacet
  facet normal -0 0 -1
    outer loop
      vertex -26.4135 -30.9445 0
      vertex -48.7979 -31.2021 0
      vertex -48.5865 -30.9445 0
    endloop
  endfacet
  facet normal -0 0 -1
    outer loop
      vertex -2.46921 -14.8911 0
      vertex -24.0555 -28.5865 0
      vertex -2.5 -14.5 0
    endloop
  endfacet
  facet normal 0 -0 -1
    outer loop
      vertex -26.5706 -30.6506 0
      vertex -26.4135 -30.9445 0
      vertex -48.5865 -30.9445 0
    endloop
  endfacet
  facet normal 0 -0 -1
    outer loop
      vertex -48.4294 -30.6506 0
      vertex -26.5706 -30.6506 0
      vertex -48.5865 -30.9445 0
    endloop
  endfacet
  facet normal 0 0 -1
    outer loop
      vertex -48.4294 -30.6506 0
      vertex -26.6673 -30.3316 0
      vertex -26.5706 -30.6506 0
    endloop
  endfacet
  facet normal 0 -0 -1
    outer loop
      vertex -43.2322 -16.2678 0
      vertex -26.5706 -29.3494 0
      vertex -43.5305 -16.5225 0
    endloop
  endfacet
  facet normal 0 0 -1
    outer loop
      vertex -43.2322 -16.2678 0
      vertex -26.4135 -29.0555 0
      vertex -26.5706 -29.3494 0
    endloop
  endfacet
  facet normal 0 0 -1
    outer loop
      vertex -43.2322 -16.2678 0
      vertex -42.9774 -15.9695 0
      vertex -26.4135 -29.0555 0
    endloop
  endfacet
  facet normal 0 0 -1
    outer loop
      vertex -26.4135 -29.0555 0
      vertex -42.9774 -15.9695 0
      vertex -26.2021 -28.7979 0
    endloop
  endfacet
  facet normal 0 0 -1
    outer loop
      vertex -26.2021 -28.7979 0
      vertex -42.9774 -15.9695 0
      vertex -42.7725 -15.635 0
    endloop
  endfacet
  facet normal -0 0 -1
    outer loop
      vertex -25.9445 -28.5865 0
      vertex -26.2021 -28.7979 0
      vertex -42.7725 -15.635 0
    endloop
  endfacet
  facet normal 0 -0 -1
    outer loop
      vertex -42.6223 -15.2725 0
      vertex -25.9445 -28.5865 0
      vertex -42.7725 -15.635 0
    endloop
  endfacet
  facet normal 0 0 -1
    outer loop
      vertex -42.6223 -15.2725 0
      vertex -25.6506 -28.4294 0
      vertex -25.9445 -28.5865 0
    endloop
  endfacet
  facet normal 0 0 -1
    outer loop
      vertex -25.6506 -28.4294 0
      vertex -42.5308 -14.8911 0
      vertex -42.5 -14.5 0
    endloop
  endfacet
  facet normal 0 0 -1
    outer loop
      vertex -42.6223 -15.2725 0
      vertex -42.5308 -14.8911 0
      vertex -25.6506 -28.4294 0
    endloop
  endfacet
  facet normal 0 0 -1
    outer loop
      vertex -24.6683 -28.3327 0
      vertex -2.5 -14.5 0
      vertex -24.3494 -28.4294 0
    endloop
  endfacet
  facet normal 0 0 -1
    outer loop
      vertex -2.37764 -15.2725 0
      vertex -23.7979 -28.7979 0
      vertex -24.0555 -28.5865 0
    endloop
  endfacet
  facet normal 0 0 -1
    outer loop
      vertex -2.22751 -15.635 0
      vertex -23.5865 -29.0555 0
      vertex -23.7979 -28.7979 0
    endloop
  endfacet
  facet normal 0 -0 -1
    outer loop
      vertex -2.22751 -15.635 0
      vertex -2.02254 -15.9695 0
      vertex -23.5865 -29.0555 0
    endloop
  endfacet
  facet normal 0 0 -1
    outer loop
      vertex -52.3327 -61.3316 0
      vertex -24.3494 -31.5706 0
      vertex -0.650558 -31.5706 0
    endloop
  endfacet
  facet normal 0 0 -1
    outer loop
      vertex -1.20207 -31.2021 0
      vertex -23.7979 -31.2021 0
      vertex -1.4135 -30.9445 0
    endloop
  endfacet
  facet normal -0 0 -1
    outer loop
      vertex -1.20207 -31.2021 0
      vertex -24.0555 -31.4135 0
      vertex -23.7979 -31.2021 0
    endloop
  endfacet
  facet normal 0 0 -1
    outer loop
      vertex -23.5865 -29.0555 0
      vertex -2.02254 -15.9695 0
      vertex -1.4135 -29.0555 0
    endloop
  endfacet
  facet normal 0 0 -1
    outer loop
      vertex -24.0555 -31.4135 0
      vertex -1.20207 -31.2021 0
      vertex -0.944458 -31.4135 0
    endloop
  endfacet
  facet normal 0 0 -1
    outer loop
      vertex -24.3494 -31.5706 0
      vertex -24.0555 -31.4135 0
      vertex -0.944458 -31.4135 0
    endloop
  endfacet
  facet normal 0 0 -1
    outer loop
      vertex -0.650558 -31.5706 0
      vertex -24.3494 -31.5706 0
      vertex -0.944458 -31.4135 0
    endloop
  endfacet
  facet normal 0 -0 -1
    outer loop
      vertex -25 -31.7 0
      vertex -24.6683 -31.6673 0
      vertex -52.3 -61 0
    endloop
  endfacet
  facet normal 0 -0 -1
    outer loop
      vertex 1.20207 -31.2021 0
      vertex 23.7979 -31.2021 0
      vertex 0.944458 -31.4135 0
    endloop
  endfacet
  facet normal -0 0 -1
    outer loop
      vertex 42.9774 -15.9695 0
      vertex 26.2021 -28.7979 0
      vertex 42.7725 -15.635 0
    endloop
  endfacet
  facet normal 0 0 -1
    outer loop
      vertex -61.1466 -62.8711 0
      vertex -60.8656 -62.6989 0
      vertex -54.6506 -62.5706 0
    endloop
  endfacet
  facet normal -0 0 -1
    outer loop
      vertex -54 -62.7 0
      vertex -61.7715 -63.0741 0
      vertex -54.3316 -62.6673 0
    endloop
  endfacet
  facet normal 0 0 -1
    outer loop
      vertex 113 -75 0
      vertex 54 -62.7 0
      vertex 62.1 -63.1 0
    endloop
  endfacet
  facet normal 0 -0 -1
    outer loop
      vertex 42.5 -14.5 0
      vertex 42.5308 -14.8911 0
      vertex 25.6506 -28.4294 0
    endloop
  endfacet
  facet normal 0 0 -1
    outer loop
      vertex -52.3327 -61.3316 0
      vertex -52.3 -61 0
      vertex -24.6683 -31.6673 0
    endloop
  endfacet
  facet normal 0 0 -1
    outer loop
      vertex -1.4135 -30.9445 0
      vertex -23.5865 -30.9445 0
      vertex -1.57059 -30.6506 0
    endloop
  endfacet
  facet normal 0 0 -1
    outer loop
      vertex -23.7979 -31.2021 0
      vertex -23.5865 -30.9445 0
      vertex -1.4135 -30.9445 0
    endloop
  endfacet
  facet normal 0 0 -1
    outer loop
      vertex -23.4294 -30.6506 0
      vertex -1.66733 -30.3316 0
      vertex -1.57059 -30.6506 0
    endloop
  endfacet
  facet normal 0 0 -1
    outer loop
      vertex -23.5865 -29.0555 0
      vertex -1.57059 -29.3494 0
      vertex -23.4294 -29.3494 0
    endloop
  endfacet
  facet normal -0 0 -1
    outer loop
      vertex -1.66733 -30.3316 0
      vertex -23.4294 -30.6506 0
      vertex -23.3327 -30.3316 0
    endloop
  endfacet
  facet normal 0 -0 -1
    outer loop
      vertex -1.7 -30 0
      vertex -1.66733 -30.3316 0
      vertex -23.3327 -30.3316 0
    endloop
  endfacet
  facet normal 0 -0 -1
    outer loop
      vertex -23.3 -30 0
      vertex -1.7 -30 0
      vertex -23.3327 -30.3316 0
    endloop
  endfacet
  facet normal 0 0 -1
    outer loop
      vertex -23.3 -30 0
      vertex -23.3327 -29.6683 0
      vertex -1.7 -30 0
    endloop
  endfacet
  facet normal 0 0 -1
    outer loop
      vertex -1.66733 -29.6683 0
      vertex -23.4294 -29.3494 0
      vertex -1.57059 -29.3494 0
    endloop
  endfacet
  facet normal 0 0 -1
    outer loop
      vertex -1.7 -30 0
      vertex -23.3327 -29.6683 0
      vertex -1.66733 -29.6683 0
    endloop
  endfacet
  facet normal 0 0 -1
    outer loop
      vertex -1.76776 -16.2678 0
      vertex -1.20207 -28.7979 0
      vertex -1.4135 -29.0555 0
    endloop
  endfacet
  facet normal 0 0 -1
    outer loop
      vertex -0.772537 -16.8776 0
      vertex -0.391083 -16.9692 0
      vertex -0.33165 -28.3327 0
    endloop
  endfacet
  facet normal 0 0 -1
    outer loop
      vertex -0.33165 -28.3327 0
      vertex -0.391083 -16.9692 0
      vertex 0 -28.3 0
    endloop
  endfacet
  facet normal 0 0 -1
    outer loop
      vertex 0 -28.3 0
      vertex 0 -17 0
      vertex 0.391083 -16.9692 0
    endloop
  endfacet
  facet normal 0 0 -1
    outer loop
      vertex 0.33165 -28.3327 0
      vertex 0 -28.3 0
      vertex 0.391083 -16.9692 0
    endloop
  endfacet
  facet normal 0 0 -1
    outer loop
      vertex 0.650558 -28.4294 0
      vertex 0.33165 -28.3327 0
      vertex 0.772537 -16.8776 0
    endloop
  endfacet
  facet normal 0 0 -1
    outer loop
      vertex 0.944458 -28.5865 0
      vertex 0.650558 -28.4294 0
      vertex 1.13496 -16.7275 0
    endloop
  endfacet
  facet normal 0 0 -1
    outer loop
      vertex 1.20207 -28.7979 0
      vertex 0.944458 -28.5865 0
      vertex 1.46945 -16.5225 0
    endloop
  endfacet
  facet normal 0 0 -1
    outer loop
      vertex 1.4135 -29.0555 0
      vertex 1.20207 -28.7979 0
      vertex 1.76776 -16.2678 0
    endloop
  endfacet
  facet normal 0 0 -1
    outer loop
      vertex 23.3 -30 0
      vertex 1.7 -30 0
      vertex 1.66733 -29.6683 0
    endloop
  endfacet
  facet normal 0 -0 -1
    outer loop
      vertex 23.4294 -30.6506 0
      vertex 23.5865 -30.9445 0
      vertex 1.4135 -30.9445 0
    endloop
  endfacet
  facet normal -0 0 -1
    outer loop
      vertex 42.5 -14.5 0
      vertex 24.6683 -28.3327 0
      vertex 2.5 -14.5 0
    endloop
  endfacet
  facet normal 0 0 -1
    outer loop
      vertex 42.5 -14.5 0
      vertex 25 -28.3 0
      vertex 24.6683 -28.3327 0
    endloop
  endfacet
  facet normal 0 0 -1
    outer loop
      vertex 25.3316 -28.3327 0
      vertex 25 -28.3 0
      vertex 42.5 -14.5 0
    endloop
  endfacet
  facet normal 0 0 -1
    outer loop
      vertex 25.3316 -28.3327 0
      vertex 42.5 -14.5 0
      vertex 25.6506 -28.4294 0
    endloop
  endfacet
  facet normal 0 -0 -1
    outer loop
      vertex 23.7979 -31.2021 0
      vertex 24.0555 -31.4135 0
      vertex 0.944458 -31.4135 0
    endloop
  endfacet
  facet normal 0 -0 -1
    outer loop
      vertex 0.944458 -31.4135 0
      vertex 24.0555 -31.4135 0
      vertex 0.650558 -31.5706 0
    endloop
  endfacet
  facet normal 0 0 -1
    outer loop
      vertex 0.650558 -31.5706 0
      vertex 24.0555 -31.4135 0
      vertex 24.3494 -31.5706 0
    endloop
  endfacet
  facet normal 0 0 -1
    outer loop
      vertex 43.2322 -16.2678 0
      vertex 26.5706 -29.3494 0
      vertex 26.4135 -29.0555 0
    endloop
  endfacet
  facet normal 0 0 -1
    outer loop
      vertex 0 -31.7 0
      vertex 52.4294 -61.6506 0
      vertex 52.5865 -61.9445 0
    endloop
  endfacet
  facet normal 0 0 -1
    outer loop
      vertex 0 -31.7 0
      vertex 0.33165 -31.6673 0
      vertex 52.4294 -61.6506 0
    endloop
  endfacet
  facet normal 0 -0 -1
    outer loop
      vertex -50.3316 -31.6673 0
      vertex -50 -31.7 0
      vertex -53.6683 -59.3327 0
    endloop
  endfacet
  facet normal -0 -0 -1
    outer loop
      vertex 60 -61 0
      vertex 60.0258 -61.3285 0
      vertex 55.7 -61 0
    endloop
  endfacet
  facet normal -0 -0 -1
    outer loop
      vertex 43.865 -16.7275 0
      vertex 48.4294 -29.3494 0
      vertex 43.5305 -16.5225 0
    endloop
  endfacet
  facet normal 0 0 -1
    outer loop
      vertex 26.6673 -29.6683 0
      vertex 48.3 -30 0
      vertex 26.7 -30 0
    endloop
  endfacet
  facet normal -0 0 -1
    outer loop
      vertex 23.5865 -30.9445 0
      vertex 1.20207 -31.2021 0
      vertex 1.4135 -30.9445 0
    endloop
  endfacet
  facet normal -0 0 -1
    outer loop
      vertex 42.6223 -15.2725 0
      vertex 25.6506 -28.4294 0
      vertex 42.5308 -14.8911 0
    endloop
  endfacet
  facet normal -0 0 -1
    outer loop
      vertex 23.4294 -30.6506 0
      vertex 1.4135 -30.9445 0
      vertex 1.57059 -30.6506 0
    endloop
  endfacet
  facet normal 0 -0 -1
    outer loop
      vertex 23.3327 -30.3316 0
      vertex 23.4294 -30.6506 0
      vertex 1.57059 -30.6506 0
    endloop
  endfacet
  facet normal 0 0 -1
    outer loop
      vertex 23.4294 -29.3494 0
      vertex 1.57059 -29.3494 0
      vertex 1.4135 -29.0555 0
    endloop
  endfacet
  facet normal -0 0 -1
    outer loop
      vertex 23.5865 -29.0555 0
      vertex 23.4294 -29.3494 0
      vertex 1.4135 -29.0555 0
    endloop
  endfacet
  facet normal 0 -0 -1
    outer loop
      vertex 2.02254 -15.9695 0
      vertex 23.5865 -29.0555 0
      vertex 1.4135 -29.0555 0
    endloop
  endfacet
  facet normal 0 0 -1
    outer loop
      vertex 2.02254 -15.9695 0
      vertex 2.22751 -15.635 0
      vertex 23.5865 -29.0555 0
    endloop
  endfacet
  facet normal 0 0 -1
    outer loop
      vertex 23.5865 -29.0555 0
      vertex 2.22751 -15.635 0
      vertex 23.7979 -28.7979 0
    endloop
  endfacet
  facet normal 0 0 -1
    outer loop
      vertex 23.7979 -28.7979 0
      vertex 2.22751 -15.635 0
      vertex 2.37764 -15.2725 0
    endloop
  endfacet
  facet normal -0 0 -1
    outer loop
      vertex 24.0555 -28.5865 0
      vertex 23.7979 -28.7979 0
      vertex 2.37764 -15.2725 0
    endloop
  endfacet
  facet normal 0 -0 -1
    outer loop
      vertex 2.46921 -14.8911 0
      vertex 24.0555 -28.5865 0
      vertex 2.37764 -15.2725 0
    endloop
  endfacet
  facet normal 0 0 -1
    outer loop
      vertex 2.46921 -14.8911 0
      vertex 2.5 -14.5 0
      vertex 24.0555 -28.5865 0
    endloop
  endfacet
  facet normal 0 0 -1
    outer loop
      vertex 24.0555 -28.5865 0
      vertex 2.5 -14.5 0
      vertex 24.3494 -28.4294 0
    endloop
  endfacet
  facet normal -0 0 -1
    outer loop
      vertex 42.7725 -15.635 0
      vertex 25.9445 -28.5865 0
      vertex 42.6223 -15.2725 0
    endloop
  endfacet
  facet normal 0 0 -1
    outer loop
      vertex 42.7725 -15.635 0
      vertex 26.2021 -28.7979 0
      vertex 25.9445 -28.5865 0
    endloop
  endfacet
  facet normal 0 0 -1
    outer loop
      vertex 42.9774 -15.9695 0
      vertex 26.4135 -29.0555 0
      vertex 26.2021 -28.7979 0
    endloop
  endfacet
  facet normal 0 -0 -1
    outer loop
      vertex 42.9774 -15.9695 0
      vertex 43.2322 -16.2678 0
      vertex 26.4135 -29.0555 0
    endloop
  endfacet
  facet normal 0 -0 -1
    outer loop
      vertex 43.2322 -16.2678 0
      vertex 43.5305 -16.5225 0
      vertex 26.5706 -29.3494 0
    endloop
  endfacet
  facet normal 0 0 -1
    outer loop
      vertex 26.5706 -29.3494 0
      vertex 48.3327 -29.6683 0
      vertex 26.6673 -29.6683 0
    endloop
  endfacet
  facet normal -0 0 -1
    outer loop
      vertex 48.3 -30 0
      vertex 26.6673 -30.3316 0
      vertex 26.7 -30 0
    endloop
  endfacet
  facet normal 0 0 -1
    outer loop
      vertex 48.3 -30 0
      vertex 26.6673 -29.6683 0
      vertex 48.3327 -29.6683 0
    endloop
  endfacet
  facet normal 0 -0 -1
    outer loop
      vertex 26.2021 -31.2021 0
      vertex 48.7979 -31.2021 0
      vertex 25.9445 -31.4135 0
    endloop
  endfacet
  facet normal 0 0 -1
    outer loop
      vertex 25.9445 -31.4135 0
      vertex 48.7979 -31.2021 0
      vertex 49.0555 -31.4135 0
    endloop
  endfacet
  facet normal 0 0 -1
    outer loop
      vertex 55.4135 -60.0555 0
      vertex 60.2289 -60.0466 0
      vertex 55.5706 -60.3494 0
    endloop
  endfacet
  facet normal 0 0 -1
    outer loop
      vertex 48.4294 -29.3494 0
      vertex 43.865 -16.7275 0
      vertex 44.2274 -16.8776 0
    endloop
  endfacet
  facet normal 0 0 -1
    outer loop
      vertex 51.2021 -31.2021 0
      vertex 51.4135 -30.9445 0
      vertex 62.1 -58.9 0
    endloop
  endfacet
  facet normal 0 0 -1
    outer loop
      vertex 24.3494 -31.5706 0
      vertex 24.6683 -31.6673 0
      vertex 52.3327 -61.3316 0
    endloop
  endfacet
  facet normal 0 0 -1
    outer loop
      vertex 55.2021 -59.7979 0
      vertex 54.9445 -59.5865 0
      vertex 60.6151 -59.5151 0
    endloop
  endfacet
  facet normal 0 0 -1
    outer loop
      vertex 52.3327 -61.3316 0
      vertex 24.6683 -31.6673 0
      vertex 52.3 -61 0
    endloop
  endfacet
  facet normal 0 0 -1
    outer loop
      vertex 52.4294 -61.6506 0
      vertex 0.33165 -31.6673 0
      vertex 52.3327 -61.3316 0
    endloop
  endfacet
  facet normal -0 0 -1
    outer loop
      vertex 48.5865 -29.0555 0
      vertex 48.4294 -29.3494 0
      vertex 44.2274 -16.8776 0
    endloop
  endfacet
  facet normal 0 0 -1
    outer loop
      vertex 60.1028 -60.3511 0
      vertex 60.0258 -60.6715 0
      vertex 55.6673 -60.6683 0
    endloop
  endfacet
  facet normal -0 0 -1
    outer loop
      vertex 48.5865 -30.9445 0
      vertex 26.2021 -31.2021 0
      vertex 26.4135 -30.9445 0
    endloop
  endfacet
  facet normal 0 0 -1
    outer loop
      vertex 49.3494 -28.4294 0
      vertex 45.3911 -16.9692 0
      vertex 45.7725 -16.8776 0
    endloop
  endfacet
  facet normal 0 -0 -1
    outer loop
      vertex 48.4294 -30.6506 0
      vertex 48.5865 -30.9445 0
      vertex 26.4135 -30.9445 0
    endloop
  endfacet
  facet normal 0 -0 -1
    outer loop
      vertex 26.5706 -30.6506 0
      vertex 48.4294 -30.6506 0
      vertex 26.4135 -30.9445 0
    endloop
  endfacet
  facet normal 0 0 -1
    outer loop
      vertex 26.5706 -30.6506 0
      vertex 48.3327 -30.3316 0
      vertex 48.4294 -30.6506 0
    endloop
  endfacet
  facet normal 0 0 -1
    outer loop
      vertex 26.5706 -30.6506 0
      vertex 26.6673 -30.3316 0
      vertex 48.3327 -30.3316 0
    endloop
  endfacet
  facet normal 0 0 -1
    outer loop
      vertex 48.3327 -30.3316 0
      vertex 26.6673 -30.3316 0
      vertex 48.3 -30 0
    endloop
  endfacet
  facet normal 0 0 -1
    outer loop
      vertex 48.4294 -29.3494 0
      vertex 26.5706 -29.3494 0
      vertex 43.5305 -16.5225 0
    endloop
  endfacet
  facet normal 0 -0 -1
    outer loop
      vertex 45.3911 -16.9692 0
      vertex 49.0555 -28.5865 0
      vertex 45 -17 0
    endloop
  endfacet
  facet normal -0 0 -1
    outer loop
      vertex 49.6683 -28.3327 0
      vertex 49.3494 -28.4294 0
      vertex 45.7725 -16.8776 0
    endloop
  endfacet
  facet normal -0 0 -1
    outer loop
      vertex 50 -28.3 0
      vertex 49.6683 -28.3327 0
      vertex 46.135 -16.7275 0
    endloop
  endfacet
  facet normal 0 -0 -1
    outer loop
      vertex 46.4695 -16.5225 0
      vertex 50 -28.3 0
      vertex 46.135 -16.7275 0
    endloop
  endfacet
  facet normal 0 -0 -1
    outer loop
      vertex 47.4692 -14.8911 0
      vertex 51.2021 -28.7979 0
      vertex 47.3776 -15.2725 0
    endloop
  endfacet
  facet normal 0 0 -1
    outer loop
      vertex 46.4695 -16.5225 0
      vertex 46.7678 -16.2678 0
      vertex 50.3316 -28.3327 0
    endloop
  endfacet
  facet normal 0 0 -1
    outer loop
      vertex 50.3316 -28.3327 0
      vertex 46.7678 -16.2678 0
      vertex 47.0225 -15.9695 0
    endloop
  endfacet
  facet normal 0 -0 -1
    outer loop
      vertex 47.2275 -15.635 0
      vertex 50.6506 -28.4294 0
      vertex 47.0225 -15.9695 0
    endloop
  endfacet
  facet normal 0 0 -1
    outer loop
      vertex 50.6506 -28.4294 0
      vertex 50.3316 -28.3327 0
      vertex 47.0225 -15.9695 0
    endloop
  endfacet
  facet normal 0 -0 -1
    outer loop
      vertex 47.5 -14.5 0
      vertex 51.4135 -29.0555 0
      vertex 47.4692 -14.8911 0
    endloop
  endfacet
  facet normal 0 0 -1
    outer loop
      vertex 47.5 -14.5 0
      vertex 103.333 -19.6683 0
      vertex 51.4135 -29.0555 0
    endloop
  endfacet
  facet normal 0 0 -1
    outer loop
      vertex 103.333 -19.6683 0
      vertex 103.3 -20 0
      vertex 51.5706 -29.3494 0
    endloop
  endfacet
  facet normal 0 0 -1
    outer loop
      vertex 51.5706 -29.3494 0
      vertex 103.3 -20 0
      vertex 51.6673 -29.6683 0
    endloop
  endfacet
  facet normal 0 0 -1
    outer loop
      vertex 51.6673 -29.6683 0
      vertex 103.333 -20.3316 0
      vertex 51.7 -30 0
    endloop
  endfacet
  facet normal 0 0 -1
    outer loop
      vertex 51.7 -30 0
      vertex 103.333 -20.3316 0
      vertex 103.429 -20.6506 0
    endloop
  endfacet
  facet normal 0 0 -1
    outer loop
      vertex 51.7 -30 0
      vertex 103.429 -20.6506 0
      vertex 81.9 -58.9 0
    endloop
  endfacet
  facet normal 0 -0 -1
    outer loop
      vertex 103.429 -20.6506 0
      vertex 103.586 -20.9445 0
      vertex 81.9 -58.9 0
    endloop
  endfacet
  facet normal -0 0 -1
    outer loop
      vertex 104.668 -21.6673 0
      vertex 90.6506 -59.4294 0
      vertex 104.349 -21.5706 0
    endloop
  endfacet
  facet normal 0 0 -1
    outer loop
      vertex 114.176 -74.9422 0
      vertex 110.651 -61.5706 0
      vertex 115.341 -74.7694 0
    endloop
  endfacet
  facet normal 0 0 -1
    outer loop
      vertex 90.9445 -59.5865 0
      vertex 109.056 -58.5865 0
      vertex 108.798 -58.7979 0
    endloop
  endfacet
  facet normal 0 0 -1
    outer loop
      vertex 108.586 -59.0555 0
      vertex 91.4135 -60.0555 0
      vertex 91.2021 -59.7979 0
    endloop
  endfacet
  facet normal 0 0 -1
    outer loop
      vertex 113 -75 0
      vertex 108.798 -61.2021 0
      vertex 109.056 -61.4135 0
    endloop
  endfacet
  facet normal -0 -0 -1
    outer loop
      vertex 110 -61.7 0
      vertex 113 -75 0
      vertex 109.668 -61.6673 0
    endloop
  endfacet
  facet normal 0 0 -1
    outer loop
      vertex 24.6683 -31.6673 0
      vertex 25 -31.7 0
      vertex 52.3 -61 0
    endloop
  endfacet
  facet normal 0 0 -1
    outer loop
      vertex 88.4294 -60.3494 0
      vertex 83.7711 -60.0466 0
      vertex 88.5865 -60.0555 0
    endloop
  endfacet
  facet normal 0 0 -1
    outer loop
      vertex 88.4294 -61.6506 0
      vertex 83.8972 -61.6489 0
      vertex 88.3327 -61.3316 0
    endloop
  endfacet
  facet normal -0 -0 -1
    outer loop
      vertex 109.668 -61.6673 0
      vertex 113 -75 0
      vertex 109.349 -61.5706 0
    endloop
  endfacet
  facet normal -0 -0 -1
    outer loop
      vertex 109.349 -61.5706 0
      vertex 113 -75 0
      vertex 109.056 -61.4135 0
    endloop
  endfacet
  facet normal 0 0 -1
    outer loop
      vertex 52.4294 -60.3494 0
      vertex 25.3316 -31.6673 0
      vertex 25.6506 -31.5706 0
    endloop
  endfacet
  facet normal 0 0 -1
    outer loop
      vertex 82.8534 -59.1289 0
      vertex 89.3494 -59.4294 0
      vertex 83.1343 -59.3011 0
    endloop
  endfacet
  facet normal 0 0 -1
    outer loop
      vertex 54.6506 -59.4294 0
      vertex 61.1466 -59.1289 0
      vertex 60.8656 -59.3011 0
    endloop
  endfacet
  facet normal 0 0 -1
    outer loop
      vertex 104.668 -21.6673 0
      vertex 109.349 -58.4294 0
      vertex 109.056 -58.5865 0
    endloop
  endfacet
  facet normal 0 0 -1
    outer loop
      vertex 105 -21.7 0
      vertex 109.668 -58.3327 0
      vertex 109.349 -58.4294 0
    endloop
  endfacet
  facet normal 0 0 -1
    outer loop
      vertex 105 -21.7 0
      vertex 105.332 -21.6673 0
      vertex 109.668 -58.3327 0
    endloop
  endfacet
  facet normal 0 0 -1
    outer loop
      vertex 109.668 -58.3327 0
      vertex 105.332 -21.6673 0
      vertex 110 -58.3 0
    endloop
  endfacet
  facet normal 0 0 -1
    outer loop
      vertex 110 -58.3 0
      vertex 105.332 -21.6673 0
      vertex 105.651 -21.5706 0
    endloop
  endfacet
  facet normal 0 0 -1
    outer loop
      vertex 110.332 -58.3327 0
      vertex 110 -58.3 0
      vertex 105.651 -21.5706 0
    endloop
  endfacet
  facet normal 0 -0 -1
    outer loop
      vertex 105.944 -21.4135 0
      vertex 110.332 -58.3327 0
      vertex 105.651 -21.5706 0
    endloop
  endfacet
  facet normal 0 0 -1
    outer loop
      vertex 105.944 -21.4135 0
      vertex 110.651 -58.4294 0
      vertex 110.332 -58.3327 0
    endloop
  endfacet
  facet normal 0 0 -1
    outer loop
      vertex 105.944 -21.4135 0
      vertex 106.202 -21.2021 0
      vertex 110.651 -58.4294 0
    endloop
  endfacet
  facet normal 0 0 -1
    outer loop
      vertex 110.651 -58.4294 0
      vertex 106.202 -21.2021 0
      vertex 110.944 -58.5865 0
    endloop
  endfacet
  facet normal 0 0 -1
    outer loop
      vertex 110.944 -58.5865 0
      vertex 106.202 -21.2021 0
      vertex 125 -63 0
    endloop
  endfacet
  facet normal 0 0 -1
    outer loop
      vertex 111.202 -58.7979 0
      vertex 110.944 -58.5865 0
      vertex 125 -63 0
    endloop
  endfacet
  facet normal 0 0 -1
    outer loop
      vertex 111.413 -59.0555 0
      vertex 111.202 -58.7979 0
      vertex 125 -63 0
    endloop
  endfacet
  facet normal 0 0 -1
    outer loop
      vertex 125 -63 0
      vertex 111.7 -60 0
      vertex 111.667 -59.6683 0
    endloop
  endfacet
  facet normal 0 0 -1
    outer loop
      vertex 111.571 -60.6506 0
      vertex 125 -63 0
      vertex 124.942 -64.1762 0
    endloop
  endfacet
  facet normal 0 0 -1
    outer loop
      vertex 111.413 -60.9445 0
      vertex 124.769 -65.3411 0
      vertex 124.483 -66.4834 0
    endloop
  endfacet
  facet normal 0 0 -1
    outer loop
      vertex 122.978 -69.6668 0
      vertex 111.413 -60.9445 0
      vertex 123.583 -68.6568 0
    endloop
  endfacet
  facet normal 0 0 -1
    outer loop
      vertex 121.485 -71.4853 0
      vertex 111.202 -61.2021 0
      vertex 122.276 -70.6127 0
    endloop
  endfacet
  facet normal 0 0 -1
    outer loop
      vertex 119.667 -72.9776 0
      vertex 110.944 -61.4135 0
      vertex 111.202 -61.2021 0
    endloop
  endfacet
  facet normal -0 0 -1
    outer loop
      vertex 117.592 -74.0865 0
      vertex 116.483 -74.4833 0
      vertex 110.944 -61.4135 0
    endloop
  endfacet
  facet normal 0 -0 -1
    outer loop
      vertex 110.944 -61.4135 0
      vertex 115.341 -74.7694 0
      vertex 110.651 -61.5706 0
    endloop
  endfacet
  facet normal 0 0 -1
    outer loop
      vertex 110.651 -61.5706 0
      vertex 114.176 -74.9422 0
      vertex 113 -75 0
    endloop
  endfacet
  facet normal 0 0 -1
    outer loop
      vertex 110 -61.7 0
      vertex 110.332 -61.6673 0
      vertex 113 -75 0
    endloop
  endfacet
  facet normal 0 0 -1
    outer loop
      vertex 110.332 -61.6673 0
      vertex 110.651 -61.5706 0
      vertex 113 -75 0
    endloop
  endfacet
  facet normal 0 0 -1
    outer loop
      vertex -105.944 -21.4135 0
      vertex -110.332 -58.3327 0
      vertex -110.651 -58.4294 0
    endloop
  endfacet
  facet normal 0 0 -1
    outer loop
      vertex -113 -75 0
      vertex -90.3316 -62.6673 0
      vertex -90 -62.7 0
    endloop
  endfacet
  facet normal 0 0 -1
    outer loop
      vertex -111.413 -60.9445 0
      vertex -123.583 -68.6568 0
      vertex -124.087 -67.5922 0
    endloop
  endfacet
  facet normal 0 0 -1
    outer loop
      vertex -110.332 -58.3327 0
      vertex -105.944 -21.4135 0
      vertex -105.651 -21.5706 0
    endloop
  endfacet
  facet normal 0 0 -1
    outer loop
      vertex -124.483 -66.4834 0
      vertex -111.413 -60.9445 0
      vertex -124.087 -67.5922 0
    endloop
  endfacet
  facet normal 0 0 -1
    outer loop
      vertex -124.483 -66.4834 0
      vertex -124.769 -65.3411 0
      vertex -111.413 -60.9445 0
    endloop
  endfacet
  facet normal -0 0 -1
    outer loop
      vertex -111.413 -60.9445 0
      vertex -124.769 -65.3411 0
      vertex -111.571 -60.6506 0
    endloop
  endfacet
  facet normal 0 0 -1
    outer loop
      vertex -111.571 -60.6506 0
      vertex -124.769 -65.3411 0
      vertex -124.942 -64.1762 0
    endloop
  endfacet
  facet normal 0 0 -1
    outer loop
      vertex -125 -63 0
      vertex -111.571 -60.6506 0
      vertex -124.942 -64.1762 0
    endloop
  endfacet
  facet normal 0 0 -1
    outer loop
      vertex -125 -63 0
      vertex -111.667 -60.3316 0
      vertex -111.571 -60.6506 0
    endloop
  endfacet
  facet normal 0 0 -1
    outer loop
      vertex -125 -63 0
      vertex -111.7 -60 0
      vertex -111.667 -60.3316 0
    endloop
  endfacet
  facet normal 0 0 -1
    outer loop
      vertex -125 -63 0
      vertex -111.667 -59.6683 0
      vertex -111.7 -60 0
    endloop
  endfacet
  facet normal -0 0 -1
    outer loop
      vertex -110 -58.3 0
      vertex -110.332 -58.3327 0
      vertex -105.651 -21.5706 0
    endloop
  endfacet
  facet normal 0 0 -1
    outer loop
      vertex -109.668 -58.3327 0
      vertex -110 -58.3 0
      vertex -105.332 -21.6673 0
    endloop
  endfacet
  facet normal 0 -0 -1
    outer loop
      vertex -108.429 -60.6506 0
      vertex -91.5706 -61.6506 0
      vertex -108.586 -60.9445 0
    endloop
  endfacet
  facet normal 0 -0 -1
    outer loop
      vertex -105.332 -21.6673 0
      vertex -105 -21.7 0
      vertex -109.668 -58.3327 0
    endloop
  endfacet
  facet normal 0 0 -1
    outer loop
      vertex -109.349 -58.4294 0
      vertex -105 -21.7 0
      vertex -104.668 -21.6673 0
    endloop
  endfacet
  facet normal 0 0 -1
    outer loop
      vertex -109.668 -58.3327 0
      vertex -105 -21.7 0
      vertex -109.349 -58.4294 0
    endloop
  endfacet
  facet normal 0 0 -1
    outer loop
      vertex -83.3849 -59.5151 0
      vertex -83.5989 -59.7656 0
      vertex -88.7979 -59.7979 0
    endloop
  endfacet
  facet normal 0 0 -1
    outer loop
      vertex -88.3327 -60.6683 0
      vertex -83.8972 -60.3511 0
      vertex -83.9741 -60.6715 0
    endloop
  endfacet
  facet normal -0 -0 -1
    outer loop
      vertex -91.5706 -61.6506 0
      vertex -91.4135 -61.9445 0
      vertex -108.586 -60.9445 0
    endloop
  endfacet
  facet normal 0 0 -1
    outer loop
      vertex -82.2285 -58.9258 0
      vertex -103.798 -21.2021 0
      vertex -103.586 -20.9445 0
    endloop
  endfacet
  facet normal 0 -0 -1
    outer loop
      vertex -90.6506 -62.5706 0
      vertex -90.3316 -62.6673 0
      vertex -113 -75 0
    endloop
  endfacet
  facet normal -0 0 -1
    outer loop
      vertex -62.1 -63.1 0
      vertex -113 -75 0
      vertex -81.9 -63.1 0
    endloop
  endfacet
  facet normal 0 -0 -1
    outer loop
      vertex -51.4135 -30.9445 0
      vertex -51.2021 -31.2021 0
      vertex -62.1 -58.9 0
    endloop
  endfacet
  facet normal 0 0 -1
    outer loop
      vertex -88.5865 -61.9445 0
      vertex -88.4294 -61.6506 0
      vertex -83.7711 -61.9534 0
    endloop
  endfacet
  facet normal 0 0 -1
    outer loop
      vertex -62.1 -58.9 0
      vertex -51.2021 -31.2021 0
      vertex -50.9445 -31.4135 0
    endloop
  endfacet
  facet normal 0 0 -1
    outer loop
      vertex -88.7979 -62.2021 0
      vertex -83.5989 -62.2343 0
      vertex -83.3849 -62.4849 0
    endloop
  endfacet
  facet normal 0 0 -1
    outer loop
      vertex -61.7715 -58.9258 0
      vertex -62.1 -58.9 0
      vertex -50.9445 -31.4135 0
    endloop
  endfacet
  facet normal -0 -0 -1
    outer loop
      vertex -83.3849 -62.4849 0
      vertex -83.1343 -62.6989 0
      vertex -89.0555 -62.4135 0
    endloop
  endfacet
  facet normal -0 0 -1
    outer loop
      vertex -81.9 -63.1 0
      vertex -113 -75 0
      vertex -82.2285 -63.0741 0
    endloop
  endfacet
  facet normal 0 0 -1
    outer loop
      vertex -108.798 -61.2021 0
      vertex -113 -75 0
      vertex -109.056 -61.4135 0
    endloop
  endfacet
  facet normal 0 0 -1
    outer loop
      vertex -109.056 -61.4135 0
      vertex -113 -75 0
      vertex -109.349 -61.5706 0
    endloop
  endfacet
  facet normal 0 0 -1
    outer loop
      vertex -109.349 -61.5706 0
      vertex -113 -75 0
      vertex -109.668 -61.6673 0
    endloop
  endfacet
  facet normal 0 0 -1
    outer loop
      vertex -109.668 -61.6673 0
      vertex -113 -75 0
      vertex -110 -61.7 0
    endloop
  endfacet
  facet normal -0 -0 -1
    outer loop
      vertex 81.9 -63.1 0
      vertex 113 -75 0
      vertex 62.1 -63.1 0
    endloop
  endfacet
  facet normal 0 0 -1
    outer loop
      vertex 62.1 -63.1 0
      vertex 54 -62.7 0
      vertex 61.7715 -63.0741 0
    endloop
  endfacet
  facet normal 0 -0 -1
    outer loop
      vertex 53.6683 -62.6673 0
      vertex 113 -75 0
      vertex -113 -75 0
    endloop
  endfacet
  facet normal -0 -0 -1
    outer loop
      vertex 60.6151 -62.4849 0
      vertex 60.8656 -62.6989 0
      vertex 54.9445 -62.4135 0
    endloop
  endfacet
  facet normal 0 0 -1
    outer loop
      vertex -52.5865 -60.0555 0
      vertex -52.7979 -59.7979 0
      vertex -25.9445 -31.4135 0
    endloop
  endfacet
  facet normal 0 0 -1
    outer loop
      vertex -60.4011 -62.2343 0
      vertex -55.4135 -61.9445 0
      vertex -55.2021 -62.2021 0
    endloop
  endfacet
  facet normal 0 0 -1
    outer loop
      vertex -49.3494 -31.5706 0
      vertex -52.7979 -59.7979 0
      vertex -53.0555 -59.5865 0
    endloop
  endfacet
  facet normal 0 0 -1
    outer loop
      vertex 0.33165 -31.6673 0
      vertex 0.650558 -31.5706 0
      vertex 52.3327 -61.3316 0
    endloop
  endfacet
  facet normal 0 0 -1
    outer loop
      vertex 55.4135 -60.0555 0
      vertex 55.2021 -59.7979 0
      vertex 60.4011 -59.7656 0
    endloop
  endfacet
  facet normal 0 0 -1
    outer loop
      vertex 60.6151 -59.5151 0
      vertex 60.4011 -59.7656 0
      vertex 55.2021 -59.7979 0
    endloop
  endfacet
  facet normal -0 -0 -1
    outer loop
      vertex 24.3494 -31.5706 0
      vertex 52.3327 -61.3316 0
      vertex 0.650558 -31.5706 0
    endloop
  endfacet
  facet normal -0 0 -1
    outer loop
      vertex 52.7979 -59.7979 0
      vertex 52.5865 -60.0555 0
      vertex 25.9445 -31.4135 0
    endloop
  endfacet
  facet normal 0 0 -1
    outer loop
      vertex 54.6506 -59.4294 0
      vertex 54.3316 -59.3327 0
      vertex 61.451 -59.0028 0
    endloop
  endfacet
  facet normal -0 -0 -1
    outer loop
      vertex 49.0555 -31.4135 0
      vertex 52.7979 -59.7979 0
      vertex 25.9445 -31.4135 0
    endloop
  endfacet
  facet normal 0 0 -1
    outer loop
      vertex 49.0555 -31.4135 0
      vertex 49.3494 -31.5706 0
      vertex 52.7979 -59.7979 0
    endloop
  endfacet
  facet normal 0 0 -1
    outer loop
      vertex 53.0555 -59.5865 0
      vertex 49.3494 -31.5706 0
      vertex 49.6683 -31.6673 0
    endloop
  endfacet
  facet normal 0 -0 -1
    outer loop
      vertex 50.9445 -31.4135 0
      vertex 61.451 -59.0028 0
      vertex 50.6506 -31.5706 0
    endloop
  endfacet
  facet normal 0 0 -1
    outer loop
      vertex 50.9445 -31.4135 0
      vertex 61.7715 -58.9258 0
      vertex 61.451 -59.0028 0
    endloop
  endfacet
  facet normal 0 0 -1
    outer loop
      vertex 50.9445 -31.4135 0
      vertex 62.1 -58.9 0
      vertex 61.7715 -58.9258 0
    endloop
  endfacet
  facet normal 0 0 -1
    outer loop
      vertex 50.9445 -31.4135 0
      vertex 51.2021 -31.2021 0
      vertex 62.1 -58.9 0
    endloop
  endfacet
  facet normal 0 0 -1
    outer loop
      vertex 62.1 -58.9 0
      vertex 51.4135 -30.9445 0
      vertex 51.5706 -30.6506 0
    endloop
  endfacet
  facet normal 0 0 -1
    outer loop
      vertex 81.9 -58.9 0
      vertex 62.1 -58.9 0
      vertex 51.5706 -30.6506 0
    endloop
  endfacet
  facet normal 0 -0 -1
    outer loop
      vertex 51.6673 -30.3316 0
      vertex 81.9 -58.9 0
      vertex 51.5706 -30.6506 0
    endloop
  endfacet
  facet normal 0 0 -1
    outer loop
      vertex 83.9741 -60.6715 0
      vertex 88.3 -61 0
      vertex 84 -61 0
    endloop
  endfacet
  facet normal 0 -0 -1
    outer loop
      vertex 88.3 -61 0
      vertex 88.3327 -61.3316 0
      vertex 83.9741 -61.3285 0
    endloop
  endfacet
  facet normal 0 -0 -1
    outer loop
      vertex 83.9741 -61.3285 0
      vertex 88.3327 -61.3316 0
      vertex 83.8972 -61.6489 0
    endloop
  endfacet
  facet normal 0 -0 -1
    outer loop
      vertex 104.668 -21.6673 0
      vertex 109.056 -58.5865 0
      vertex 90.6506 -59.4294 0
    endloop
  endfacet
  facet normal 0 0 -1
    outer loop
      vertex 109.056 -58.5865 0
      vertex 90.9445 -59.5865 0
      vertex 90.6506 -59.4294 0
    endloop
  endfacet
  facet normal -0 0 -1
    outer loop
      vertex 88.4294 -61.6506 0
      vertex 83.7711 -61.9534 0
      vertex 83.8972 -61.6489 0
    endloop
  endfacet
  facet normal 0 0 -1
    outer loop
      vertex 108.798 -58.7979 0
      vertex 91.2021 -59.7979 0
      vertex 90.9445 -59.5865 0
    endloop
  endfacet
  facet normal 0 0 -1
    outer loop
      vertex 83.5989 -62.2343 0
      vertex 88.5865 -61.9445 0
      vertex 88.7979 -62.2021 0
    endloop
  endfacet
  facet normal 0 0 -1
    outer loop
      vertex 83.3849 -62.4849 0
      vertex 88.7979 -62.2021 0
      vertex 89.0555 -62.4135 0
    endloop
  endfacet
  facet normal 0 0 -1
    outer loop
      vertex 108.429 -59.3494 0
      vertex 108.333 -59.6683 0
      vertex 91.5706 -60.3494 0
    endloop
  endfacet
  facet normal 0 0 -1
    outer loop
      vertex 89.0555 -62.4135 0
      vertex 83.1343 -62.6989 0
      vertex 83.3849 -62.4849 0
    endloop
  endfacet
  facet normal 0 0 -1
    outer loop
      vertex 91.7 -61 0
      vertex 91.6673 -60.6683 0
      vertex 108.3 -60 0
    endloop
  endfacet
  facet normal 0 0 -1
    outer loop
      vertex 91.4135 -61.9445 0
      vertex 91.5706 -61.6506 0
      vertex 108.586 -60.9445 0
    endloop
  endfacet
  facet normal 0 -0 -1
    outer loop
      vertex 82.8534 -62.8711 0
      vertex 89.3494 -62.5706 0
      vertex 82.5489 -62.9972 0
    endloop
  endfacet
  facet normal 0 0 -1
    outer loop
      vertex 82.5489 -62.9972 0
      vertex 89.3494 -62.5706 0
      vertex 89.6683 -62.6673 0
    endloop
  endfacet
  facet normal 0 0 -1
    outer loop
      vertex 82.2285 -63.0741 0
      vertex 82.5489 -62.9972 0
      vertex 89.6683 -62.6673 0
    endloop
  endfacet
  facet normal -0 0 -1
    outer loop
      vertex 90 -62.7 0
      vertex 82.2285 -63.0741 0
      vertex 89.6683 -62.6673 0
    endloop
  endfacet
  facet normal 0 -0 -1
    outer loop
      vertex 90 -62.7 0
      vertex 113 -75 0
      vertex 82.2285 -63.0741 0
    endloop
  endfacet
  facet normal 0 -0 -1
    outer loop
      vertex 82.2285 -63.0741 0
      vertex 113 -75 0
      vertex 81.9 -63.1 0
    endloop
  endfacet
  facet normal 0 0 -1
    outer loop
      vertex -60.8656 -59.3011 0
      vertex -61.1466 -59.1289 0
      vertex -54.6506 -59.4294 0
    endloop
  endfacet
  facet normal -0 -0 -1
    outer loop
      vertex 61.451 -62.9972 0
      vertex 61.7715 -63.0741 0
      vertex 54.3316 -62.6673 0
    endloop
  endfacet
  facet normal 0 0 -1
    outer loop
      vertex -89.6683 -62.6673 0
      vertex -82.5489 -62.9972 0
      vertex -82.2285 -63.0741 0
    endloop
  endfacet
  facet normal 0 0 -1
    outer loop
      vertex -89.3494 -62.5706 0
      vertex -82.8534 -62.8711 0
      vertex -82.5489 -62.9972 0
    endloop
  endfacet
  facet normal 0 0 -1
    outer loop
      vertex -88.5865 -60.0555 0
      vertex -83.7711 -60.0466 0
      vertex -88.4294 -60.3494 0
    endloop
  endfacet
  facet normal -0 0 -1
    outer loop
      vertex -91.2021 -62.2021 0
      vertex -113 -75 0
      vertex -108.798 -61.2021 0
    endloop
  endfacet
  facet normal 0 0 -1
    outer loop
      vertex -88.5865 -60.0555 0
      vertex -88.7979 -59.7979 0
      vertex -83.5989 -59.7656 0
    endloop
  endfacet
  facet normal -0 -0 -1
    outer loop
      vertex -91.4135 -61.9445 0
      vertex -91.2021 -62.2021 0
      vertex -108.798 -61.2021 0
    endloop
  endfacet
  facet normal 0 0 -1
    outer loop
      vertex -89.0555 -59.5865 0
      vertex -83.3849 -59.5151 0
      vertex -88.7979 -59.7979 0
    endloop
  endfacet
  facet normal 0 -0 -1
    outer loop
      vertex -108.586 -60.9445 0
      vertex -91.4135 -61.9445 0
      vertex -108.798 -61.2021 0
    endloop
  endfacet
  facet normal 0 0 -1
    outer loop
      vertex -89.3494 -59.4294 0
      vertex -82.8534 -59.1289 0
      vertex -83.1343 -59.3011 0
    endloop
  endfacet
  facet normal 0 0 -1
    outer loop
      vertex -89.3494 -59.4294 0
      vertex -82.5489 -59.0028 0
      vertex -82.8534 -59.1289 0
    endloop
  endfacet
  facet normal 0 0 -1
    outer loop
      vertex -91.5706 -61.6506 0
      vertex -108.429 -60.6506 0
      vertex -91.6673 -61.3316 0
    endloop
  endfacet
  facet normal 0 0 -1
    outer loop
      vertex -108.429 -60.6506 0
      vertex -108.333 -60.3316 0
      vertex -91.6673 -61.3316 0
    endloop
  endfacet
  facet normal 0 0 -1
    outer loop
      vertex -91.7 -61 0
      vertex -108.333 -60.3316 0
      vertex -108.3 -60 0
    endloop
  endfacet
  facet normal 0 0 -1
    outer loop
      vertex -91.5706 -60.3494 0
      vertex -108.429 -59.3494 0
      vertex -91.4135 -60.0555 0
    endloop
  endfacet
  facet normal -0 0 -1
    outer loop
      vertex -82.2285 -58.9258 0
      vertex -89.6683 -59.3327 0
      vertex -103.798 -21.2021 0
    endloop
  endfacet
  facet normal 0 0 -1
    outer loop
      vertex -103.586 -20.9445 0
      vertex -103.429 -20.6506 0
      vertex -81.9 -58.9 0
    endloop
  endfacet
  facet normal 0 0 -1
    outer loop
      vertex -81.9 -58.9 0
      vertex -103.429 -20.6506 0
      vertex -51.7 -30 0
    endloop
  endfacet
  facet normal -0 0 -1
    outer loop
      vertex -51.6673 -30.3316 0
      vertex -81.9 -58.9 0
      vertex -51.7 -30 0
    endloop
  endfacet
  facet normal 0 -0 -1
    outer loop
      vertex -51.6673 -30.3316 0
      vertex -51.5706 -30.6506 0
      vertex -81.9 -58.9 0
    endloop
  endfacet
  facet normal 0 0 -1
    outer loop
      vertex -81.9 -58.9 0
      vertex -51.5706 -30.6506 0
      vertex -62.1 -58.9 0
    endloop
  endfacet
  facet normal 0 0 -1
    outer loop
      vertex -62.1 -58.9 0
      vertex -51.5706 -30.6506 0
      vertex -51.4135 -30.9445 0
    endloop
  endfacet
  facet normal 0 -0 -1
    outer loop
      vertex -55.7 -61 0
      vertex -55.6673 -61.3316 0
      vertex -60.0258 -61.3285 0
    endloop
  endfacet
  facet normal 0 -0 -1
    outer loop
      vertex -60.0258 -61.3285 0
      vertex -55.6673 -61.3316 0
      vertex -60.1028 -61.6489 0
    endloop
  endfacet
  facet normal 0 0 -1
    outer loop
      vertex -60.1028 -61.6489 0
      vertex -55.6673 -61.3316 0
      vertex -55.5706 -61.6506 0
    endloop
  endfacet
  facet normal 0 0 -1
    outer loop
      vertex -61.1466 -59.1289 0
      vertex -61.451 -59.0028 0
      vertex -54.6506 -59.4294 0
    endloop
  endfacet
  facet normal 0 0 -1
    outer loop
      vertex -54.6506 -59.4294 0
      vertex -61.451 -59.0028 0
      vertex -54.3316 -59.3327 0
    endloop
  endfacet
  facet normal 0 -0 -1
    outer loop
      vertex -60.1028 -61.6489 0
      vertex -55.5706 -61.6506 0
      vertex -60.2289 -61.9534 0
    endloop
  endfacet
  facet normal 0 0 -1
    outer loop
      vertex -60.2289 -61.9534 0
      vertex -55.5706 -61.6506 0
      vertex -55.4135 -61.9445 0
    endloop
  endfacet
  facet normal 0 0 -1
    outer loop
      vertex -49.6683 -31.6673 0
      vertex -53.3494 -59.4294 0
      vertex -50 -31.7 0
    endloop
  endfacet
  facet normal 0 0 -1
    outer loop
      vertex -60.6151 -62.4849 0
      vertex -60.4011 -62.2343 0
      vertex -55.2021 -62.2021 0
    endloop
  endfacet
  facet normal -0 0 -1
    outer loop
      vertex -54.9445 -62.4135 0
      vertex -60.6151 -62.4849 0
      vertex -55.2021 -62.2021 0
    endloop
  endfacet
  facet normal 0 0 -1
    outer loop
      vertex -52.4294 -60.3494 0
      vertex -25.6506 -31.5706 0
      vertex -25.3316 -31.6673 0
    endloop
  endfacet
  facet normal 0 -0 -1
    outer loop
      vertex -54.9445 -62.4135 0
      vertex -54.6506 -62.5706 0
      vertex -60.8656 -62.6989 0
    endloop
  endfacet
  facet normal 0 0 -1
    outer loop
      vertex 53.0555 -62.4135 0
      vertex -53.0555 -62.4135 0
      vertex 52.7979 -62.2021 0
    endloop
  endfacet
  facet normal 0 -0 -1
    outer loop
      vertex 55.6673 -61.3316 0
      vertex 60.1028 -61.6489 0
      vertex 55.5706 -61.6506 0
    endloop
  endfacet
  facet normal 0 -0 -1
    outer loop
      vertex 55.5706 -61.6506 0
      vertex 60.2289 -61.9534 0
      vertex 55.4135 -61.9445 0
    endloop
  endfacet
  facet normal 0 0 -1
    outer loop
      vertex 60.6151 -62.4849 0
      vertex 55.2021 -62.2021 0
      vertex 60.4011 -62.2343 0
    endloop
  endfacet
  facet normal 0 0 -1
    outer loop
      vertex -113 -75 0
      vertex -53.6683 -62.6673 0
      vertex 53.6683 -62.6673 0
    endloop
  endfacet
  facet normal 0 -0 -1
    outer loop
      vertex -62.1 -63.1 0
      vertex -54 -62.7 0
      vertex -113 -75 0
    endloop
  endfacet
  facet normal 0 0 -1
    outer loop
      vertex 54.6506 -62.5706 0
      vertex 61.1466 -62.8711 0
      vertex 61.451 -62.9972 0
    endloop
  endfacet
  facet normal -0 -0 -1
    outer loop
      vertex 54 -62.7 0
      vertex 113 -75 0
      vertex 53.6683 -62.6673 0
    endloop
  endfacet
  facet normal 0 -0 -1
    outer loop
      vertex 108.333 -60.3316 0
      vertex 108.429 -60.6506 0
      vertex 91.6673 -61.3316 0
    endloop
  endfacet
  facet normal 0 -0 -1
    outer loop
      vertex 83.1343 -62.6989 0
      vertex 89.3494 -62.5706 0
      vertex 82.8534 -62.8711 0
    endloop
  endfacet
  facet normal -0 0 -1
    outer loop
      vertex 89.3494 -62.5706 0
      vertex 83.1343 -62.6989 0
      vertex 89.0555 -62.4135 0
    endloop
  endfacet
  facet normal -0 0 -1
    outer loop
      vertex 88.3 -61 0
      vertex 83.9741 -61.3285 0
      vertex 84 -61 0
    endloop
  endfacet
  facet normal 0 -0 -1
    outer loop
      vertex 88.4294 -61.6506 0
      vertex 88.5865 -61.9445 0
      vertex 83.7711 -61.9534 0
    endloop
  endfacet
  facet normal 0 0 -1
    outer loop
      vertex 88.5865 -61.9445 0
      vertex 83.5989 -62.2343 0
      vertex 83.7711 -61.9534 0
    endloop
  endfacet
  facet normal 0 0 -1
    outer loop
      vertex 88.3327 -60.6683 0
      vertex 88.3 -61 0
      vertex 83.9741 -60.6715 0
    endloop
  endfacet
  facet normal 0 0 -1
    outer loop
      vertex 108.798 -58.7979 0
      vertex 108.586 -59.0555 0
      vertex 91.2021 -59.7979 0
    endloop
  endfacet
  facet normal 0 0 -1
    outer loop
      vertex 83.9741 -60.6715 0
      vertex 83.8972 -60.3511 0
      vertex 88.3327 -60.6683 0
    endloop
  endfacet
  facet normal 0 0 -1
    outer loop
      vertex 88.4294 -60.3494 0
      vertex 88.3327 -60.6683 0
      vertex 83.8972 -60.3511 0
    endloop
  endfacet
  facet normal 0 0 -1
    outer loop
      vertex 83.7711 -60.0466 0
      vertex 88.4294 -60.3494 0
      vertex 83.8972 -60.3511 0
    endloop
  endfacet
  facet normal 0 0 -1
    outer loop
      vertex 88.5865 -60.0555 0
      vertex 83.7711 -60.0466 0
      vertex 83.5989 -59.7656 0
    endloop
  endfacet
  facet normal -0 0 -1
    outer loop
      vertex 88.7979 -59.7979 0
      vertex 88.5865 -60.0555 0
      vertex 83.5989 -59.7656 0
    endloop
  endfacet
  facet normal 0 0 -1
    outer loop
      vertex 83.1343 -59.3011 0
      vertex 89.0555 -59.5865 0
      vertex 83.3849 -59.5151 0
    endloop
  endfacet
  facet normal 0 0 -1
    outer loop
      vertex 83.3849 -59.5151 0
      vertex 88.7979 -59.7979 0
      vertex 83.5989 -59.7656 0
    endloop
  endfacet
  facet normal 0 0 -1
    outer loop
      vertex 89.3494 -59.4294 0
      vertex 82.8534 -59.1289 0
      vertex 82.5489 -59.0028 0
    endloop
  endfacet
  facet normal 0 0 -1
    outer loop
      vertex 89.6683 -59.3327 0
      vertex 82.5489 -59.0028 0
      vertex 82.2285 -58.9258 0
    endloop
  endfacet
  facet normal 0 0 -1
    outer loop
      vertex 103.798 -21.2021 0
      vertex 89.6683 -59.3327 0
      vertex 82.2285 -58.9258 0
    endloop
  endfacet
  facet normal 0 0 -1
    outer loop
      vertex 103.798 -21.2021 0
      vertex 90 -59.3 0
      vertex 89.6683 -59.3327 0
    endloop
  endfacet
  facet normal 0 -0 -1
    outer loop
      vertex 103.798 -21.2021 0
      vertex 104.056 -21.4135 0
      vertex 90 -59.3 0
    endloop
  endfacet
  facet normal 0 0 -1
    outer loop
      vertex 90.3316 -59.3327 0
      vertex 104.349 -21.5706 0
      vertex 90.6506 -59.4294 0
    endloop
  endfacet
  facet normal 0 -0 -1
    outer loop
      vertex 104.056 -21.4135 0
      vertex 104.349 -21.5706 0
      vertex 90.3316 -59.3327 0
    endloop
  endfacet
  facet normal 0 0 -1
    outer loop
      vertex 108.586 -59.0555 0
      vertex 108.429 -59.3494 0
      vertex 91.4135 -60.0555 0
    endloop
  endfacet
  facet normal 0 0 -1
    outer loop
      vertex 91.4135 -60.0555 0
      vertex 108.429 -59.3494 0
      vertex 91.5706 -60.3494 0
    endloop
  endfacet
  facet normal 0 0 -1
    outer loop
      vertex 91.5706 -60.3494 0
      vertex 108.333 -59.6683 0
      vertex 91.6673 -60.6683 0
    endloop
  endfacet
  facet normal 0 0 -1
    outer loop
      vertex 91.6673 -60.6683 0
      vertex 108.333 -59.6683 0
      vertex 108.3 -60 0
    endloop
  endfacet
  facet normal 0 0 -1
    outer loop
      vertex 91.7 -61 0
      vertex 108.3 -60 0
      vertex 108.333 -60.3316 0
    endloop
  endfacet
  facet normal 0 0 -1
    outer loop
      vertex 91.6673 -61.3316 0
      vertex 91.7 -61 0
      vertex 108.333 -60.3316 0
    endloop
  endfacet
  facet normal 0 0 -1
    outer loop
      vertex 91.5706 -61.6506 0
      vertex 91.6673 -61.3316 0
      vertex 108.429 -60.6506 0
    endloop
  endfacet
  facet normal -0 0 -1
    outer loop
      vertex 108.586 -60.9445 0
      vertex 91.5706 -61.6506 0
      vertex 108.429 -60.6506 0
    endloop
  endfacet
  facet normal -0 0 -1
    outer loop
      vertex 108.798 -61.2021 0
      vertex 91.4135 -61.9445 0
      vertex 108.586 -60.9445 0
    endloop
  endfacet
  facet normal 0 0 -1
    outer loop
      vertex 108.798 -61.2021 0
      vertex 91.2021 -62.2021 0
      vertex 91.4135 -61.9445 0
    endloop
  endfacet
  facet normal 0 -0 -1
    outer loop
      vertex 108.798 -61.2021 0
      vertex 113 -75 0
      vertex 91.2021 -62.2021 0
    endloop
  endfacet
  facet normal 0 -0 -1
    outer loop
      vertex 91.2021 -62.2021 0
      vertex 113 -75 0
      vertex 90.9445 -62.4135 0
    endloop
  endfacet
  facet normal 0 -0 -1
    outer loop
      vertex 90.9445 -62.4135 0
      vertex 113 -75 0
      vertex 90.6506 -62.5706 0
    endloop
  endfacet
  facet normal 0 -0 -1
    outer loop
      vertex 90.6506 -62.5706 0
      vertex 113 -75 0
      vertex 90.3316 -62.6673 0
    endloop
  endfacet
  facet normal 0 -0 -1
    outer loop
      vertex 90.3316 -62.6673 0
      vertex 113 -75 0
      vertex 90 -62.7 0
    endloop
  endfacet
  facet normal 0 0 -1
    outer loop
      vertex -53.6683 -62.6673 0
      vertex -53.3494 -62.5706 0
      vertex 53.3494 -62.5706 0
    endloop
  endfacet
  facet normal 0 -0 -1
    outer loop
      vertex -61.7715 -63.0741 0
      vertex -54 -62.7 0
      vertex -62.1 -63.1 0
    endloop
  endfacet
  facet normal 0 -0 -1
    outer loop
      vertex -54.6506 -62.5706 0
      vertex -54.3316 -62.6673 0
      vertex -61.451 -62.9972 0
    endloop
  endfacet
  facet normal 0 0 -1
    outer loop
      vertex 60.4011 -59.7656 0
      vertex 60.2289 -60.0466 0
      vertex 55.4135 -60.0555 0
    endloop
  endfacet
  facet normal -0 0 -1
    outer loop
      vertex 0 -31.7 0
      vertex -52.4294 -61.6506 0
      vertex -0.33165 -31.6673 0
    endloop
  endfacet
  facet normal 0 -0 -1
    outer loop
      vertex -61.1466 -62.8711 0
      vertex -54.6506 -62.5706 0
      vertex -61.451 -62.9972 0
    endloop
  endfacet
  facet normal 0 0 -1
    outer loop
      vertex -52.3 -61 0
      vertex -52.3327 -60.6683 0
      vertex -25 -31.7 0
    endloop
  endfacet
  facet normal 0 0 -1
    outer loop
      vertex 52.3 -61 0
      vertex 25 -31.7 0
      vertex 52.3327 -60.6683 0
    endloop
  endfacet
  facet normal 0 0 -1
    outer loop
      vertex 52.3327 -60.6683 0
      vertex 25 -31.7 0
      vertex 25.3316 -31.6673 0
    endloop
  endfacet
  facet normal -0 0 -1
    outer loop
      vertex 52.4294 -60.3494 0
      vertex 52.3327 -60.6683 0
      vertex 25.3316 -31.6673 0
    endloop
  endfacet
  facet normal 0 -0 -1
    outer loop
      vertex 25.9445 -31.4135 0
      vertex 52.5865 -60.0555 0
      vertex 25.6506 -31.5706 0
    endloop
  endfacet
  facet normal -0 0 -1
    outer loop
      vertex 52.5865 -60.0555 0
      vertex 52.4294 -60.3494 0
      vertex 25.6506 -31.5706 0
    endloop
  endfacet
  facet normal 0 0 -1
    outer loop
      vertex 52.7979 -59.7979 0
      vertex 49.3494 -31.5706 0
      vertex 53.0555 -59.5865 0
    endloop
  endfacet
  facet normal 0 0 -1
    outer loop
      vertex 53.0555 -59.5865 0
      vertex 49.6683 -31.6673 0
      vertex 53.3494 -59.4294 0
    endloop
  endfacet
  facet normal 0 0 -1
    outer loop
      vertex 53.3494 -59.4294 0
      vertex 49.6683 -31.6673 0
      vertex 50 -31.7 0
    endloop
  endfacet
  facet normal 0 0 -1
    outer loop
      vertex 50.6506 -31.5706 0
      vertex 61.451 -59.0028 0
      vertex 54.3316 -59.3327 0
    endloop
  endfacet
  facet normal 0 0 -1
    outer loop
      vertex 50 -31.7 0
      vertex 53.6683 -59.3327 0
      vertex 53.3494 -59.4294 0
    endloop
  endfacet
  facet normal 0 0 -1
    outer loop
      vertex 50 -31.7 0
      vertex 50.3316 -31.6673 0
      vertex 53.6683 -59.3327 0
    endloop
  endfacet
  facet normal 0 0 -1
    outer loop
      vertex 53.6683 -59.3327 0
      vertex 50.3316 -31.6673 0
      vertex 54 -59.3 0
    endloop
  endfacet
  facet normal 0 0 -1
    outer loop
      vertex 54.3316 -59.3327 0
      vertex 54 -59.3 0
      vertex 50.6506 -31.5706 0
    endloop
  endfacet
  facet normal 0 0 -1
    outer loop
      vertex 54 -59.3 0
      vertex 50.3316 -31.6673 0
      vertex 50.6506 -31.5706 0
    endloop
  endfacet
  facet normal 0 0 -1
    outer loop
      vertex 60.8656 -59.3011 0
      vertex 60.6151 -59.5151 0
      vertex 54.9445 -59.5865 0
    endloop
  endfacet
  facet normal 0 0 -1
    outer loop
      vertex 60.8656 -59.3011 0
      vertex 54.9445 -59.5865 0
      vertex 54.6506 -59.4294 0
    endloop
  endfacet
  facet normal 0 0 -1
    outer loop
      vertex 60.2289 -60.0466 0
      vertex 60.1028 -60.3511 0
      vertex 55.5706 -60.3494 0
    endloop
  endfacet
  facet normal 0 0 -1
    outer loop
      vertex 55.5706 -60.3494 0
      vertex 60.1028 -60.3511 0
      vertex 55.6673 -60.6683 0
    endloop
  endfacet
  facet normal 0 0 -1
    outer loop
      vertex 55.6673 -60.6683 0
      vertex 60.0258 -60.6715 0
      vertex 55.7 -61 0
    endloop
  endfacet
  facet normal 0 0 -1
    outer loop
      vertex 55.7 -61 0
      vertex 60.0258 -60.6715 0
      vertex 60 -61 0
    endloop
  endfacet
  facet normal 0 0 -1
    outer loop
      vertex 55.6673 -61.3316 0
      vertex 55.7 -61 0
      vertex 60.0258 -61.3285 0
    endloop
  endfacet
  facet normal 0 0 -1
    outer loop
      vertex 60.1028 -61.6489 0
      vertex 55.6673 -61.3316 0
      vertex 60.0258 -61.3285 0
    endloop
  endfacet
  facet normal 0 0 -1
    outer loop
      vertex 60.2289 -61.9534 0
      vertex 55.5706 -61.6506 0
      vertex 60.1028 -61.6489 0
    endloop
  endfacet
  facet normal 0 0 -1
    outer loop
      vertex 60.4011 -62.2343 0
      vertex 55.4135 -61.9445 0
      vertex 60.2289 -61.9534 0
    endloop
  endfacet
  facet normal 0 0 -1
    outer loop
      vertex 60.4011 -62.2343 0
      vertex 55.2021 -62.2021 0
      vertex 55.4135 -61.9445 0
    endloop
  endfacet
  facet normal 0 0 -1
    outer loop
      vertex 60.6151 -62.4849 0
      vertex 54.9445 -62.4135 0
      vertex 55.2021 -62.2021 0
    endloop
  endfacet
  facet normal 0 0 -1
    outer loop
      vertex 60.8656 -62.6989 0
      vertex 54.6506 -62.5706 0
      vertex 54.9445 -62.4135 0
    endloop
  endfacet
  facet normal -0 -0 -1
    outer loop
      vertex 60.8656 -62.6989 0
      vertex 61.1466 -62.8711 0
      vertex 54.6506 -62.5706 0
    endloop
  endfacet
  facet normal 0 -0 -1
    outer loop
      vertex 54.6506 -62.5706 0
      vertex 61.451 -62.9972 0
      vertex 54.3316 -62.6673 0
    endloop
  endfacet
  facet normal 0 -0 -1
    outer loop
      vertex 54.3316 -62.6673 0
      vertex 61.7715 -63.0741 0
      vertex 54 -62.7 0
    endloop
  endfacet
  facet normal 0 0 -1
    outer loop
      vertex -54.3316 -62.6673 0
      vertex -61.7715 -63.0741 0
      vertex -61.451 -62.9972 0
    endloop
  endfacet
  facet normal -0 0 -1
    outer loop
      vertex 52.5865 -61.9445 0
      vertex -52.7979 -62.2021 0
      vertex -52.5865 -61.9445 0
    endloop
  endfacet
  facet normal 0 -0 -1
    outer loop
      vertex -60.6151 -62.4849 0
      vertex -54.9445 -62.4135 0
      vertex -60.8656 -62.6989 0
    endloop
  endfacet
  facet normal 0 -0 -1
    outer loop
      vertex -60.2289 -61.9534 0
      vertex -55.4135 -61.9445 0
      vertex -60.4011 -62.2343 0
    endloop
  endfacet
  facet normal 0 -0 -1
    outer loop
      vertex -60 -61 0
      vertex -55.7 -61 0
      vertex -60.0258 -61.3285 0
    endloop
  endfacet
  facet normal 0 0 -1
    outer loop
      vertex -55.7 -61 0
      vertex -60.0258 -60.6715 0
      vertex -55.6673 -60.6683 0
    endloop
  endfacet
  facet normal -0 0 -1
    outer loop
      vertex -55.6673 -60.6683 0
      vertex -60.0258 -60.6715 0
      vertex -60.1028 -60.3511 0
    endloop
  endfacet
  facet normal 0 0 -1
    outer loop
      vertex -55.5706 -60.3494 0
      vertex -55.6673 -60.6683 0
      vertex -60.1028 -60.3511 0
    endloop
  endfacet
  facet normal 0 0 -1
    outer loop
      vertex -60.2289 -60.0466 0
      vertex -55.5706 -60.3494 0
      vertex -60.1028 -60.3511 0
    endloop
  endfacet
  facet normal 0 0 -1
    outer loop
      vertex -60.2289 -60.0466 0
      vertex -55.4135 -60.0555 0
      vertex -55.5706 -60.3494 0
    endloop
  endfacet
  facet normal 0 0 -1
    outer loop
      vertex -60.4011 -59.7656 0
      vertex -55.2021 -59.7979 0
      vertex -55.4135 -60.0555 0
    endloop
  endfacet
  facet normal 0 0 -1
    outer loop
      vertex -50.6506 -31.5706 0
      vertex -54.3316 -59.3327 0
      vertex -61.451 -59.0028 0
    endloop
  endfacet
  facet normal 0 0 -1
    outer loop
      vertex -50.6506 -31.5706 0
      vertex -54 -59.3 0
      vertex -54.3316 -59.3327 0
    endloop
  endfacet
  facet normal 0 0 -1
    outer loop
      vertex -54 -59.3 0
      vertex -50.3316 -31.6673 0
      vertex -53.6683 -59.3327 0
    endloop
  endfacet
  facet normal 0 -0 -1
    outer loop
      vertex -50.6506 -31.5706 0
      vertex -50.3316 -31.6673 0
      vertex -54 -59.3 0
    endloop
  endfacet
  facet normal 0 0 -1
    outer loop
      vertex -50 -31.7 0
      vertex -53.3494 -59.4294 0
      vertex -53.6683 -59.3327 0
    endloop
  endfacet
  facet normal 0 0 -1
    outer loop
      vertex -49.6683 -31.6673 0
      vertex -53.0555 -59.5865 0
      vertex -53.3494 -59.4294 0
    endloop
  endfacet
  facet normal 0 -0 -1
    outer loop
      vertex -49.6683 -31.6673 0
      vertex -49.3494 -31.5706 0
      vertex -53.0555 -59.5865 0
    endloop
  endfacet
  facet normal 0 -0 -1
    outer loop
      vertex -49.3494 -31.5706 0
      vertex -49.0555 -31.4135 0
      vertex -52.7979 -59.7979 0
    endloop
  endfacet
  facet normal 0 0 -1
    outer loop
      vertex -52.7979 -59.7979 0
      vertex -49.0555 -31.4135 0
      vertex -25.9445 -31.4135 0
    endloop
  endfacet
  facet normal 0 0 -1
    outer loop
      vertex -52.5865 -60.0555 0
      vertex -25.9445 -31.4135 0
      vertex -25.6506 -31.5706 0
    endloop
  endfacet
  facet normal 0 0 -1
    outer loop
      vertex -52.4294 -60.3494 0
      vertex -52.5865 -60.0555 0
      vertex -25.6506 -31.5706 0
    endloop
  endfacet
  facet normal 0 0 -1
    outer loop
      vertex -52.3327 -60.6683 0
      vertex -52.4294 -60.3494 0
      vertex -25.3316 -31.6673 0
    endloop
  endfacet
  facet normal -0 0 -1
    outer loop
      vertex -25 -31.7 0
      vertex -52.3327 -60.6683 0
      vertex -25.3316 -31.6673 0
    endloop
  endfacet
  facet normal 0 0 -1
    outer loop
      vertex -52.3327 -61.3316 0
      vertex -24.6683 -31.6673 0
      vertex -24.3494 -31.5706 0
    endloop
  endfacet
  facet normal -0 0 -1
    outer loop
      vertex -0.33165 -31.6673 0
      vertex -52.3327 -61.3316 0
      vertex -0.650558 -31.5706 0
    endloop
  endfacet
  facet normal 0 0 -1
    outer loop
      vertex -0.33165 -31.6673 0
      vertex -52.4294 -61.6506 0
      vertex -52.3327 -61.3316 0
    endloop
  endfacet
  facet normal 0 0 -1
    outer loop
      vertex 0 -31.7 0
      vertex -52.5865 -61.9445 0
      vertex -52.4294 -61.6506 0
    endloop
  endfacet
  facet normal 0 -0 -1
    outer loop
      vertex 0 -31.7 0
      vertex 52.5865 -61.9445 0
      vertex -52.5865 -61.9445 0
    endloop
  endfacet
  facet normal 0 -0 -1
    outer loop
      vertex 52.5865 -61.9445 0
      vertex 52.7979 -62.2021 0
      vertex -52.7979 -62.2021 0
    endloop
  endfacet
  facet normal 0 -0 -1
    outer loop
      vertex -52.7979 -62.2021 0
      vertex 52.7979 -62.2021 0
      vertex -53.0555 -62.4135 0
    endloop
  endfacet
  facet normal 0 -0 -1
    outer loop
      vertex -53.0555 -62.4135 0
      vertex 53.0555 -62.4135 0
      vertex -53.3494 -62.5706 0
    endloop
  endfacet
  facet normal 0 0 -1
    outer loop
      vertex -53.3494 -62.5706 0
      vertex 53.0555 -62.4135 0
      vertex 53.3494 -62.5706 0
    endloop
  endfacet
  facet normal 0 -0 -1
    outer loop
      vertex -54 -62.7 0
      vertex -53.6683 -62.6673 0
      vertex -113 -75 0
    endloop
  endfacet
  facet normal 0 0 -1
    outer loop
      vertex -53.6683 -62.6673 0
      vertex 53.3494 -62.5706 0
      vertex 53.6683 -62.6673 0
    endloop
  endfacet
  facet normal 0 0 -1
    outer loop
      vertex -113 -75 0
      vertex -90 -62.7 0
      vertex -82.2285 -63.0741 0
    endloop
  endfacet
  facet normal -0 0 -1
    outer loop
      vertex -83.8972 -61.6489 0
      vertex -88.4294 -61.6506 0
      vertex -88.3327 -61.3316 0
    endloop
  endfacet
  facet normal 0 0 -1
    outer loop
      vertex -113 -75 0
      vertex -91.2021 -62.2021 0
      vertex -90.9445 -62.4135 0
    endloop
  endfacet
  facet normal 0 0 -1
    outer loop
      vertex -113 -75 0
      vertex -90.9445 -62.4135 0
      vertex -90.6506 -62.5706 0
    endloop
  endfacet
  facet normal 0 0 -1
    outer loop
      vertex -82.5489 -59.0028 0
      vertex -89.3494 -59.4294 0
      vertex -89.6683 -59.3327 0
    endloop
  endfacet
  facet normal -0 0 -1
    outer loop
      vertex -91.6673 -60.6683 0
      vertex -91.7 -61 0
      vertex -108.3 -60 0
    endloop
  endfacet
  facet normal 0 0 -1
    outer loop
      vertex -108.333 -59.6683 0
      vertex -91.6673 -60.6683 0
      vertex -108.3 -60 0
    endloop
  endfacet
  facet normal 0 0 -1
    outer loop
      vertex -108.333 -59.6683 0
      vertex -91.5706 -60.3494 0
      vertex -91.6673 -60.6683 0
    endloop
  endfacet
  facet normal 0 0 -1
    outer loop
      vertex -108.333 -59.6683 0
      vertex -108.429 -59.3494 0
      vertex -91.5706 -60.3494 0
    endloop
  endfacet
  facet normal 0 0 -1
    outer loop
      vertex -108.429 -59.3494 0
      vertex -108.586 -59.0555 0
      vertex -91.4135 -60.0555 0
    endloop
  endfacet
  facet normal 0 0 -1
    outer loop
      vertex -91.4135 -60.0555 0
      vertex -108.586 -59.0555 0
      vertex -91.2021 -59.7979 0
    endloop
  endfacet
  facet normal 0 0 -1
    outer loop
      vertex -89.6683 -59.3327 0
      vertex -82.2285 -58.9258 0
      vertex -82.5489 -59.0028 0
    endloop
  endfacet
  facet normal 0 0 -1
    outer loop
      vertex -91.2021 -59.7979 0
      vertex -108.586 -59.0555 0
      vertex -108.798 -58.7979 0
    endloop
  endfacet
  facet normal 0 0 -1
    outer loop
      vertex -109.056 -58.5865 0
      vertex -90.9445 -59.5865 0
      vertex -108.798 -58.7979 0
    endloop
  endfacet
  facet normal 0 0 -1
    outer loop
      vertex -109.056 -58.5865 0
      vertex -90.6506 -59.4294 0
      vertex -90.9445 -59.5865 0
    endloop
  endfacet
  facet normal 0 0 -1
    outer loop
      vertex -104.668 -21.6673 0
      vertex -104.349 -21.5706 0
      vertex -90.6506 -59.4294 0
    endloop
  endfacet
  facet normal 0 0 -1
    outer loop
      vertex -90.6506 -59.4294 0
      vertex -104.349 -21.5706 0
      vertex -90.3316 -59.3327 0
    endloop
  endfacet
  facet normal 0 0 -1
    outer loop
      vertex -90.3316 -59.3327 0
      vertex -104.349 -21.5706 0
      vertex -104.056 -21.4135 0
    endloop
  endfacet
  facet normal -0 0 -1
    outer loop
      vertex -90 -59.3 0
      vertex -90.3316 -59.3327 0
      vertex -104.056 -21.4135 0
    endloop
  endfacet
  facet normal 0 -0 -1
    outer loop
      vertex -103.798 -21.2021 0
      vertex -90 -59.3 0
      vertex -104.056 -21.4135 0
    endloop
  endfacet
  facet normal 0 0 -1
    outer loop
      vertex -89.3494 -59.4294 0
      vertex -83.1343 -59.3011 0
      vertex -89.0555 -59.5865 0
    endloop
  endfacet
  facet normal -0 0 -1
    outer loop
      vertex -83.7711 -60.0466 0
      vertex -88.5865 -60.0555 0
      vertex -83.5989 -59.7656 0
    endloop
  endfacet
  facet normal 0 0 -1
    outer loop
      vertex -83.8972 -60.3511 0
      vertex -88.4294 -60.3494 0
      vertex -83.7711 -60.0466 0
    endloop
  endfacet
  facet normal -0 0 -1
    outer loop
      vertex -83.8972 -60.3511 0
      vertex -88.3327 -60.6683 0
      vertex -88.4294 -60.3494 0
    endloop
  endfacet
  facet normal -0 0 -1
    outer loop
      vertex -83.9741 -60.6715 0
      vertex -88.3 -61 0
      vertex -88.3327 -60.6683 0
    endloop
  endfacet
  facet normal 0 0 -1
    outer loop
      vertex -83.9741 -60.6715 0
      vertex -84 -61 0
      vertex -88.3 -61 0
    endloop
  endfacet
  facet normal 0 -0 -1
    outer loop
      vertex -88.3 -61 0
      vertex -83.9741 -61.3285 0
      vertex -88.3327 -61.3316 0
    endloop
  endfacet
  facet normal 0 0 -1
    outer loop
      vertex -88.3327 -61.3316 0
      vertex -83.9741 -61.3285 0
      vertex -83.8972 -61.6489 0
    endloop
  endfacet
  facet normal 0 0 -1
    outer loop
      vertex -88.4294 -61.6506 0
      vertex -83.8972 -61.6489 0
      vertex -83.7711 -61.9534 0
    endloop
  endfacet
  facet normal 0 0 -1
    outer loop
      vertex -88.5865 -61.9445 0
      vertex -83.7711 -61.9534 0
      vertex -83.5989 -62.2343 0
    endloop
  endfacet
  facet normal 0 0 -1
    outer loop
      vertex -88.7979 -62.2021 0
      vertex -88.5865 -61.9445 0
      vertex -83.5989 -62.2343 0
    endloop
  endfacet
  facet normal 0 0 -1
    outer loop
      vertex -89.0555 -62.4135 0
      vertex -88.7979 -62.2021 0
      vertex -83.3849 -62.4849 0
    endloop
  endfacet
  facet normal 0 0 -1
    outer loop
      vertex -89.3494 -62.5706 0
      vertex -89.0555 -62.4135 0
      vertex -83.1343 -62.6989 0
    endloop
  endfacet
  facet normal 0 0 -1
    outer loop
      vertex -82.8534 -62.8711 0
      vertex -89.3494 -62.5706 0
      vertex -83.1343 -62.6989 0
    endloop
  endfacet
  facet normal 0 0 -1
    outer loop
      vertex -82.5489 -62.9972 0
      vertex -89.6683 -62.6673 0
      vertex -89.3494 -62.5706 0
    endloop
  endfacet
  facet normal 0 0 1
    outer loop
      vertex 116.483 -74.4833 4
      vertex 110.944 -61.4135 4
      vertex 115.341 -74.7694 4
    endloop
  endfacet
  facet normal 0 -0 1
    outer loop
      vertex 120.613 -72.2761 4
      vertex 121.485 -71.4853 4
      vertex 111.202 -61.2021 4
    endloop
  endfacet
  facet normal 0 0 1
    outer loop
      vertex 119.667 -72.9776 4
      vertex 110.944 -61.4135 4
      vertex 118.657 -73.5831 4
    endloop
  endfacet
  facet normal 0 0 1
    outer loop
      vertex 111.202 -61.2021 4
      vertex 122.276 -70.6127 4
      vertex 122.978 -69.6668 4
    endloop
  endfacet
  facet normal -0 0 1
    outer loop
      vertex 111.202 -61.2021 4
      vertex 122.978 -69.6668 4
      vertex 111.413 -60.9445 4
    endloop
  endfacet
  facet normal 0 0 1
    outer loop
      vertex 120.613 -72.2761 4
      vertex 111.202 -61.2021 4
      vertex 119.667 -72.9776 4
    endloop
  endfacet
  facet normal 0 0 1
    outer loop
      vertex 111.413 -60.9445 4
      vertex 124.087 -67.5922 4
      vertex 124.483 -66.4834 4
    endloop
  endfacet
  facet normal 0 0 1
    outer loop
      vertex 124.942 -64.1762 4
      vertex 111.571 -60.6506 4
      vertex 124.769 -65.3411 4
    endloop
  endfacet
  facet normal 0 0 1
    outer loop
      vertex 111.571 -60.6506 4
      vertex 111.413 -60.9445 4
      vertex 124.769 -65.3411 4
    endloop
  endfacet
  facet normal 0 0 1
    outer loop
      vertex 111.667 -60.3316 4
      vertex 111.571 -60.6506 4
      vertex 125 -63 4
    endloop
  endfacet
  facet normal -0 0 1
    outer loop
      vertex 111.667 -60.3316 4
      vertex 125 -63 4
      vertex 111.7 -60 4
    endloop
  endfacet
  facet normal 0 -0 1
    outer loop
      vertex 123.583 -68.6568 4
      vertex 124.087 -67.5922 4
      vertex 111.413 -60.9445 4
    endloop
  endfacet
  facet normal 0 0 1
    outer loop
      vertex 110.944 -61.4135 4
      vertex 117.592 -74.0865 4
      vertex 118.657 -73.5831 4
    endloop
  endfacet
  facet normal -0 -0 1
    outer loop
      vertex 111.571 -59.3494 4
      vertex 125 -63 4
      vertex 111.413 -59.0555 4
    endloop
  endfacet
  facet normal -0 -0 1
    outer loop
      vertex 111.667 -59.6683 4
      vertex 125 -63 4
      vertex 111.571 -59.3494 4
    endloop
  endfacet
  facet normal 0 0 1
    outer loop
      vertex 88.3 61 4
      vertex 83.9741 61.3285 4
      vertex 84 61 4
    endloop
  endfacet
  facet normal 0 0 1
    outer loop
      vertex 122.276 70.6127 4
      vertex 111.202 61.2021 4
      vertex 122.978 69.6668 4
    endloop
  endfacet
  facet normal 0 0 1
    outer loop
      vertex 111.202 61.2021 4
      vertex 120.613 72.2761 4
      vertex 119.667 72.9776 4
    endloop
  endfacet
  facet normal 0 0 1
    outer loop
      vertex 116.483 74.4833 4
      vertex 110.944 61.4135 4
      vertex 117.592 74.0865 4
    endloop
  endfacet
  facet normal 0 0 1
    outer loop
      vertex 115.341 74.7694 4
      vertex 110.944 61.4135 4
      vertex 116.483 74.4833 4
    endloop
  endfacet
  facet normal 0 -0 1
    outer loop
      vertex 111.202 61.2021 4
      vertex 119.667 72.9776 4
      vertex 110.944 61.4135 4
    endloop
  endfacet
  facet normal 0 0 1
    outer loop
      vertex 113 75 4
      vertex 110.651 61.5706 4
      vertex 114.176 74.9422 4
    endloop
  endfacet
  facet normal 0 0 1
    outer loop
      vertex 109.668 61.6673 4
      vertex 110 61.7 4
      vertex 113 75 4
    endloop
  endfacet
  facet normal 0 0 1
    outer loop
      vertex 113 75 4
      vertex 109.349 61.5706 4
      vertex 109.668 61.6673 4
    endloop
  endfacet
  facet normal 0 -0 1
    outer loop
      vertex 110.944 61.4135 4
      vertex 115.341 74.7694 4
      vertex 110.651 61.5706 4
    endloop
  endfacet
  facet normal 0 0 1
    outer loop
      vertex 113 75 4
      vertex 91.2021 62.2021 4
      vertex 108.798 61.2021 4
    endloop
  endfacet
  facet normal 0 0 1
    outer loop
      vertex 91.2021 62.2021 4
      vertex 91.4135 61.9445 4
      vertex 108.798 61.2021 4
    endloop
  endfacet
  facet normal 0 0 1
    outer loop
      vertex 121.485 71.4853 4
      vertex 120.613 72.2761 4
      vertex 111.202 61.2021 4
    endloop
  endfacet
  facet normal -0 0 1
    outer loop
      vertex 82.8534 59.1289 4
      vertex 82.5489 59.0028 4
      vertex 89.3494 59.4294 4
    endloop
  endfacet
  facet normal 0 0 1
    outer loop
      vertex 23.4294 -29.3494 4
      vertex 1.57059 -29.3494 4
      vertex 23.3327 -29.6683 4
    endloop
  endfacet
  facet normal -0 0 1
    outer loop
      vertex -120.613 72.2761 4
      vertex -111.202 61.2021 4
      vertex -119.667 72.9776 4
    endloop
  endfacet
  facet normal 0 0 1
    outer loop
      vertex -111.202 61.2021 4
      vertex -122.276 70.6127 4
      vertex -122.978 69.6668 4
    endloop
  endfacet
  facet normal -0 0 1
    outer loop
      vertex -124.483 66.4834 4
      vertex -111.413 60.9445 4
      vertex -124.087 67.5922 4
    endloop
  endfacet
  facet normal -0 0 1
    outer loop
      vertex -124.769 65.3411 4
      vertex -111.413 60.9445 4
      vertex -124.483 66.4834 4
    endloop
  endfacet
  facet normal 0 0 1
    outer loop
      vertex -111.202 61.2021 4
      vertex -122.978 69.6668 4
      vertex -111.413 60.9445 4
    endloop
  endfacet
  facet normal -0 0 1
    outer loop
      vertex -125 63 4
      vertex -111.571 60.6506 4
      vertex -124.942 64.1762 4
    endloop
  endfacet
  facet normal 0 0 1
    outer loop
      vertex -111.667 59.6683 4
      vertex -111.7 60 4
      vertex -125 63 4
    endloop
  endfacet
  facet normal 0 0 1
    outer loop
      vertex -125 63 4
      vertex -111.571 59.3494 4
      vertex -111.667 59.6683 4
    endloop
  endfacet
  facet normal 0 0 1
    outer loop
      vertex -111.413 60.9445 4
      vertex -124.769 65.3411 4
      vertex -111.571 60.6506 4
    endloop
  endfacet
  facet normal 0 0 1
    outer loop
      vertex -125 63 4
      vertex -110.944 58.5865 4
      vertex -111.202 58.7979 4
    endloop
  endfacet
  facet normal 0 0 1
    outer loop
      vertex -106.667 19.6683 4
      vertex -106.7 20 4
      vertex -125 63 4
    endloop
  endfacet
  facet normal 0 0 1
    outer loop
      vertex -121.485 71.4853 4
      vertex -122.276 70.6127 4
      vertex -111.202 61.2021 4
    endloop
  endfacet
  facet normal 0 0 1
    outer loop
      vertex -43.865 16.7275 4
      vertex -48.4294 29.3494 4
      vertex -44.2274 16.8776 4
    endloop
  endfacet
  facet normal 0 -0 1
    outer loop
      vertex -114.176 -74.9422 4
      vertex -110.651 -61.5706 4
      vertex -115.341 -74.7694 4
    endloop
  endfacet
  facet normal 0 0 1
    outer loop
      vertex -111.202 -61.2021 4
      vertex -111.413 -60.9445 4
      vertex -122.978 -69.6668 4
    endloop
  endfacet
  facet normal 0 -0 1
    outer loop
      vertex -121.485 -71.4853 4
      vertex -111.202 -61.2021 4
      vertex -122.276 -70.6127 4
    endloop
  endfacet
  facet normal -0 0 1
    outer loop
      vertex -120.613 -72.2761 4
      vertex -119.667 -72.9776 4
      vertex -111.202 -61.2021 4
    endloop
  endfacet
  facet normal 0 0 1
    outer loop
      vertex -119.667 -72.9776 4
      vertex -110.944 -61.4135 4
      vertex -111.202 -61.2021 4
    endloop
  endfacet
  facet normal 0 -0 1
    outer loop
      vertex -118.657 -73.5831 4
      vertex -110.944 -61.4135 4
      vertex -119.667 -72.9776 4
    endloop
  endfacet
  facet normal 0 -0 1
    outer loop
      vertex -120.613 -72.2761 4
      vertex -111.202 -61.2021 4
      vertex -121.485 -71.4853 4
    endloop
  endfacet
  facet normal 0 -0 1
    outer loop
      vertex -116.483 -74.4833 4
      vertex -110.944 -61.4135 4
      vertex -117.592 -74.0865 4
    endloop
  endfacet
  facet normal 0 0 1
    outer loop
      vertex -115.341 -74.7694 4
      vertex -110.651 -61.5706 4
      vertex -110.944 -61.4135 4
    endloop
  endfacet
  facet normal 0 -0 1
    outer loop
      vertex -115.341 -74.7694 4
      vertex -110.944 -61.4135 4
      vertex -116.483 -74.4833 4
    endloop
  endfacet
  facet normal 0 -0 1
    outer loop
      vertex -113 -75 4
      vertex -110.651 -61.5706 4
      vertex -114.176 -74.9422 4
    endloop
  endfacet
  facet normal 0 -0 1
    outer loop
      vertex -117.592 -74.0865 4
      vertex -110.944 -61.4135 4
      vertex -118.657 -73.5831 4
    endloop
  endfacet
  facet normal 0 -0 1
    outer loop
      vertex -122.276 -70.6127 4
      vertex -111.202 -61.2021 4
      vertex -122.978 -69.6668 4
    endloop
  endfacet
  facet normal 0 0 1
    outer loop
      vertex -113 -75 4
      vertex -110 -61.7 4
      vertex -110.332 -61.6673 4
    endloop
  endfacet
  facet normal 0 0 1
    outer loop
      vertex -113 -75 4
      vertex -110.332 -61.6673 4
      vertex -110.651 -61.5706 4
    endloop
  endfacet
  facet normal 0 0 1
    outer loop
      vertex -50.6506 28.4294 4
      vertex -50.9445 28.5865 4
      vertex -47.2275 15.635 4
    endloop
  endfacet
  facet normal 0 0 1
    outer loop
      vertex 54.6506 59.4294 4
      vertex 61.451 59.0028 4
      vertex 61.1466 59.1289 4
    endloop
  endfacet
  facet normal 0 0 1
    outer loop
      vertex -82.5489 59.0028 4
      vertex -82.8534 59.1289 4
      vertex -89.3494 59.4294 4
    endloop
  endfacet
  facet normal 0 0 1
    outer loop
      vertex -82.2285 58.9258 4
      vertex -89.6683 59.3327 4
      vertex -103.798 21.2021 4
    endloop
  endfacet
  facet normal 0 0 1
    outer loop
      vertex -82.5489 59.0028 4
      vertex -89.6683 59.3327 4
      vertex -82.2285 58.9258 4
    endloop
  endfacet
  facet normal 0 0 1
    outer loop
      vertex -105.944 21.4135 4
      vertex -110.651 58.4294 4
      vertex -106.202 21.2021 4
    endloop
  endfacet
  facet normal 0 0 1
    outer loop
      vertex -88.7979 59.7979 4
      vertex -83.3849 59.5151 4
      vertex -83.5989 59.7656 4
    endloop
  endfacet
  facet normal 0 0 1
    outer loop
      vertex -88.4294 60.3494 4
      vertex -88.5865 60.0555 4
      vertex -83.7711 60.0466 4
    endloop
  endfacet
  facet normal 0 0 1
    outer loop
      vertex -88.3327 60.6683 4
      vertex -88.4294 60.3494 4
      vertex -83.8972 60.3511 4
    endloop
  endfacet
  facet normal 0 0 1
    outer loop
      vertex -84 61 4
      vertex -88.3 61 4
      vertex -83.9741 60.6715 4
    endloop
  endfacet
  facet normal 0 -0 1
    outer loop
      vertex -83.9741 61.3285 4
      vertex -83.8972 61.6489 4
      vertex -88.3327 61.3316 4
    endloop
  endfacet
  facet normal 0 -0 1
    outer loop
      vertex -106.7 -20 4
      vertex -106.667 -19.6683 4
      vertex -125 -63 4
    endloop
  endfacet
  facet normal 0 0 1
    outer loop
      vertex -83.7711 61.9534 4
      vertex -88.5865 61.9445 4
      vertex -88.4294 61.6506 4
    endloop
  endfacet
  facet normal 0 0 1
    outer loop
      vertex -83.5989 62.2343 4
      vertex -88.7979 62.2021 4
      vertex -88.5865 61.9445 4
    endloop
  endfacet
  facet normal 0 0 1
    outer loop
      vertex -83.3849 62.4849 4
      vertex -88.7979 62.2021 4
      vertex -83.5989 62.2343 4
    endloop
  endfacet
  facet normal -0 0 1
    outer loop
      vertex -89.0555 62.4135 4
      vertex -88.7979 62.2021 4
      vertex -83.3849 62.4849 4
    endloop
  endfacet
  facet normal 0 0 1
    outer loop
      vertex -89.3494 62.5706 4
      vertex -83.1343 62.6989 4
      vertex -82.8534 62.8711 4
    endloop
  endfacet
  facet normal 0 0 1
    outer loop
      vertex -89.3494 62.5706 4
      vertex -82.8534 62.8711 4
      vertex -82.5489 62.9972 4
    endloop
  endfacet
  facet normal 0 0 1
    outer loop
      vertex -113 75 4
      vertex -82.2285 63.0741 4
      vertex -81.9 63.1 4
    endloop
  endfacet
  facet normal 0 -0 1
    outer loop
      vertex -54.3316 62.6673 4
      vertex -54 62.7 4
      vertex -61.7715 63.0741 4
    endloop
  endfacet
  facet normal 0 0 1
    outer loop
      vertex -113 75 4
      vertex -81.9 63.1 4
      vertex -62.1 63.1 4
    endloop
  endfacet
  facet normal 0 0 1
    outer loop
      vertex -26.4135 29.0555 4
      vertex -42.9774 15.9695 4
      vertex -26.2021 28.7979 4
    endloop
  endfacet
  facet normal -0 0 1
    outer loop
      vertex -61.1466 59.1289 4
      vertex -61.451 59.0028 4
      vertex -54.6506 59.4294 4
    endloop
  endfacet
  facet normal 0 0 1
    outer loop
      vertex 60.2289 61.9534 4
      vertex 55.4135 61.9445 4
      vertex 55.5706 61.6506 4
    endloop
  endfacet
  facet normal -0 0 1
    outer loop
      vertex 55.6673 61.3316 4
      vertex 60.0258 61.3285 4
      vertex 60.1028 61.6489 4
    endloop
  endfacet
  facet normal 0 0 1
    outer loop
      vertex -61.451 59.0028 4
      vertex -54.3316 59.3327 4
      vertex -54.6506 59.4294 4
    endloop
  endfacet
  facet normal 0 0 1
    outer loop
      vertex 60 61 4
      vertex 55.7 61 4
      vertex 60.0258 60.6715 4
    endloop
  endfacet
  facet normal 0 0 1
    outer loop
      vertex 55.6673 60.6683 4
      vertex 55.5706 60.3494 4
      vertex 60.1028 60.3511 4
    endloop
  endfacet
  facet normal 0 0 1
    outer loop
      vertex 24.3494 31.5706 4
      vertex 24.6683 31.6673 4
      vertex 52.3327 61.3316 4
    endloop
  endfacet
  facet normal -0 0 1
    outer loop
      vertex 55.4135 60.0555 4
      vertex 60.2289 60.0466 4
      vertex 55.5706 60.3494 4
    endloop
  endfacet
  facet normal 0 0 1
    outer loop
      vertex 60.4011 59.7656 4
      vertex 55.2021 59.7979 4
      vertex 60.6151 59.5151 4
    endloop
  endfacet
  facet normal 0 0 1
    outer loop
      vertex 54.9445 59.5865 4
      vertex 60.8656 59.3011 4
      vertex 60.6151 59.5151 4
    endloop
  endfacet
  facet normal 0 0 1
    outer loop
      vertex 52.5865 60.0555 4
      vertex 25.6506 31.5706 4
      vertex 25.9445 31.4135 4
    endloop
  endfacet
  facet normal -0 0 1
    outer loop
      vertex 50.9445 31.4135 4
      vertex 51.2021 31.2021 4
      vertex 62.1 58.9 4
    endloop
  endfacet
  facet normal 0 -0 1
    outer loop
      vertex 50 31.7 4
      vertex 53.3494 59.4294 4
      vertex 49.6683 31.6673 4
    endloop
  endfacet
  facet normal 0 0 1
    outer loop
      vertex 53.3494 59.4294 4
      vertex 53.0555 59.5865 4
      vertex 49.6683 31.6673 4
    endloop
  endfacet
  facet normal 0 0 1
    outer loop
      vertex -51.4135 30.9445 4
      vertex -62.1 58.9 4
      vertex -51.5706 30.6506 4
    endloop
  endfacet
  facet normal 0 0 1
    outer loop
      vertex -24.0555 28.5865 4
      vertex -2.46921 14.8911 4
      vertex -2.37764 15.2725 4
    endloop
  endfacet
  facet normal 0 0 1
    outer loop
      vertex 54 59.3 4
      vertex 50.3316 31.6673 4
      vertex 50.6506 31.5706 4
    endloop
  endfacet
  facet normal 0 -0 1
    outer loop
      vertex 55.4135 61.9445 4
      vertex 60.4011 62.2343 4
      vertex 55.2021 62.2021 4
    endloop
  endfacet
  facet normal 0 0 1
    outer loop
      vertex 52.7979 59.7979 4
      vertex 49.3494 31.5706 4
      vertex 53.0555 59.5865 4
    endloop
  endfacet
  facet normal 0 0 1
    outer loop
      vertex 50.3316 28.3327 4
      vertex 46.7678 16.2678 4
      vertex 47.0225 15.9695 4
    endloop
  endfacet
  facet normal -0 0 1
    outer loop
      vertex -60.8656 59.3011 4
      vertex -61.1466 59.1289 4
      vertex -54.6506 59.4294 4
    endloop
  endfacet
  facet normal 0 0 1
    outer loop
      vertex 23.5865 30.9445 4
      vertex 1.4135 30.9445 4
      vertex 23.4294 30.6506 4
    endloop
  endfacet
  facet normal 0 0 1
    outer loop
      vertex 55.2021 62.2021 4
      vertex 60.4011 62.2343 4
      vertex 60.6151 62.4849 4
    endloop
  endfacet
  facet normal 0 0 1
    outer loop
      vertex -60.8656 59.3011 4
      vertex -54.6506 59.4294 4
      vertex -54.9445 59.5865 4
    endloop
  endfacet
  facet normal 0 0 1
    outer loop
      vertex 60.6151 62.4849 4
      vertex 54.9445 62.4135 4
      vertex 55.2021 62.2021 4
    endloop
  endfacet
  facet normal 0 0 1
    outer loop
      vertex 23.7979 31.2021 4
      vertex 0.944458 31.4135 4
      vertex 1.20207 31.2021 4
    endloop
  endfacet
  facet normal 0 0 1
    outer loop
      vertex -60.6151 59.5151 4
      vertex -54.9445 59.5865 4
      vertex -55.2021 59.7979 4
    endloop
  endfacet
  facet normal 0 0 1
    outer loop
      vertex 54.6506 62.5706 4
      vertex 60.8656 62.6989 4
      vertex 61.1466 62.8711 4
    endloop
  endfacet
  facet normal -0 0 1
    outer loop
      vertex -61.7715 58.9258 4
      vertex -50.9445 31.4135 4
      vertex -61.451 59.0028 4
    endloop
  endfacet
  facet normal 0 -0 1
    outer loop
      vertex 61.1466 62.8711 4
      vertex 61.451 62.9972 4
      vertex 54.6506 62.5706 4
    endloop
  endfacet
  facet normal 0 0 1
    outer loop
      vertex -60.6151 59.5151 4
      vertex -55.2021 59.7979 4
      vertex -60.4011 59.7656 4
    endloop
  endfacet
  facet normal -0 0 1
    outer loop
      vertex 54.3316 62.6673 4
      vertex 54.6506 62.5706 4
      vertex 61.451 62.9972 4
    endloop
  endfacet
  facet normal 0 0 1
    outer loop
      vertex -53.0555 62.4135 4
      vertex -52.7979 62.2021 4
      vertex 52.7979 62.2021 4
    endloop
  endfacet
  facet normal 0 0 1
    outer loop
      vertex 49.0555 31.4135 4
      vertex 49.3494 31.5706 4
      vertex 52.7979 59.7979 4
    endloop
  endfacet
  facet normal 0 -0 1
    outer loop
      vertex -53.0555 62.4135 4
      vertex 53.0555 62.4135 4
      vertex -53.3494 62.5706 4
    endloop
  endfacet
  facet normal -0 0 1
    outer loop
      vertex 54 62.7 4
      vertex 54.3316 62.6673 4
      vertex 61.7715 63.0741 4
    endloop
  endfacet
  facet normal 0 0 1
    outer loop
      vertex -55.6673 60.6683 4
      vertex -55.7 61 4
      vertex -60.0258 60.6715 4
    endloop
  endfacet
  facet normal 0 0 1
    outer loop
      vertex -60.0258 61.3285 4
      vertex -60 61 4
      vertex -55.7 61 4
    endloop
  endfacet
  facet normal 0 0 1
    outer loop
      vertex -55.2021 62.2021 4
      vertex -60.4011 62.2343 4
      vertex -55.4135 61.9445 4
    endloop
  endfacet
  facet normal 0 0 1
    outer loop
      vertex 54 62.7 4
      vertex 62.1 63.1 4
      vertex 113 75 4
    endloop
  endfacet
  facet normal 0 0 1
    outer loop
      vertex 62.1 63.1 4
      vertex 81.9 63.1 4
      vertex 113 75 4
    endloop
  endfacet
  facet normal -0 0 1
    outer loop
      vertex 81.9 63.1 4
      vertex 82.2285 63.0741 4
      vertex 113 75 4
    endloop
  endfacet
  facet normal 0 0 1
    outer loop
      vertex 89.3494 62.5706 4
      vertex 82.5489 62.9972 4
      vertex 82.8534 62.8711 4
    endloop
  endfacet
  facet normal 0 0 1
    outer loop
      vertex 83.3849 62.4849 4
      vertex 88.7979 62.2021 4
      vertex 89.0555 62.4135 4
    endloop
  endfacet
  facet normal 0 0 1
    outer loop
      vertex 88.5865 61.9445 4
      vertex 83.7711 61.9534 4
      vertex 88.4294 61.6506 4
    endloop
  endfacet
  facet normal 0 0 1
    outer loop
      vertex 88.3 61 4
      vertex 83.9741 60.6715 4
      vertex 88.3327 60.6683 4
    endloop
  endfacet
  facet normal 0 0 1
    outer loop
      vertex 83.9741 60.6715 4
      vertex 83.8972 60.3511 4
      vertex 88.3327 60.6683 4
    endloop
  endfacet
  facet normal -0 0 1
    outer loop
      vertex 83.8972 60.3511 4
      vertex 88.4294 60.3494 4
      vertex 88.3327 60.6683 4
    endloop
  endfacet
  facet normal 0 0 1
    outer loop
      vertex 83.7711 60.0466 4
      vertex 88.4294 60.3494 4
      vertex 83.8972 60.3511 4
    endloop
  endfacet
  facet normal 0 0 1
    outer loop
      vertex 88.5865 60.0555 4
      vertex 88.4294 60.3494 4
      vertex 83.7711 60.0466 4
    endloop
  endfacet
  facet normal 0 0 1
    outer loop
      vertex 88.7979 59.7979 4
      vertex 88.5865 60.0555 4
      vertex 83.5989 59.7656 4
    endloop
  endfacet
  facet normal 0 0 1
    outer loop
      vertex 88.7979 59.7979 4
      vertex 83.5989 59.7656 4
      vertex 83.3849 59.5151 4
    endloop
  endfacet
  facet normal -0 0 1
    outer loop
      vertex 83.9741 61.3285 4
      vertex 88.3 61 4
      vertex 88.3327 61.3316 4
    endloop
  endfacet
  facet normal 0 0 1
    outer loop
      vertex 83.3849 59.5151 4
      vertex 89.0555 59.5865 4
      vertex 88.7979 59.7979 4
    endloop
  endfacet
  facet normal 0 0 1
    outer loop
      vertex 83.1343 59.3011 4
      vertex 89.3494 59.4294 4
      vertex 89.0555 59.5865 4
    endloop
  endfacet
  facet normal 0 0 1
    outer loop
      vertex 82.8534 59.1289 4
      vertex 89.3494 59.4294 4
      vertex 83.1343 59.3011 4
    endloop
  endfacet
  facet normal 0 0 1
    outer loop
      vertex 82.5489 59.0028 4
      vertex 89.6683 59.3327 4
      vertex 89.3494 59.4294 4
    endloop
  endfacet
  facet normal 0 0 1
    outer loop
      vertex 82.2285 58.9258 4
      vertex 89.6683 59.3327 4
      vertex 82.5489 59.0028 4
    endloop
  endfacet
  facet normal 0 0 1
    outer loop
      vertex 103.333 20.3316 4
      vertex 51.7 30 4
      vertex 51.6673 29.6683 4
    endloop
  endfacet
  facet normal 0 0 1
    outer loop
      vertex 62.1 58.9 4
      vertex 51.4135 30.9445 4
      vertex 51.5706 30.6506 4
    endloop
  endfacet
  facet normal 0 0 1
    outer loop
      vertex 48.4294 29.3494 4
      vertex 44.2274 16.8776 4
      vertex 48.5865 29.0555 4
    endloop
  endfacet
  facet normal 0 -0 1
    outer loop
      vertex 25 31.7 4
      vertex 52.3 61 4
      vertex 24.6683 31.6673 4
    endloop
  endfacet
  facet normal 0 0 1
    outer loop
      vertex -55.2021 59.7979 4
      vertex -55.4135 60.0555 4
      vertex -60.4011 59.7656 4
    endloop
  endfacet
  facet normal 0 0 1
    outer loop
      vertex -55.4135 60.0555 4
      vertex -60.2289 60.0466 4
      vertex -60.4011 59.7656 4
    endloop
  endfacet
  facet normal 0 0 1
    outer loop
      vertex 53.0555 62.4135 4
      vertex -53.0555 62.4135 4
      vertex 52.7979 62.2021 4
    endloop
  endfacet
  facet normal 0 -0 1
    outer loop
      vertex 61.451 62.9972 4
      vertex 61.7715 63.0741 4
      vertex 54.3316 62.6673 4
    endloop
  endfacet
  facet normal 0 0 1
    outer loop
      vertex -60.1028 60.3511 4
      vertex -60.2289 60.0466 4
      vertex -55.5706 60.3494 4
    endloop
  endfacet
  facet normal -0 0 1
    outer loop
      vertex -60.1028 60.3511 4
      vertex -55.5706 60.3494 4
      vertex -55.6673 60.6683 4
    endloop
  endfacet
  facet normal 0 0 1
    outer loop
      vertex 53.3494 62.5706 4
      vertex -53.3494 62.5706 4
      vertex 53.0555 62.4135 4
    endloop
  endfacet
  facet normal 0 0 1
    outer loop
      vertex -60.1028 60.3511 4
      vertex -55.6673 60.6683 4
      vertex -60.0258 60.6715 4
    endloop
  endfacet
  facet normal 0 -0 1
    outer loop
      vertex -53.3494 62.5706 4
      vertex 53.3494 62.5706 4
      vertex -53.6683 62.6673 4
    endloop
  endfacet
  facet normal -0 0 1
    outer loop
      vertex -53.6683 62.6673 4
      vertex 53.3494 62.5706 4
      vertex 53.6683 62.6673 4
    endloop
  endfacet
  facet normal 0 -0 1
    outer loop
      vertex -60.0258 61.3285 4
      vertex -55.6673 61.3316 4
      vertex -60.1028 61.6489 4
    endloop
  endfacet
  facet normal 0 -0 1
    outer loop
      vertex 61.7715 63.0741 4
      vertex 62.1 63.1 4
      vertex 54 62.7 4
    endloop
  endfacet
  facet normal 0 -0 1
    outer loop
      vertex -54.9445 62.4135 4
      vertex -54.6506 62.5706 4
      vertex -60.8656 62.6989 4
    endloop
  endfacet
  facet normal 0 0 1
    outer loop
      vertex -61.451 62.9972 4
      vertex -61.1466 62.8711 4
      vertex -54.6506 62.5706 4
    endloop
  endfacet
  facet normal 0 0 1
    outer loop
      vertex 113 75 4
      vertex -113 75 4
      vertex 53.6683 62.6673 4
    endloop
  endfacet
  facet normal 0 0 1
    outer loop
      vertex 53.6683 62.6673 4
      vertex 54 62.7 4
      vertex 113 75 4
    endloop
  endfacet
  facet normal 0 0 1
    outer loop
      vertex 54.9445 62.4135 4
      vertex 60.6151 62.4849 4
      vertex 60.8656 62.6989 4
    endloop
  endfacet
  facet normal -0 0 1
    outer loop
      vertex 54.6506 62.5706 4
      vertex 54.9445 62.4135 4
      vertex 60.8656 62.6989 4
    endloop
  endfacet
  facet normal 0 0 1
    outer loop
      vertex 60.4011 62.2343 4
      vertex 55.4135 61.9445 4
      vertex 60.2289 61.9534 4
    endloop
  endfacet
  facet normal 0 0 1
    outer loop
      vertex 60.2289 61.9534 4
      vertex 55.5706 61.6506 4
      vertex 60.1028 61.6489 4
    endloop
  endfacet
  facet normal 0 0 1
    outer loop
      vertex 55.5706 61.6506 4
      vertex 55.6673 61.3316 4
      vertex 60.1028 61.6489 4
    endloop
  endfacet
  facet normal 0 0 1
    outer loop
      vertex 55.6673 61.3316 4
      vertex 55.7 61 4
      vertex 60.0258 61.3285 4
    endloop
  endfacet
  facet normal 0 0 1
    outer loop
      vertex 55.7 61 4
      vertex 60 61 4
      vertex 60.0258 61.3285 4
    endloop
  endfacet
  facet normal 0 0 1
    outer loop
      vertex 55.6673 60.6683 4
      vertex 60.0258 60.6715 4
      vertex 55.7 61 4
    endloop
  endfacet
  facet normal 0 0 1
    outer loop
      vertex 60.1028 60.3511 4
      vertex 60.0258 60.6715 4
      vertex 55.6673 60.6683 4
    endloop
  endfacet
  facet normal 0 0 1
    outer loop
      vertex 60.2289 60.0466 4
      vertex 60.1028 60.3511 4
      vertex 55.5706 60.3494 4
    endloop
  endfacet
  facet normal 0 0 1
    outer loop
      vertex 60.4011 59.7656 4
      vertex 60.2289 60.0466 4
      vertex 55.4135 60.0555 4
    endloop
  endfacet
  facet normal 0 0 1
    outer loop
      vertex 60.4011 59.7656 4
      vertex 55.4135 60.0555 4
      vertex 55.2021 59.7979 4
    endloop
  endfacet
  facet normal 0 0 1
    outer loop
      vertex 60.6151 59.5151 4
      vertex 55.2021 59.7979 4
      vertex 54.9445 59.5865 4
    endloop
  endfacet
  facet normal 0 0 1
    outer loop
      vertex 60.8656 59.3011 4
      vertex 54.9445 59.5865 4
      vertex 54.6506 59.4294 4
    endloop
  endfacet
  facet normal 0 0 1
    outer loop
      vertex 60.8656 59.3011 4
      vertex 54.6506 59.4294 4
      vertex 61.1466 59.1289 4
    endloop
  endfacet
  facet normal 0 0 1
    outer loop
      vertex 54.6506 59.4294 4
      vertex 54.3316 59.3327 4
      vertex 61.451 59.0028 4
    endloop
  endfacet
  facet normal 0 0 1
    outer loop
      vertex 90 59.3 4
      vertex 103.798 21.2021 4
      vertex 104.056 21.4135 4
    endloop
  endfacet
  facet normal 0 -0 1
    outer loop
      vertex 90.9445 62.4135 4
      vertex 113 75 4
      vertex 90.6506 62.5706 4
    endloop
  endfacet
  facet normal 0 0 1
    outer loop
      vertex 83.1343 59.3011 4
      vertex 89.0555 59.5865 4
      vertex 83.3849 59.5151 4
    endloop
  endfacet
  facet normal 0 0 1
    outer loop
      vertex 83.5989 59.7656 4
      vertex 88.5865 60.0555 4
      vertex 83.7711 60.0466 4
    endloop
  endfacet
  facet normal 0 0 1
    outer loop
      vertex 83.9741 60.6715 4
      vertex 88.3 61 4
      vertex 84 61 4
    endloop
  endfacet
  facet normal 0 -0 1
    outer loop
      vertex 83.9741 61.3285 4
      vertex 88.3327 61.3316 4
      vertex 83.8972 61.6489 4
    endloop
  endfacet
  facet normal 0 -0 1
    outer loop
      vertex 88.3327 61.3316 4
      vertex 88.4294 61.6506 4
      vertex 83.8972 61.6489 4
    endloop
  endfacet
  facet normal 0 0 1
    outer loop
      vertex 88.4294 61.6506 4
      vertex 83.7711 61.9534 4
      vertex 83.8972 61.6489 4
    endloop
  endfacet
  facet normal 0 0 1
    outer loop
      vertex 88.5865 61.9445 4
      vertex 83.5989 62.2343 4
      vertex 83.7711 61.9534 4
    endloop
  endfacet
  facet normal 0 0 1
    outer loop
      vertex 88.7979 62.2021 4
      vertex 83.5989 62.2343 4
      vertex 88.5865 61.9445 4
    endloop
  endfacet
  facet normal 0 0 1
    outer loop
      vertex 83.3849 62.4849 4
      vertex 83.5989 62.2343 4
      vertex 88.7979 62.2021 4
    endloop
  endfacet
  facet normal 0 0 1
    outer loop
      vertex 83.1343 62.6989 4
      vertex 83.3849 62.4849 4
      vertex 89.0555 62.4135 4
    endloop
  endfacet
  facet normal 0 0 1
    outer loop
      vertex 83.1343 62.6989 4
      vertex 89.0555 62.4135 4
      vertex 89.3494 62.5706 4
    endloop
  endfacet
  facet normal -0 -0 1
    outer loop
      vertex 83.1343 62.6989 4
      vertex 89.3494 62.5706 4
      vertex 82.8534 62.8711 4
    endloop
  endfacet
  facet normal 0 -0 1
    outer loop
      vertex 89.3494 62.5706 4
      vertex 89.6683 62.6673 4
      vertex 82.5489 62.9972 4
    endloop
  endfacet
  facet normal 0 0 1
    outer loop
      vertex 89.6683 62.6673 4
      vertex 82.2285 63.0741 4
      vertex 82.5489 62.9972 4
    endloop
  endfacet
  facet normal 0 0 1
    outer loop
      vertex 90 62.7 4
      vertex 82.2285 63.0741 4
      vertex 89.6683 62.6673 4
    endloop
  endfacet
  facet normal 0 0 1
    outer loop
      vertex 113 75 4
      vertex 82.2285 63.0741 4
      vertex 90 62.7 4
    endloop
  endfacet
  facet normal 0 0 1
    outer loop
      vertex 113 75 4
      vertex 90 62.7 4
      vertex 90.3316 62.6673 4
    endloop
  endfacet
  facet normal 0 0 1
    outer loop
      vertex 113 75 4
      vertex 90.3316 62.6673 4
      vertex 90.6506 62.5706 4
    endloop
  endfacet
  facet normal 0 -0 1
    outer loop
      vertex 91.2021 62.2021 4
      vertex 113 75 4
      vertex 90.9445 62.4135 4
    endloop
  endfacet
  facet normal 0 -0 1
    outer loop
      vertex 108.333 60.3316 4
      vertex 108.429 60.6506 4
      vertex 91.6673 61.3316 4
    endloop
  endfacet
  facet normal 0 0 1
    outer loop
      vertex 108.429 59.3494 4
      vertex 91.5706 60.3494 4
      vertex 91.4135 60.0555 4
    endloop
  endfacet
  facet normal 0 0 1
    outer loop
      vertex 108.429 59.3494 4
      vertex 91.4135 60.0555 4
      vertex 108.586 59.0555 4
    endloop
  endfacet
  facet normal 0 0 1
    outer loop
      vertex 91.4135 60.0555 4
      vertex 91.2021 59.7979 4
      vertex 108.586 59.0555 4
    endloop
  endfacet
  facet normal 0 0 1
    outer loop
      vertex 91.2021 59.7979 4
      vertex 108.798 58.7979 4
      vertex 108.586 59.0555 4
    endloop
  endfacet
  facet normal 0 0 1
    outer loop
      vertex 91.4135 61.9445 4
      vertex 108.586 60.9445 4
      vertex 108.798 61.2021 4
    endloop
  endfacet
  facet normal 0 0 1
    outer loop
      vertex 108.798 58.7979 4
      vertex 91.2021 59.7979 4
      vertex 90.9445 59.5865 4
    endloop
  endfacet
  facet normal 0 0 1
    outer loop
      vertex 108.798 58.7979 4
      vertex 90.9445 59.5865 4
      vertex 109.056 58.5865 4
    endloop
  endfacet
  facet normal -0 0 1
    outer loop
      vertex 81.9 58.9 4
      vertex 103.586 20.9445 4
      vertex 82.2285 58.9258 4
    endloop
  endfacet
  facet normal 0 -0 1
    outer loop
      vertex 103.429 20.6506 4
      vertex 103.586 20.9445 4
      vertex 81.9 58.9 4
    endloop
  endfacet
  facet normal 0 0 1
    outer loop
      vertex 123.583 68.6568 4
      vertex 122.978 69.6668 4
      vertex 111.413 60.9445 4
    endloop
  endfacet
  facet normal 0 -0 1
    outer loop
      vertex 51.6673 30.3316 4
      vertex 81.9 58.9 4
      vertex 51.5706 30.6506 4
    endloop
  endfacet
  facet normal -0 0 1
    outer loop
      vertex 51.5706 29.3494 4
      vertex 103.3 20 4
      vertex 51.6673 29.6683 4
    endloop
  endfacet
  facet normal 0 0 1
    outer loop
      vertex -81.9 58.9 4
      vertex -51.7 30 4
      vertex -51.6673 30.3316 4
    endloop
  endfacet
  facet normal -0 0 1
    outer loop
      vertex 26.7 30 4
      vertex 26.6673 29.6683 4
      vertex 48.3 30 4
    endloop
  endfacet
  facet normal 0 0 1
    outer loop
      vertex -60.8656 59.3011 4
      vertex -54.9445 59.5865 4
      vertex -60.6151 59.5151 4
    endloop
  endfacet
  facet normal 0 0 1
    outer loop
      vertex -55.5706 60.3494 4
      vertex -60.2289 60.0466 4
      vertex -55.4135 60.0555 4
    endloop
  endfacet
  facet normal 0 0 1
    outer loop
      vertex -60.0258 60.6715 4
      vertex -55.7 61 4
      vertex -60 61 4
    endloop
  endfacet
  facet normal 0 -0 1
    outer loop
      vertex -55.7 61 4
      vertex -55.6673 61.3316 4
      vertex -60.0258 61.3285 4
    endloop
  endfacet
  facet normal 0 -0 1
    outer loop
      vertex -55.6673 61.3316 4
      vertex -55.5706 61.6506 4
      vertex -60.1028 61.6489 4
    endloop
  endfacet
  facet normal 0 0 1
    outer loop
      vertex -55.5706 61.6506 4
      vertex -60.2289 61.9534 4
      vertex -60.1028 61.6489 4
    endloop
  endfacet
  facet normal 0 0 1
    outer loop
      vertex -55.4135 61.9445 4
      vertex -60.2289 61.9534 4
      vertex -55.5706 61.6506 4
    endloop
  endfacet
  facet normal 0 0 1
    outer loop
      vertex -60.4011 62.2343 4
      vertex -60.2289 61.9534 4
      vertex -55.4135 61.9445 4
    endloop
  endfacet
  facet normal 0 0 1
    outer loop
      vertex 53.6683 62.6673 4
      vertex -113 75 4
      vertex -53.6683 62.6673 4
    endloop
  endfacet
  facet normal 0 0 1
    outer loop
      vertex -60.6151 62.4849 4
      vertex -60.4011 62.2343 4
      vertex -55.2021 62.2021 4
    endloop
  endfacet
  facet normal 0 0 1
    outer loop
      vertex -60.6151 62.4849 4
      vertex -55.2021 62.2021 4
      vertex -54.9445 62.4135 4
    endloop
  endfacet
  facet normal -0 -0 1
    outer loop
      vertex -60.6151 62.4849 4
      vertex -54.9445 62.4135 4
      vertex -60.8656 62.6989 4
    endloop
  endfacet
  facet normal -0 -0 1
    outer loop
      vertex -60.8656 62.6989 4
      vertex -54.6506 62.5706 4
      vertex -61.1466 62.8711 4
    endloop
  endfacet
  facet normal 0 -0 1
    outer loop
      vertex -54.6506 62.5706 4
      vertex -54.3316 62.6673 4
      vertex -61.451 62.9972 4
    endloop
  endfacet
  facet normal 0 0 1
    outer loop
      vertex -54.3316 62.6673 4
      vertex -61.7715 63.0741 4
      vertex -61.451 62.9972 4
    endloop
  endfacet
  facet normal 0 0 1
    outer loop
      vertex -54 62.7 4
      vertex -62.1 63.1 4
      vertex -61.7715 63.0741 4
    endloop
  endfacet
  facet normal 0 0 1
    outer loop
      vertex -113 75 4
      vertex -54 62.7 4
      vertex -53.6683 62.6673 4
    endloop
  endfacet
  facet normal 0 0 1
    outer loop
      vertex -113 75 4
      vertex -62.1 63.1 4
      vertex -54 62.7 4
    endloop
  endfacet
  facet normal 0 0 1
    outer loop
      vertex 52.7979 62.2021 4
      vertex -52.7979 62.2021 4
      vertex 52.5865 61.9445 4
    endloop
  endfacet
  facet normal 0 0 1
    outer loop
      vertex -52.7979 62.2021 4
      vertex -52.5865 61.9445 4
      vertex 52.5865 61.9445 4
    endloop
  endfacet
  facet normal -0 -0 1
    outer loop
      vertex -49.3494 31.5706 4
      vertex -49.0555 31.4135 4
      vertex -52.7979 59.7979 4
    endloop
  endfacet
  facet normal 0 0 1
    outer loop
      vertex 52.5865 61.9445 4
      vertex -52.5865 61.9445 4
      vertex 0 31.7 4
    endloop
  endfacet
  facet normal 0 -0 1
    outer loop
      vertex -26.5706 30.6506 4
      vertex -26.4135 30.9445 4
      vertex -48.5865 30.9445 4
    endloop
  endfacet
  facet normal 0 0 1
    outer loop
      vertex 0 31.7 4
      vertex -52.4294 61.6506 4
      vertex -0.33165 31.6673 4
    endloop
  endfacet
  facet normal 0 0 1
    outer loop
      vertex 26.5706 30.6506 4
      vertex 26.6673 30.3316 4
      vertex 48.3327 30.3316 4
    endloop
  endfacet
  facet normal 0 -0 1
    outer loop
      vertex -48.3327 30.3316 4
      vertex -26.6673 30.3316 4
      vertex -48.4294 30.6506 4
    endloop
  endfacet
  facet normal 0 0 1
    outer loop
      vertex 0 31.7 4
      vertex -52.5865 61.9445 4
      vertex -52.4294 61.6506 4
    endloop
  endfacet
  facet normal 0 0 1
    outer loop
      vertex 52.5865 60.0555 4
      vertex 25.9445 31.4135 4
      vertex 52.7979 59.7979 4
    endloop
  endfacet
  facet normal -0 0 1
    outer loop
      vertex 0 17 4
      vertex 0.391083 16.9692 4
      vertex 0 28.3 4
    endloop
  endfacet
  facet normal 0 0 1
    outer loop
      vertex 52.4294 60.3494 4
      vertex 25.6506 31.5706 4
      vertex 52.5865 60.0555 4
    endloop
  endfacet
  facet normal 0 0 1
    outer loop
      vertex 48.4294 29.3494 4
      vertex 43.865 16.7275 4
      vertex 44.2274 16.8776 4
    endloop
  endfacet
  facet normal 0 -0 1
    outer loop
      vertex 43.2322 16.2678 4
      vertex 43.5305 16.5225 4
      vertex 26.5706 29.3494 4
    endloop
  endfacet
  facet normal 0 0 1
    outer loop
      vertex -106.202 21.2021 4
      vertex -110.944 58.5865 4
      vertex -125 63 4
    endloop
  endfacet
  facet normal 0 0 1
    outer loop
      vertex -89.0555 59.5865 4
      vertex -83.1343 59.3011 4
      vertex -83.3849 59.5151 4
    endloop
  endfacet
  facet normal 0 0 1
    outer loop
      vertex -91.7 -61 4
      vertex -108.333 -60.3316 4
      vertex -91.6673 -61.3316 4
    endloop
  endfacet
  facet normal 0 0 1
    outer loop
      vertex -88.5865 61.9445 4
      vertex -83.7711 61.9534 4
      vertex -83.5989 62.2343 4
    endloop
  endfacet
  facet normal -0 0 1
    outer loop
      vertex -108.429 59.3494 4
      vertex -108.586 59.0555 4
      vertex -91.4135 60.0555 4
    endloop
  endfacet
  facet normal 0 0 1
    outer loop
      vertex -91.6673 60.6683 4
      vertex -108.333 59.6683 4
      vertex -91.5706 60.3494 4
    endloop
  endfacet
  facet normal 0 0 1
    outer loop
      vertex -91.7 61 4
      vertex -108.333 60.3316 4
      vertex -108.3 60 4
    endloop
  endfacet
  facet normal 0 -0 1
    outer loop
      vertex -89.3494 62.5706 4
      vertex -82.5489 62.9972 4
      vertex -89.6683 62.6673 4
    endloop
  endfacet
  facet normal 0 -0 1
    outer loop
      vertex -91.6673 61.3316 4
      vertex -91.5706 61.6506 4
      vertex -108.429 60.6506 4
    endloop
  endfacet
  facet normal 0 -0 1
    outer loop
      vertex -108.586 60.9445 4
      vertex -91.4135 61.9445 4
      vertex -108.798 61.2021 4
    endloop
  endfacet
  facet normal 0 0 1
    outer loop
      vertex -119.667 72.9776 4
      vertex -111.202 61.2021 4
      vertex -110.944 61.4135 4
    endloop
  endfacet
  facet normal 0 0 1
    outer loop
      vertex -91.2021 62.2021 4
      vertex -113 75 4
      vertex -108.798 61.2021 4
    endloop
  endfacet
  facet normal 0 -0 1
    outer loop
      vertex -82.5489 62.9972 4
      vertex -82.2285 63.0741 4
      vertex -89.6683 62.6673 4
    endloop
  endfacet
  facet normal 0 0 1
    outer loop
      vertex -113 75 4
      vertex -109.056 61.4135 4
      vertex -108.798 61.2021 4
    endloop
  endfacet
  facet normal -0 -0 1
    outer loop
      vertex -109.349 61.5706 4
      vertex -109.056 61.4135 4
      vertex -113 75 4
    endloop
  endfacet
  facet normal 0 0 1
    outer loop
      vertex -82.2285 63.0741 4
      vertex -90 62.7 4
      vertex -89.6683 62.6673 4
    endloop
  endfacet
  facet normal 0 0 1
    outer loop
      vertex -113 75 4
      vertex -91.2021 62.2021 4
      vertex -90.9445 62.4135 4
    endloop
  endfacet
  facet normal 0 0 1
    outer loop
      vertex -113 75 4
      vertex -90.9445 62.4135 4
      vertex -90.6506 62.5706 4
    endloop
  endfacet
  facet normal 0 0 1
    outer loop
      vertex -113 75 4
      vertex -90.6506 62.5706 4
      vertex -90.3316 62.6673 4
    endloop
  endfacet
  facet normal 0 0 1
    outer loop
      vertex -113 75 4
      vertex -90 62.7 4
      vertex -82.2285 63.0741 4
    endloop
  endfacet
  facet normal 0 0 1
    outer loop
      vertex -113 75 4
      vertex -90.3316 62.6673 4
      vertex -90 62.7 4
    endloop
  endfacet
  facet normal 0 0 1
    outer loop
      vertex -89.0555 62.4135 4
      vertex -83.3849 62.4849 4
      vertex -83.1343 62.6989 4
    endloop
  endfacet
  facet normal -0 0 1
    outer loop
      vertex -89.3494 62.5706 4
      vertex -89.0555 62.4135 4
      vertex -83.1343 62.6989 4
    endloop
  endfacet
  facet normal -0 0 1
    outer loop
      vertex -88.4294 61.6506 4
      vertex -83.8972 61.6489 4
      vertex -83.7711 61.9534 4
    endloop
  endfacet
  facet normal 0 -0 1
    outer loop
      vertex -88.3327 61.3316 4
      vertex -83.8972 61.6489 4
      vertex -88.4294 61.6506 4
    endloop
  endfacet
  facet normal 0 -0 1
    outer loop
      vertex -88.3 61 4
      vertex -83.9741 61.3285 4
      vertex -88.3327 61.3316 4
    endloop
  endfacet
  facet normal 0 -0 1
    outer loop
      vertex -84 61 4
      vertex -83.9741 61.3285 4
      vertex -88.3 61 4
    endloop
  endfacet
  facet normal 0 0 1
    outer loop
      vertex -83.9741 60.6715 4
      vertex -88.3 61 4
      vertex -88.3327 60.6683 4
    endloop
  endfacet
  facet normal 0 0 1
    outer loop
      vertex -83.9741 60.6715 4
      vertex -88.3327 60.6683 4
      vertex -83.8972 60.3511 4
    endloop
  endfacet
  facet normal 0 0 1
    outer loop
      vertex -83.8972 60.3511 4
      vertex -88.4294 60.3494 4
      vertex -83.7711 60.0466 4
    endloop
  endfacet
  facet normal 0 0 1
    outer loop
      vertex -83.7711 60.0466 4
      vertex -88.5865 60.0555 4
      vertex -83.5989 59.7656 4
    endloop
  endfacet
  facet normal 0 0 1
    outer loop
      vertex -88.5865 60.0555 4
      vertex -88.7979 59.7979 4
      vertex -83.5989 59.7656 4
    endloop
  endfacet
  facet normal 0 0 1
    outer loop
      vertex -88.7979 59.7979 4
      vertex -89.0555 59.5865 4
      vertex -83.3849 59.5151 4
    endloop
  endfacet
  facet normal 0 0 1
    outer loop
      vertex -89.0555 59.5865 4
      vertex -89.3494 59.4294 4
      vertex -83.1343 59.3011 4
    endloop
  endfacet
  facet normal 0 0 1
    outer loop
      vertex -89.3494 59.4294 4
      vertex -82.8534 59.1289 4
      vertex -83.1343 59.3011 4
    endloop
  endfacet
  facet normal -0 0 1
    outer loop
      vertex -89.6683 59.3327 4
      vertex -82.5489 59.0028 4
      vertex -89.3494 59.4294 4
    endloop
  endfacet
  facet normal 0 -0 1
    outer loop
      vertex -105.332 21.6673 4
      vertex -105 21.7 4
      vertex -109.668 58.3327 4
    endloop
  endfacet
  facet normal 0 0 1
    outer loop
      vertex 49.0555 28.5865 4
      vertex 45 17 4
      vertex 45.3911 16.9692 4
    endloop
  endfacet
  facet normal 0 0 1
    outer loop
      vertex 110.944 58.5865 4
      vertex 125 63 4
      vertex 111.202 58.7979 4
    endloop
  endfacet
  facet normal 0 0 1
    outer loop
      vertex 109.056 58.5865 4
      vertex 90.9445 59.5865 4
      vertex 90.6506 59.4294 4
    endloop
  endfacet
  facet normal 0 0 1
    outer loop
      vertex 123.583 68.6568 4
      vertex 111.413 60.9445 4
      vertex 124.087 67.5922 4
    endloop
  endfacet
  facet normal 0 0 1
    outer loop
      vertex 108.333 59.6683 4
      vertex 91.5706 60.3494 4
      vertex 108.429 59.3494 4
    endloop
  endfacet
  facet normal 0 0 1
    outer loop
      vertex 91.6673 60.6683 4
      vertex 91.5706 60.3494 4
      vertex 108.333 59.6683 4
    endloop
  endfacet
  facet normal 0 0 1
    outer loop
      vertex 91.6673 60.6683 4
      vertex 108.333 59.6683 4
      vertex 108.3 60 4
    endloop
  endfacet
  facet normal -0 0 1
    outer loop
      vertex 91.6673 60.6683 4
      vertex 108.3 60 4
      vertex 91.7 61 4
    endloop
  endfacet
  facet normal 0 -0 1
    outer loop
      vertex 108.3 60 4
      vertex 108.333 60.3316 4
      vertex 91.7 61 4
    endloop
  endfacet
  facet normal 0 0 1
    outer loop
      vertex 108.333 60.3316 4
      vertex 91.6673 61.3316 4
      vertex 91.7 61 4
    endloop
  endfacet
  facet normal 0 0 1
    outer loop
      vertex 108.429 60.6506 4
      vertex 91.5706 61.6506 4
      vertex 91.6673 61.3316 4
    endloop
  endfacet
  facet normal 0 0 1
    outer loop
      vertex 108.586 60.9445 4
      vertex 91.5706 61.6506 4
      vertex 108.429 60.6506 4
    endloop
  endfacet
  facet normal 0 0 1
    outer loop
      vertex 91.4135 61.9445 4
      vertex 91.5706 61.6506 4
      vertex 108.586 60.9445 4
    endloop
  endfacet
  facet normal 0 0 1
    outer loop
      vertex 109.056 61.4135 4
      vertex 109.349 61.5706 4
      vertex 113 75 4
    endloop
  endfacet
  facet normal 0 0 1
    outer loop
      vertex 108.798 61.2021 4
      vertex 109.056 61.4135 4
      vertex 113 75 4
    endloop
  endfacet
  facet normal -0 0 1
    outer loop
      vertex 110.332 61.6673 4
      vertex 110.651 61.5706 4
      vertex 113 75 4
    endloop
  endfacet
  facet normal -0 0 1
    outer loop
      vertex 110 61.7 4
      vertex 110.332 61.6673 4
      vertex 113 75 4
    endloop
  endfacet
  facet normal 0 0 1
    outer loop
      vertex 110.651 61.5706 4
      vertex 115.341 74.7694 4
      vertex 114.176 74.9422 4
    endloop
  endfacet
  facet normal 0 0 1
    outer loop
      vertex 110.944 61.4135 4
      vertex 119.667 72.9776 4
      vertex 118.657 73.5831 4
    endloop
  endfacet
  facet normal 0 0 1
    outer loop
      vertex 117.592 74.0865 4
      vertex 110.944 61.4135 4
      vertex 118.657 73.5831 4
    endloop
  endfacet
  facet normal 0 0 1
    outer loop
      vertex 121.485 71.4853 4
      vertex 111.202 61.2021 4
      vertex 122.276 70.6127 4
    endloop
  endfacet
  facet normal 0 -0 1
    outer loop
      vertex 111.413 60.9445 4
      vertex 122.978 69.6668 4
      vertex 111.202 61.2021 4
    endloop
  endfacet
  facet normal 0 0 1
    outer loop
      vertex 111.413 60.9445 4
      vertex 124.483 66.4834 4
      vertex 124.087 67.5922 4
    endloop
  endfacet
  facet normal 0 0 1
    outer loop
      vertex 124.769 65.3411 4
      vertex 124.483 66.4834 4
      vertex 111.413 60.9445 4
    endloop
  endfacet
  facet normal 0 0 1
    outer loop
      vertex 124.769 65.3411 4
      vertex 111.413 60.9445 4
      vertex 111.571 60.6506 4
    endloop
  endfacet
  facet normal 0 0 1
    outer loop
      vertex 124.769 65.3411 4
      vertex 111.571 60.6506 4
      vertex 124.942 64.1762 4
    endloop
  endfacet
  facet normal 0 0 1
    outer loop
      vertex 111.571 60.6506 4
      vertex 125 63 4
      vertex 124.942 64.1762 4
    endloop
  endfacet
  facet normal 0 -0 1
    outer loop
      vertex 111.667 60.3316 4
      vertex 125 63 4
      vertex 111.571 60.6506 4
    endloop
  endfacet
  facet normal 0 -0 1
    outer loop
      vertex 111.7 60 4
      vertex 125 63 4
      vertex 111.667 60.3316 4
    endloop
  endfacet
  facet normal 0 0 1
    outer loop
      vertex 111.667 59.6683 4
      vertex 125 63 4
      vertex 111.7 60 4
    endloop
  endfacet
  facet normal 0 0 1
    outer loop
      vertex 111.571 59.3494 4
      vertex 125 63 4
      vertex 111.667 59.6683 4
    endloop
  endfacet
  facet normal 0 0 1
    outer loop
      vertex 111.413 59.0555 4
      vertex 125 63 4
      vertex 111.571 59.3494 4
    endloop
  endfacet
  facet normal 0 0 1
    outer loop
      vertex 111.202 58.7979 4
      vertex 125 63 4
      vertex 111.413 59.0555 4
    endloop
  endfacet
  facet normal 0 0 1
    outer loop
      vertex 109.056 58.5865 4
      vertex 90.6506 59.4294 4
      vertex 104.668 21.6673 4
    endloop
  endfacet
  facet normal 0 0 1
    outer loop
      vertex 104.668 21.6673 4
      vertex 105 21.7 4
      vertex 109.349 58.4294 4
    endloop
  endfacet
  facet normal 0 -0 1
    outer loop
      vertex 104.349 21.5706 4
      vertex 104.668 21.6673 4
      vertex 90.6506 59.4294 4
    endloop
  endfacet
  facet normal 0 0 1
    outer loop
      vertex 104.349 21.5706 4
      vertex 90.6506 59.4294 4
      vertex 90.3316 59.3327 4
    endloop
  endfacet
  facet normal 0 0 1
    outer loop
      vertex -110.944 58.5865 4
      vertex -106.202 21.2021 4
      vertex -110.651 58.4294 4
    endloop
  endfacet
  facet normal 0 0 1
    outer loop
      vertex -108.798 58.7979 4
      vertex -90.9445 59.5865 4
      vertex -91.2021 59.7979 4
    endloop
  endfacet
  facet normal 0 0 1
    outer loop
      vertex -106.413 20.9445 4
      vertex -125 63 4
      vertex -106.571 20.6506 4
    endloop
  endfacet
  facet normal 0 0 1
    outer loop
      vertex -108.798 61.2021 4
      vertex -91.4135 61.9445 4
      vertex -91.2021 62.2021 4
    endloop
  endfacet
  facet normal 0 0 1
    outer loop
      vertex -125 63 4
      vertex -106.7 20 4
      vertex -106.667 20.3316 4
    endloop
  endfacet
  facet normal 0 0 1
    outer loop
      vertex -111.413 59.0555 4
      vertex -111.571 59.3494 4
      vertex -125 63 4
    endloop
  endfacet
  facet normal 0 0 1
    outer loop
      vertex -111.202 58.7979 4
      vertex -111.413 59.0555 4
      vertex -125 63 4
    endloop
  endfacet
  facet normal 0 -0 1
    outer loop
      vertex -111.667 60.3316 4
      vertex -111.571 60.6506 4
      vertex -125 63 4
    endloop
  endfacet
  facet normal 0 -0 1
    outer loop
      vertex -111.7 60 4
      vertex -111.667 60.3316 4
      vertex -125 63 4
    endloop
  endfacet
  facet normal 0 0 1
    outer loop
      vertex -111.571 60.6506 4
      vertex -124.769 65.3411 4
      vertex -124.942 64.1762 4
    endloop
  endfacet
  facet normal 0 0 1
    outer loop
      vertex -111.413 60.9445 4
      vertex -122.978 69.6668 4
      vertex -123.583 68.6568 4
    endloop
  endfacet
  facet normal -0 0 1
    outer loop
      vertex -124.087 67.5922 4
      vertex -111.413 60.9445 4
      vertex -123.583 68.6568 4
    endloop
  endfacet
  facet normal -0 0 1
    outer loop
      vertex -121.485 71.4853 4
      vertex -111.202 61.2021 4
      vertex -120.613 72.2761 4
    endloop
  endfacet
  facet normal -0 0 1
    outer loop
      vertex -119.667 72.9776 4
      vertex -110.944 61.4135 4
      vertex -118.657 73.5831 4
    endloop
  endfacet
  facet normal 0 0 1
    outer loop
      vertex -110.944 61.4135 4
      vertex -117.592 74.0865 4
      vertex -118.657 73.5831 4
    endloop
  endfacet
  facet normal 0 0 1
    outer loop
      vertex -116.483 74.4833 4
      vertex -117.592 74.0865 4
      vertex -110.944 61.4135 4
    endloop
  endfacet
  facet normal -0 0 1
    outer loop
      vertex -116.483 74.4833 4
      vertex -110.944 61.4135 4
      vertex -115.341 74.7694 4
    endloop
  endfacet
  facet normal 0 -0 1
    outer loop
      vertex -110.944 61.4135 4
      vertex -110.651 61.5706 4
      vertex -115.341 74.7694 4
    endloop
  endfacet
  facet normal 0 0 1
    outer loop
      vertex -110.651 61.5706 4
      vertex -114.176 74.9422 4
      vertex -115.341 74.7694 4
    endloop
  endfacet
  facet normal 0 0 1
    outer loop
      vertex -113 75 4
      vertex -114.176 74.9422 4
      vertex -110.651 61.5706 4
    endloop
  endfacet
  facet normal 0 0 1
    outer loop
      vertex -109.349 61.5706 4
      vertex -113 75 4
      vertex -109.668 61.6673 4
    endloop
  endfacet
  facet normal 0 0 1
    outer loop
      vertex -113 75 4
      vertex -110.651 61.5706 4
      vertex -110.332 61.6673 4
    endloop
  endfacet
  facet normal 0 0 1
    outer loop
      vertex -113 75 4
      vertex -110 61.7 4
      vertex -109.668 61.6673 4
    endloop
  endfacet
  facet normal 0 0 1
    outer loop
      vertex -113 75 4
      vertex -110.332 61.6673 4
      vertex -110 61.7 4
    endloop
  endfacet
  facet normal 0 0 1
    outer loop
      vertex -108.586 60.9445 4
      vertex -91.5706 61.6506 4
      vertex -91.4135 61.9445 4
    endloop
  endfacet
  facet normal 0 -0 1
    outer loop
      vertex -108.429 60.6506 4
      vertex -91.5706 61.6506 4
      vertex -108.586 60.9445 4
    endloop
  endfacet
  facet normal 0 -0 1
    outer loop
      vertex -108.333 60.3316 4
      vertex -91.6673 61.3316 4
      vertex -108.429 60.6506 4
    endloop
  endfacet
  facet normal 0 -0 1
    outer loop
      vertex -91.7 61 4
      vertex -91.6673 61.3316 4
      vertex -108.333 60.3316 4
    endloop
  endfacet
  facet normal 0 0 1
    outer loop
      vertex -91.6673 60.6683 4
      vertex -91.7 61 4
      vertex -108.3 60 4
    endloop
  endfacet
  facet normal 0 0 1
    outer loop
      vertex -91.6673 60.6683 4
      vertex -108.3 60 4
      vertex -108.333 59.6683 4
    endloop
  endfacet
  facet normal 0 0 1
    outer loop
      vertex -91.5706 60.3494 4
      vertex -108.333 59.6683 4
      vertex -108.429 59.3494 4
    endloop
  endfacet
  facet normal 0 0 1
    outer loop
      vertex -91.5706 60.3494 4
      vertex -108.429 59.3494 4
      vertex -91.4135 60.0555 4
    endloop
  endfacet
  facet normal 0 0 1
    outer loop
      vertex -91.4135 60.0555 4
      vertex -108.586 59.0555 4
      vertex -91.2021 59.7979 4
    endloop
  endfacet
  facet normal -0 0 1
    outer loop
      vertex -108.586 59.0555 4
      vertex -108.798 58.7979 4
      vertex -91.2021 59.7979 4
    endloop
  endfacet
  facet normal -0 0 1
    outer loop
      vertex -108.798 58.7979 4
      vertex -109.056 58.5865 4
      vertex -90.9445 59.5865 4
    endloop
  endfacet
  facet normal 0 0 1
    outer loop
      vertex -109.056 58.5865 4
      vertex -90.6506 59.4294 4
      vertex -90.9445 59.5865 4
    endloop
  endfacet
  facet normal 0 0 1
    outer loop
      vertex -106.202 18.7979 4
      vertex -106.202 -18.7979 4
      vertex -105.944 -18.5865 4
    endloop
  endfacet
  facet normal 0 0 1
    outer loop
      vertex -47.5 14.5 4
      vertex -103.429 19.3494 4
      vertex -103.586 19.0555 4
    endloop
  endfacet
  facet normal 0 0 1
    outer loop
      vertex 47.5 -14.5 4
      vertex 103.333 -19.6683 4
      vertex 103.429 -19.3494 4
    endloop
  endfacet
  facet normal 0 -0 1
    outer loop
      vertex 52.3 61 4
      vertex 52.3327 61.3316 4
      vertex 24.6683 31.6673 4
    endloop
  endfacet
  facet normal 0 0 1
    outer loop
      vertex 53.6683 59.3327 4
      vertex 53.3494 59.4294 4
      vertex 50 31.7 4
    endloop
  endfacet
  facet normal 0 0 1
    outer loop
      vertex 42.6223 15.2725 4
      vertex 25.9445 28.5865 4
      vertex 25.6506 28.4294 4
    endloop
  endfacet
  facet normal -0 0 1
    outer loop
      vertex 1.7 30 4
      vertex 1.66733 29.6683 4
      vertex 23.3 30 4
    endloop
  endfacet
  facet normal 0 0 1
    outer loop
      vertex 48.5865 30.9445 4
      vertex 26.4135 30.9445 4
      vertex 48.4294 30.6506 4
    endloop
  endfacet
  facet normal 0 -0 1
    outer loop
      vertex -103.798 21.2021 4
      vertex -90 59.3 4
      vertex -104.056 21.4135 4
    endloop
  endfacet
  facet normal 0 0 1
    outer loop
      vertex 25.9445 31.4135 4
      vertex 26.2021 31.2021 4
      vertex 48.7979 31.2021 4
    endloop
  endfacet
  facet normal 0 -0 1
    outer loop
      vertex 1.66733 30.3316 4
      vertex 23.3327 30.3316 4
      vertex 1.57059 30.6506 4
    endloop
  endfacet
  facet normal 0 -0 1
    outer loop
      vertex 48.7979 31.2021 4
      vertex 49.0555 31.4135 4
      vertex 25.9445 31.4135 4
    endloop
  endfacet
  facet normal 0 0 1
    outer loop
      vertex 52.7979 59.7979 4
      vertex 25.9445 31.4135 4
      vertex 49.0555 31.4135 4
    endloop
  endfacet
  facet normal 0 0 1
    outer loop
      vertex -1.66733 30.3316 4
      vertex -23.4294 30.6506 4
      vertex -23.3327 30.3316 4
    endloop
  endfacet
  facet normal 0 0 1
    outer loop
      vertex 49.3494 31.5706 4
      vertex 49.6683 31.6673 4
      vertex 53.0555 59.5865 4
    endloop
  endfacet
  facet normal 0 0 1
    outer loop
      vertex 53.6683 59.3327 4
      vertex 50 31.7 4
      vertex 50.3316 31.6673 4
    endloop
  endfacet
  facet normal 0 0 1
    outer loop
      vertex 53.6683 59.3327 4
      vertex 50.3316 31.6673 4
      vertex 54 59.3 4
    endloop
  endfacet
  facet normal -0 0 1
    outer loop
      vertex 54 59.3 4
      vertex 50.6506 31.5706 4
      vertex 54.3316 59.3327 4
    endloop
  endfacet
  facet normal 0 0 1
    outer loop
      vertex 50.6506 31.5706 4
      vertex 61.451 59.0028 4
      vertex 54.3316 59.3327 4
    endloop
  endfacet
  facet normal 0 -0 1
    outer loop
      vertex 50.9445 31.4135 4
      vertex 61.451 59.0028 4
      vertex 50.6506 31.5706 4
    endloop
  endfacet
  facet normal 0 0 1
    outer loop
      vertex 61.7715 58.9258 4
      vertex 61.451 59.0028 4
      vertex 50.9445 31.4135 4
    endloop
  endfacet
  facet normal 0 0 1
    outer loop
      vertex 61.7715 58.9258 4
      vertex 50.9445 31.4135 4
      vertex 62.1 58.9 4
    endloop
  endfacet
  facet normal 0 0 1
    outer loop
      vertex 62.1 58.9 4
      vertex 51.2021 31.2021 4
      vertex 51.4135 30.9445 4
    endloop
  endfacet
  facet normal 0 0 1
    outer loop
      vertex 81.9 58.9 4
      vertex 62.1 58.9 4
      vertex 51.5706 30.6506 4
    endloop
  endfacet
  facet normal 0 -0 1
    outer loop
      vertex 51.7 30 4
      vertex 81.9 58.9 4
      vertex 51.6673 30.3316 4
    endloop
  endfacet
  facet normal 0 0 1
    outer loop
      vertex 51.7 30 4
      vertex 103.333 20.3316 4
      vertex 103.429 20.6506 4
    endloop
  endfacet
  facet normal -0 0 1
    outer loop
      vertex 51.7 30 4
      vertex 103.429 20.6506 4
      vertex 81.9 58.9 4
    endloop
  endfacet
  facet normal 0 0 1
    outer loop
      vertex 45 17 4
      vertex 49.0555 28.5865 4
      vertex 48.7979 28.7979 4
    endloop
  endfacet
  facet normal 0 0 1
    outer loop
      vertex 104.056 21.4135 4
      vertex 90.3316 59.3327 4
      vertex 90 59.3 4
    endloop
  endfacet
  facet normal -0 0 1
    outer loop
      vertex 106.667 20.3316 4
      vertex 106.7 20 4
      vertex 125 63 4
    endloop
  endfacet
  facet normal 0 -0 1
    outer loop
      vertex 103.429 -19.3494 4
      vertex 103.586 -19.0555 4
      vertex 47.5 -14.5 4
    endloop
  endfacet
  facet normal 0 -0 1
    outer loop
      vertex 103.798 -18.7979 4
      vertex 103.798 18.7979 4
      vertex 103.586 19.0555 4
    endloop
  endfacet
  facet normal 0 0 1
    outer loop
      vertex 45 -17 4
      vertex 48.7979 -28.7979 4
      vertex 49.0555 -28.5865 4
    endloop
  endfacet
  facet normal 0 0 1
    outer loop
      vertex 44.2274 16.8776 4
      vertex 44.6089 16.9692 4
      vertex 48.5865 29.0555 4
    endloop
  endfacet
  facet normal 0 0 1
    outer loop
      vertex 26.5706 29.3494 4
      vertex 48.4294 29.3494 4
      vertex 48.3327 29.6683 4
    endloop
  endfacet
  facet normal -0 0 1
    outer loop
      vertex -48.3 -30 4
      vertex -48.3327 -30.3316 4
      vertex -26.7 -30 4
    endloop
  endfacet
  facet normal 0 -0 1
    outer loop
      vertex -48.4294 -29.3494 4
      vertex -44.2274 -16.8776 4
      vertex -48.5865 -29.0555 4
    endloop
  endfacet
  facet normal 0 0 1
    outer loop
      vertex 0.650558 28.4294 4
      vertex 0.33165 28.3327 4
      vertex 0.772537 16.8776 4
    endloop
  endfacet
  facet normal 0 0 1
    outer loop
      vertex -1.4135 30.9445 4
      vertex -23.5865 30.9445 4
      vertex -1.57059 30.6506 4
    endloop
  endfacet
  facet normal -0 0 1
    outer loop
      vertex 0.944458 31.4135 4
      vertex 23.7979 31.2021 4
      vertex 24.0555 31.4135 4
    endloop
  endfacet
  facet normal 0 0 1
    outer loop
      vertex -90.6506 59.4294 4
      vertex -104.668 21.6673 4
      vertex -104.349 21.5706 4
    endloop
  endfacet
  facet normal 0 0 1
    outer loop
      vertex 24.0555 31.4135 4
      vertex 0.650558 31.5706 4
      vertex 0.944458 31.4135 4
    endloop
  endfacet
  facet normal 0 0 1
    outer loop
      vertex -24.0555 31.4135 4
      vertex -23.7979 31.2021 4
      vertex -1.20207 31.2021 4
    endloop
  endfacet
  facet normal -0 0 1
    outer loop
      vertex 0.650558 31.5706 4
      vertex 24.0555 31.4135 4
      vertex 24.3494 31.5706 4
    endloop
  endfacet
  facet normal 0 0 1
    outer loop
      vertex -49.0555 31.4135 4
      vertex -48.7979 31.2021 4
      vertex -26.2021 31.2021 4
    endloop
  endfacet
  facet normal 0 -0 1
    outer loop
      vertex 24.3494 31.5706 4
      vertex 52.3327 61.3316 4
      vertex 0.650558 31.5706 4
    endloop
  endfacet
  facet normal 0 -0 1
    outer loop
      vertex -1.20207 31.2021 4
      vertex -0.944458 31.4135 4
      vertex -24.0555 31.4135 4
    endloop
  endfacet
  facet normal 0 -0 1
    outer loop
      vertex -51.4135 30.9445 4
      vertex -51.2021 31.2021 4
      vertex -62.1 58.9 4
    endloop
  endfacet
  facet normal -0 0 1
    outer loop
      vertex 0.33165 31.6673 4
      vertex 0.650558 31.5706 4
      vertex 52.3327 61.3316 4
    endloop
  endfacet
  facet normal 0 0 1
    outer loop
      vertex 52.3327 60.6683 4
      vertex 52.3 61 4
      vertex 25 31.7 4
    endloop
  endfacet
  facet normal 0 0 1
    outer loop
      vertex 52.3327 60.6683 4
      vertex 25 31.7 4
      vertex 25.3316 31.6673 4
    endloop
  endfacet
  facet normal 0 0 1
    outer loop
      vertex 52.3327 60.6683 4
      vertex 25.3316 31.6673 4
      vertex 52.4294 60.3494 4
    endloop
  endfacet
  facet normal -0 0 1
    outer loop
      vertex 25.3316 31.6673 4
      vertex 25.6506 31.5706 4
      vertex 52.4294 60.3494 4
    endloop
  endfacet
  facet normal 0 -0 1
    outer loop
      vertex 48.5865 30.9445 4
      vertex 48.7979 31.2021 4
      vertex 26.2021 31.2021 4
    endloop
  endfacet
  facet normal 0 0 1
    outer loop
      vertex 48.5865 30.9445 4
      vertex 26.2021 31.2021 4
      vertex 26.4135 30.9445 4
    endloop
  endfacet
  facet normal 0 0 1
    outer loop
      vertex 48.4294 30.6506 4
      vertex 26.4135 30.9445 4
      vertex 26.5706 30.6506 4
    endloop
  endfacet
  facet normal 0 0 1
    outer loop
      vertex 48.4294 30.6506 4
      vertex 26.5706 30.6506 4
      vertex 48.3327 30.3316 4
    endloop
  endfacet
  facet normal 0 0 1
    outer loop
      vertex 48.3327 30.3316 4
      vertex 26.6673 30.3316 4
      vertex 48.3 30 4
    endloop
  endfacet
  facet normal 0 0 1
    outer loop
      vertex 26.6673 30.3316 4
      vertex 26.7 30 4
      vertex 48.3 30 4
    endloop
  endfacet
  facet normal 0 0 1
    outer loop
      vertex 48.3 30 4
      vertex 26.6673 29.6683 4
      vertex 48.3327 29.6683 4
    endloop
  endfacet
  facet normal -0 0 1
    outer loop
      vertex 26.6673 29.6683 4
      vertex 26.5706 29.3494 4
      vertex 48.3327 29.6683 4
    endloop
  endfacet
  facet normal 0 0 1
    outer loop
      vertex 25.9445 28.5865 4
      vertex 42.6223 15.2725 4
      vertex 42.7725 15.635 4
    endloop
  endfacet
  facet normal 0 0 1
    outer loop
      vertex 42.6223 15.2725 4
      vertex 25.6506 28.4294 4
      vertex 42.5308 14.8911 4
    endloop
  endfacet
  facet normal 0 0 1
    outer loop
      vertex 24.6683 28.3327 4
      vertex 42.5 14.5 4
      vertex 25 28.3 4
    endloop
  endfacet
  facet normal 0 -0 1
    outer loop
      vertex 43.5305 16.5225 4
      vertex 48.4294 29.3494 4
      vertex 26.5706 29.3494 4
    endloop
  endfacet
  facet normal 0 0 1
    outer loop
      vertex 1.46945 16.5225 4
      vertex 0.944458 28.5865 4
      vertex 1.13496 16.7275 4
    endloop
  endfacet
  facet normal 0 0 1
    outer loop
      vertex 43.5305 16.5225 4
      vertex 43.865 16.7275 4
      vertex 48.4294 29.3494 4
    endloop
  endfacet
  facet normal 0 0 1
    outer loop
      vertex -1.4135 29.0555 4
      vertex -23.5865 29.0555 4
      vertex -2.02254 15.9695 4
    endloop
  endfacet
  facet normal 0 0 1
    outer loop
      vertex 23.3327 29.6683 4
      vertex 1.57059 29.3494 4
      vertex 23.4294 29.3494 4
    endloop
  endfacet
  facet normal 0 0 1
    outer loop
      vertex -43.5305 -16.5225 4
      vertex -48.4294 -29.3494 4
      vertex -26.5706 -29.3494 4
    endloop
  endfacet
  facet normal -0 0 1
    outer loop
      vertex 1.20207 31.2021 4
      vertex 23.5865 30.9445 4
      vertex 23.7979 31.2021 4
    endloop
  endfacet
  facet normal 0 0 1
    outer loop
      vertex -24.6683 28.3327 4
      vertex -25 28.3 4
      vertex -42.5 14.5 4
    endloop
  endfacet
  facet normal 0 0 1
    outer loop
      vertex -23.4294 29.3494 4
      vertex -1.57059 29.3494 4
      vertex -1.66733 29.6683 4
    endloop
  endfacet
  facet normal 0 -0 1
    outer loop
      vertex -24.0555 31.4135 4
      vertex -0.944458 31.4135 4
      vertex -24.3494 31.5706 4
    endloop
  endfacet
  facet normal 0 0 1
    outer loop
      vertex -25.9445 31.4135 4
      vertex -49.0555 31.4135 4
      vertex -26.2021 31.2021 4
    endloop
  endfacet
  facet normal 0 0 1
    outer loop
      vertex -0.650558 31.5706 4
      vertex -24.3494 31.5706 4
      vertex -0.944458 31.4135 4
    endloop
  endfacet
  facet normal 0 0 1
    outer loop
      vertex -50.9445 31.4135 4
      vertex -62.1 58.9 4
      vertex -51.2021 31.2021 4
    endloop
  endfacet
  facet normal 0 -0 1
    outer loop
      vertex -24.3494 31.5706 4
      vertex -0.650558 31.5706 4
      vertex -52.3327 61.3316 4
    endloop
  endfacet
  facet normal 0 0 1
    outer loop
      vertex -52.3327 61.3316 4
      vertex -24.6683 31.6673 4
      vertex -24.3494 31.5706 4
    endloop
  endfacet
  facet normal 0 0 1
    outer loop
      vertex -53.0555 59.5865 4
      vertex -49.6683 31.6673 4
      vertex -49.3494 31.5706 4
    endloop
  endfacet
  facet normal 0 0 1
    outer loop
      vertex -52.3327 61.3316 4
      vertex -0.650558 31.5706 4
      vertex -0.33165 31.6673 4
    endloop
  endfacet
  facet normal -0 -0 1
    outer loop
      vertex -52.3327 61.3316 4
      vertex -0.33165 31.6673 4
      vertex -52.4294 61.6506 4
    endloop
  endfacet
  facet normal 0 0 1
    outer loop
      vertex 52.5865 61.9445 4
      vertex 0 31.7 4
      vertex 52.4294 61.6506 4
    endloop
  endfacet
  facet normal -0 0 1
    outer loop
      vertex 0 31.7 4
      vertex 0.33165 31.6673 4
      vertex 52.4294 61.6506 4
    endloop
  endfacet
  facet normal 0 0 1
    outer loop
      vertex 0.33165 31.6673 4
      vertex 52.3327 61.3316 4
      vertex 52.4294 61.6506 4
    endloop
  endfacet
  facet normal 0 -0 1
    outer loop
      vertex 1.4135 30.9445 4
      vertex 23.5865 30.9445 4
      vertex 1.20207 31.2021 4
    endloop
  endfacet
  facet normal 0 -0 1
    outer loop
      vertex 1.57059 30.6506 4
      vertex 23.4294 30.6506 4
      vertex 1.4135 30.9445 4
    endloop
  endfacet
  facet normal 0 -0 1
    outer loop
      vertex 23.3327 30.3316 4
      vertex 23.4294 30.6506 4
      vertex 1.57059 30.6506 4
    endloop
  endfacet
  facet normal 0 -0 1
    outer loop
      vertex 23.3 30 4
      vertex 23.3327 30.3316 4
      vertex 1.66733 30.3316 4
    endloop
  endfacet
  facet normal 0 0 1
    outer loop
      vertex 23.3 30 4
      vertex 1.66733 30.3316 4
      vertex 1.7 30 4
    endloop
  endfacet
  facet normal 0 0 1
    outer loop
      vertex 23.3327 29.6683 4
      vertex 23.3 30 4
      vertex 1.66733 29.6683 4
    endloop
  endfacet
  facet normal 0 0 1
    outer loop
      vertex 23.3327 29.6683 4
      vertex 1.66733 29.6683 4
      vertex 1.57059 29.3494 4
    endloop
  endfacet
  facet normal 0 0 1
    outer loop
      vertex 23.4294 29.3494 4
      vertex 1.57059 29.3494 4
      vertex 1.4135 29.0555 4
    endloop
  endfacet
  facet normal 0 0 1
    outer loop
      vertex 23.4294 29.3494 4
      vertex 1.4135 29.0555 4
      vertex 23.5865 29.0555 4
    endloop
  endfacet
  facet normal -0 0 1
    outer loop
      vertex 0 28.3 4
      vertex 0.391083 16.9692 4
      vertex 0.33165 28.3327 4
    endloop
  endfacet
  facet normal 0 0 1
    outer loop
      vertex -0.650558 28.4294 4
      vertex -1.13496 16.7275 4
      vertex -0.772537 16.8776 4
    endloop
  endfacet
  facet normal 0 0 1
    outer loop
      vertex -0.944458 28.5865 4
      vertex -1.46945 16.5225 4
      vertex -1.13496 16.7275 4
    endloop
  endfacet
  facet normal -0 -0 1
    outer loop
      vertex 0.772537 16.8776 4
      vertex 1.13496 16.7275 4
      vertex 0.650558 28.4294 4
    endloop
  endfacet
  facet normal 0 0 1
    outer loop
      vertex -2.02254 15.9695 4
      vertex -1.76776 16.2678 4
      vertex -1.4135 29.0555 4
    endloop
  endfacet
  facet normal -0 0 1
    outer loop
      vertex -23.3 30 4
      vertex -23.3327 29.6683 4
      vertex -1.7 30 4
    endloop
  endfacet
  facet normal 0 0 1
    outer loop
      vertex -26.6673 29.6683 4
      vertex -48.4294 29.3494 4
      vertex -26.5706 29.3494 4
    endloop
  endfacet
  facet normal 0 0 1
    outer loop
      vertex -50.3316 28.3327 4
      vertex -46.7678 16.2678 4
      vertex -46.4695 16.5225 4
    endloop
  endfacet
  facet normal 0 -0 1
    outer loop
      vertex -47.3776 15.2725 4
      vertex -47.2275 15.635 4
      vertex -50.9445 28.5865 4
    endloop
  endfacet
  facet normal -0 0 1
    outer loop
      vertex -110 58.3 4
      vertex -105.332 21.6673 4
      vertex -109.668 58.3327 4
    endloop
  endfacet
  facet normal 0 0 1
    outer loop
      vertex -61.7715 58.9258 4
      vertex -62.1 58.9 4
      vertex -50.9445 31.4135 4
    endloop
  endfacet
  facet normal 0 -0 1
    outer loop
      vertex -49.0555 31.4135 4
      vertex -25.9445 31.4135 4
      vertex -52.7979 59.7979 4
    endloop
  endfacet
  facet normal 0 -0 1
    outer loop
      vertex -50.9445 31.4135 4
      vertex -50.6506 31.5706 4
      vertex -61.451 59.0028 4
    endloop
  endfacet
  facet normal -0 0 1
    outer loop
      vertex -52.7979 59.7979 4
      vertex -25.9445 31.4135 4
      vertex -52.5865 60.0555 4
    endloop
  endfacet
  facet normal 0 -0 1
    outer loop
      vertex -25.9445 31.4135 4
      vertex -25.6506 31.5706 4
      vertex -52.5865 60.0555 4
    endloop
  endfacet
  facet normal 0 0 1
    outer loop
      vertex -25.6506 31.5706 4
      vertex -52.4294 60.3494 4
      vertex -52.5865 60.0555 4
    endloop
  endfacet
  facet normal 0 0 1
    outer loop
      vertex -25.3316 31.6673 4
      vertex -52.4294 60.3494 4
      vertex -25.6506 31.5706 4
    endloop
  endfacet
  facet normal 0 0 1
    outer loop
      vertex -52.3327 60.6683 4
      vertex -52.4294 60.3494 4
      vertex -25.3316 31.6673 4
    endloop
  endfacet
  facet normal 0 0 1
    outer loop
      vertex -52.3327 60.6683 4
      vertex -25.3316 31.6673 4
      vertex -25 31.7 4
    endloop
  endfacet
  facet normal -0 0 1
    outer loop
      vertex -52.3327 60.6683 4
      vertex -25 31.7 4
      vertex -52.3 61 4
    endloop
  endfacet
  facet normal -0 -0 1
    outer loop
      vertex -25 31.7 4
      vertex -24.6683 31.6673 4
      vertex -52.3 61 4
    endloop
  endfacet
  facet normal 0 0 1
    outer loop
      vertex -24.6683 31.6673 4
      vertex -52.3327 61.3316 4
      vertex -52.3 61 4
    endloop
  endfacet
  facet normal 0 -0 1
    outer loop
      vertex -1.4135 30.9445 4
      vertex -1.20207 31.2021 4
      vertex -23.7979 31.2021 4
    endloop
  endfacet
  facet normal 0 0 1
    outer loop
      vertex -1.4135 30.9445 4
      vertex -23.7979 31.2021 4
      vertex -23.5865 30.9445 4
    endloop
  endfacet
  facet normal 0 0 1
    outer loop
      vertex -1.57059 30.6506 4
      vertex -23.5865 30.9445 4
      vertex -23.4294 30.6506 4
    endloop
  endfacet
  facet normal 0 0 1
    outer loop
      vertex -1.57059 30.6506 4
      vertex -23.4294 30.6506 4
      vertex -1.66733 30.3316 4
    endloop
  endfacet
  facet normal 0 0 1
    outer loop
      vertex -1.66733 30.3316 4
      vertex -23.3327 30.3316 4
      vertex -1.7 30 4
    endloop
  endfacet
  facet normal 0 0 1
    outer loop
      vertex -23.3327 30.3316 4
      vertex -23.3 30 4
      vertex -1.7 30 4
    endloop
  endfacet
  facet normal 0 0 1
    outer loop
      vertex -1.7 30 4
      vertex -23.3327 29.6683 4
      vertex -1.66733 29.6683 4
    endloop
  endfacet
  facet normal -0 0 1
    outer loop
      vertex -23.3327 29.6683 4
      vertex -23.4294 29.3494 4
      vertex -1.66733 29.6683 4
    endloop
  endfacet
  facet normal -0 0 1
    outer loop
      vertex -23.4294 29.3494 4
      vertex -23.5865 29.0555 4
      vertex -1.57059 29.3494 4
    endloop
  endfacet
  facet normal 0 0 1
    outer loop
      vertex -23.5865 29.0555 4
      vertex -1.4135 29.0555 4
      vertex -1.57059 29.3494 4
    endloop
  endfacet
  facet normal 0 0 1
    outer loop
      vertex -2.37764 15.2725 4
      vertex -23.7979 28.7979 4
      vertex -24.0555 28.5865 4
    endloop
  endfacet
  facet normal 0 0 1
    outer loop
      vertex -24.0555 28.5865 4
      vertex -2.5 14.5 4
      vertex -2.46921 14.8911 4
    endloop
  endfacet
  facet normal 0 0 1
    outer loop
      vertex -42.5 -14.5 4
      vertex -2.5 -14.5 4
      vertex -42.5 14.5 4
    endloop
  endfacet
  facet normal 0 0 1
    outer loop
      vertex -2.02254 15.9695 4
      vertex -23.5865 29.0555 4
      vertex -2.22751 15.635 4
    endloop
  endfacet
  facet normal 0 0 1
    outer loop
      vertex -48.4294 29.3494 4
      vertex -43.865 16.7275 4
      vertex -43.5305 16.5225 4
    endloop
  endfacet
  facet normal 0 0 1
    outer loop
      vertex -48.4294 -29.3494 4
      vertex -48.3327 -29.6683 4
      vertex -26.6673 -29.6683 4
    endloop
  endfacet
  facet normal 0 -0 1
    outer loop
      vertex -47.4692 14.8911 4
      vertex -47.3776 15.2725 4
      vertex -51.2021 28.7979 4
    endloop
  endfacet
  facet normal 0 0 1
    outer loop
      vertex -26.7 30 4
      vertex -48.3 30 4
      vertex -48.3327 29.6683 4
    endloop
  endfacet
  facet normal 0 0 1
    outer loop
      vertex -51.5706 29.3494 4
      vertex -103.3 20 4
      vertex -103.333 19.6683 4
    endloop
  endfacet
  facet normal -0 0 1
    outer loop
      vertex -103.333 19.6683 4
      vertex -47.5 14.5 4
      vertex -51.4135 29.0555 4
    endloop
  endfacet
  facet normal 0 0 1
    outer loop
      vertex -51.7 30 4
      vertex -103.333 20.3316 4
      vertex -51.6673 29.6683 4
    endloop
  endfacet
  facet normal 0 0 1
    outer loop
      vertex -105.332 21.6673 4
      vertex -110 58.3 4
      vertex -105.651 21.5706 4
    endloop
  endfacet
  facet normal 0 0 1
    outer loop
      vertex -104.668 21.6673 4
      vertex -109.056 58.5865 4
      vertex -109.349 58.4294 4
    endloop
  endfacet
  facet normal 0 -0 1
    outer loop
      vertex -51.6673 30.3316 4
      vertex -51.5706 30.6506 4
      vertex -81.9 58.9 4
    endloop
  endfacet
  facet normal 0 0 1
    outer loop
      vertex -51.5706 30.6506 4
      vertex -62.1 58.9 4
      vertex -81.9 58.9 4
    endloop
  endfacet
  facet normal -0 0 1
    outer loop
      vertex -61.451 59.0028 4
      vertex -50.6506 31.5706 4
      vertex -54.3316 59.3327 4
    endloop
  endfacet
  facet normal 0 0 1
    outer loop
      vertex -50.6506 31.5706 4
      vertex -54 59.3 4
      vertex -54.3316 59.3327 4
    endloop
  endfacet
  facet normal 0 0 1
    outer loop
      vertex -50.3316 31.6673 4
      vertex -54 59.3 4
      vertex -50.6506 31.5706 4
    endloop
  endfacet
  facet normal 0 0 1
    outer loop
      vertex -53.6683 59.3327 4
      vertex -54 59.3 4
      vertex -50.3316 31.6673 4
    endloop
  endfacet
  facet normal 0 0 1
    outer loop
      vertex -49.3494 31.5706 4
      vertex -52.7979 59.7979 4
      vertex -53.0555 59.5865 4
    endloop
  endfacet
  facet normal 0 0 1
    outer loop
      vertex -53.6683 59.3327 4
      vertex -50.3316 31.6673 4
      vertex -50 31.7 4
    endloop
  endfacet
  facet normal 0 0 1
    outer loop
      vertex -50 31.7 4
      vertex -53.3494 59.4294 4
      vertex -53.6683 59.3327 4
    endloop
  endfacet
  facet normal 0 0 1
    outer loop
      vertex -49.6683 31.6673 4
      vertex -53.3494 59.4294 4
      vertex -50 31.7 4
    endloop
  endfacet
  facet normal 0 0 1
    outer loop
      vertex -53.0555 59.5865 4
      vertex -53.3494 59.4294 4
      vertex -49.6683 31.6673 4
    endloop
  endfacet
  facet normal 0 -0 1
    outer loop
      vertex -26.4135 30.9445 4
      vertex -26.2021 31.2021 4
      vertex -48.7979 31.2021 4
    endloop
  endfacet
  facet normal 0 0 1
    outer loop
      vertex -26.4135 30.9445 4
      vertex -48.7979 31.2021 4
      vertex -48.5865 30.9445 4
    endloop
  endfacet
  facet normal 0 0 1
    outer loop
      vertex -26.5706 30.6506 4
      vertex -48.5865 30.9445 4
      vertex -48.4294 30.6506 4
    endloop
  endfacet
  facet normal 0 0 1
    outer loop
      vertex -26.5706 30.6506 4
      vertex -48.4294 30.6506 4
      vertex -26.6673 30.3316 4
    endloop
  endfacet
  facet normal 0 0 1
    outer loop
      vertex -26.6673 30.3316 4
      vertex -48.3327 30.3316 4
      vertex -26.7 30 4
    endloop
  endfacet
  facet normal 0 0 1
    outer loop
      vertex -48.3327 30.3316 4
      vertex -48.3 30 4
      vertex -26.7 30 4
    endloop
  endfacet
  facet normal 0 0 1
    outer loop
      vertex -26.7 30 4
      vertex -48.3327 29.6683 4
      vertex -26.6673 29.6683 4
    endloop
  endfacet
  facet normal -0 0 1
    outer loop
      vertex -48.3327 29.6683 4
      vertex -48.4294 29.3494 4
      vertex -26.6673 29.6683 4
    endloop
  endfacet
  facet normal 0 -0 1
    outer loop
      vertex -46.135 16.7275 4
      vertex -45.7725 16.8776 4
      vertex -49.6683 28.3327 4
    endloop
  endfacet
  facet normal 0 0 1
    outer loop
      vertex -46.7678 16.2678 4
      vertex -50.3316 28.3327 4
      vertex -47.0225 15.9695 4
    endloop
  endfacet
  facet normal 0 0 1
    outer loop
      vertex -47.0225 15.9695 4
      vertex -50.6506 28.4294 4
      vertex -47.2275 15.635 4
    endloop
  endfacet
  facet normal 0 0 1
    outer loop
      vertex -48.5865 29.0555 4
      vertex -44.6089 16.9692 4
      vertex -44.2274 16.8776 4
    endloop
  endfacet
  facet normal 0 0 1
    outer loop
      vertex -51.2021 28.7979 4
      vertex -47.3776 15.2725 4
      vertex -50.9445 28.5865 4
    endloop
  endfacet
  facet normal 0 0 1
    outer loop
      vertex -48.4294 29.3494 4
      vertex -48.5865 29.0555 4
      vertex -44.2274 16.8776 4
    endloop
  endfacet
  facet normal 0 0 1
    outer loop
      vertex 104.349 21.5706 4
      vertex 90.3316 59.3327 4
      vertex 104.056 21.4135 4
    endloop
  endfacet
  facet normal 0 0 1
    outer loop
      vertex 47.5 14.5 4
      vertex 103.429 19.3494 4
      vertex 103.333 19.6683 4
    endloop
  endfacet
  facet normal 0 -0 1
    outer loop
      vertex 103.586 -19.0555 4
      vertex 103.586 19.0555 4
      vertex 47.5 14.5 4
    endloop
  endfacet
  facet normal 0 0 1
    outer loop
      vertex 45.3911 16.9692 4
      vertex 49.3494 28.4294 4
      vertex 49.0555 28.5865 4
    endloop
  endfacet
  facet normal 0 -0 1
    outer loop
      vertex 46.7678 16.2678 4
      vertex 50.3316 28.3327 4
      vertex 46.4695 16.5225 4
    endloop
  endfacet
  facet normal 0 0 1
    outer loop
      vertex 50.6506 28.4294 4
      vertex 47.0225 15.9695 4
      vertex 47.2275 15.635 4
    endloop
  endfacet
  facet normal 0 0 1
    outer loop
      vertex 103.333 19.6683 4
      vertex 103.3 20 4
      vertex 51.5706 29.3494 4
    endloop
  endfacet
  facet normal -0 0 1
    outer loop
      vertex 51.4135 29.0555 4
      vertex 103.333 19.6683 4
      vertex 51.5706 29.3494 4
    endloop
  endfacet
  facet normal 0 -0 1
    outer loop
      vertex 103.3 20 4
      vertex 103.333 20.3316 4
      vertex 51.6673 29.6683 4
    endloop
  endfacet
  facet normal 0 -0 1
    outer loop
      vertex 103.586 20.9445 4
      vertex 103.798 21.2021 4
      vertex 82.2285 58.9258 4
    endloop
  endfacet
  facet normal 0 0 1
    outer loop
      vertex 103.798 21.2021 4
      vertex 89.6683 59.3327 4
      vertex 82.2285 58.9258 4
    endloop
  endfacet
  facet normal 0 0 1
    outer loop
      vertex 90 59.3 4
      vertex 89.6683 59.3327 4
      vertex 103.798 21.2021 4
    endloop
  endfacet
  facet normal 0 0 1
    outer loop
      vertex 109.056 58.5865 4
      vertex 104.668 21.6673 4
      vertex 109.349 58.4294 4
    endloop
  endfacet
  facet normal 0 0 1
    outer loop
      vertex 109.349 58.4294 4
      vertex 105 21.7 4
      vertex 109.668 58.3327 4
    endloop
  endfacet
  facet normal -0 0 1
    outer loop
      vertex 105 21.7 4
      vertex 105.332 21.6673 4
      vertex 109.668 58.3327 4
    endloop
  endfacet
  facet normal 0 0 1
    outer loop
      vertex 105.332 21.6673 4
      vertex 110 58.3 4
      vertex 109.668 58.3327 4
    endloop
  endfacet
  facet normal 0 -0 1
    outer loop
      vertex 105.651 21.5706 4
      vertex 110 58.3 4
      vertex 105.332 21.6673 4
    endloop
  endfacet
  facet normal 0 0 1
    outer loop
      vertex 110.332 58.3327 4
      vertex 110 58.3 4
      vertex 105.651 21.5706 4
    endloop
  endfacet
  facet normal 0 0 1
    outer loop
      vertex 110.332 58.3327 4
      vertex 105.651 21.5706 4
      vertex 105.944 21.4135 4
    endloop
  endfacet
  facet normal -0 0 1
    outer loop
      vertex 110.332 58.3327 4
      vertex 105.944 21.4135 4
      vertex 110.651 58.4294 4
    endloop
  endfacet
  facet normal -0 0 1
    outer loop
      vertex 105.944 21.4135 4
      vertex 106.202 21.2021 4
      vertex 110.651 58.4294 4
    endloop
  endfacet
  facet normal 0 0 1
    outer loop
      vertex 110.944 58.5865 4
      vertex 110.651 58.4294 4
      vertex 106.202 21.2021 4
    endloop
  endfacet
  facet normal -0 0 1
    outer loop
      vertex 110.944 58.5865 4
      vertex 106.202 21.2021 4
      vertex 125 63 4
    endloop
  endfacet
  facet normal -0 0 1
    outer loop
      vertex 106.202 21.2021 4
      vertex 106.413 20.9445 4
      vertex 125 63 4
    endloop
  endfacet
  facet normal -0 0 1
    outer loop
      vertex 106.413 20.9445 4
      vertex 106.571 20.6506 4
      vertex 125 63 4
    endloop
  endfacet
  facet normal -0 0 1
    outer loop
      vertex 106.571 20.6506 4
      vertex 106.667 20.3316 4
      vertex 125 63 4
    endloop
  endfacet
  facet normal 0 0 1
    outer loop
      vertex 106.667 19.6683 4
      vertex 125 63 4
      vertex 106.7 20 4
    endloop
  endfacet
  facet normal 0 -0 1
    outer loop
      vertex 125 -63 4
      vertex 125 63 4
      vertex 106.667 19.6683 4
    endloop
  endfacet
  facet normal -0 0 1
    outer loop
      vertex 105.651 18.4294 4
      vertex 105.944 -18.5865 4
      vertex 105.944 18.5865 4
    endloop
  endfacet
  facet normal 0 0 1
    outer loop
      vertex 105.332 18.3327 4
      vertex 105.332 -18.3327 4
      vertex 105.651 -18.4294 4
    endloop
  endfacet
  facet normal 0 0 1
    outer loop
      vertex 105 18.3 4
      vertex 104.668 18.3327 4
      vertex 105 -18.3 4
    endloop
  endfacet
  facet normal 0 -0 1
    outer loop
      vertex 104.349 -18.4294 4
      vertex 104.349 18.4294 4
      vertex 104.056 18.5865 4
    endloop
  endfacet
  facet normal 0 0 1
    outer loop
      vertex 104.349 -18.4294 4
      vertex 104.056 18.5865 4
      vertex 104.056 -18.5865 4
    endloop
  endfacet
  facet normal 0 0 1
    outer loop
      vertex 103.798 18.7979 4
      vertex 103.798 -18.7979 4
      vertex 104.056 -18.5865 4
    endloop
  endfacet
  facet normal 0 0 1
    outer loop
      vertex 104.056 18.5865 4
      vertex 103.798 18.7979 4
      vertex 104.056 -18.5865 4
    endloop
  endfacet
  facet normal 0 0 1
    outer loop
      vertex -81.9 58.9 4
      vertex -103.586 20.9445 4
      vertex -103.429 20.6506 4
    endloop
  endfacet
  facet normal 0 0 1
    outer loop
      vertex -106.202 21.2021 4
      vertex -125 63 4
      vertex -106.413 20.9445 4
    endloop
  endfacet
  facet normal 0 0 1
    outer loop
      vertex -106.413 -19.0555 4
      vertex -106.202 -18.7979 4
      vertex -106.413 19.0555 4
    endloop
  endfacet
  facet normal 0 0 1
    outer loop
      vertex -90.6506 59.4294 4
      vertex -109.056 58.5865 4
      vertex -104.668 21.6673 4
    endloop
  endfacet
  facet normal 0 -0 1
    outer loop
      vertex -106.413 -19.0555 4
      vertex -106.413 19.0555 4
      vertex -106.571 19.3494 4
    endloop
  endfacet
  facet normal 0 0 1
    outer loop
      vertex -106.413 -19.0555 4
      vertex -106.571 19.3494 4
      vertex -106.571 -19.3494 4
    endloop
  endfacet
  facet normal 0 0 1
    outer loop
      vertex -106.571 19.3494 4
      vertex -106.667 19.6683 4
      vertex -106.571 -19.3494 4
    endloop
  endfacet
  facet normal 0 0 1
    outer loop
      vertex -106.667 19.6683 4
      vertex -106.667 -19.6683 4
      vertex -106.571 -19.3494 4
    endloop
  endfacet
  facet normal 0 0 1
    outer loop
      vertex -125 63 4
      vertex -106.667 -19.6683 4
      vertex -106.667 19.6683 4
    endloop
  endfacet
  facet normal 0 0 1
    outer loop
      vertex -125 -63 4
      vertex -106.667 -19.6683 4
      vertex -125 63 4
    endloop
  endfacet
  facet normal 0 0 1
    outer loop
      vertex -106.571 20.6506 4
      vertex -125 63 4
      vertex -106.667 20.3316 4
    endloop
  endfacet
  facet normal 0 0 1
    outer loop
      vertex -105.944 21.4135 4
      vertex -110.332 58.3327 4
      vertex -110.651 58.4294 4
    endloop
  endfacet
  facet normal 0 0 1
    outer loop
      vertex -110 58.3 4
      vertex -110.332 58.3327 4
      vertex -105.651 21.5706 4
    endloop
  endfacet
  facet normal 0 0 1
    outer loop
      vertex -105.651 21.5706 4
      vertex -110.332 58.3327 4
      vertex -105.944 21.4135 4
    endloop
  endfacet
  facet normal -0 -0 1
    outer loop
      vertex -105 21.7 4
      vertex -104.668 21.6673 4
      vertex -109.349 58.4294 4
    endloop
  endfacet
  facet normal -0 0 1
    outer loop
      vertex -109.668 58.3327 4
      vertex -105 21.7 4
      vertex -109.349 58.4294 4
    endloop
  endfacet
  facet normal -0 0 1
    outer loop
      vertex -90 59.3 4
      vertex -103.798 21.2021 4
      vertex -89.6683 59.3327 4
    endloop
  endfacet
  facet normal 0 0 1
    outer loop
      vertex -90.6506 59.4294 4
      vertex -104.349 21.5706 4
      vertex -90.3316 59.3327 4
    endloop
  endfacet
  facet normal -0 0 1
    outer loop
      vertex -104.349 21.5706 4
      vertex -104.056 21.4135 4
      vertex -90.3316 59.3327 4
    endloop
  endfacet
  facet normal 0 0 1
    outer loop
      vertex -104.056 21.4135 4
      vertex -90 59.3 4
      vertex -90.3316 59.3327 4
    endloop
  endfacet
  facet normal -0 0 1
    outer loop
      vertex -103.798 21.2021 4
      vertex -103.586 20.9445 4
      vertex -82.2285 58.9258 4
    endloop
  endfacet
  facet normal 0 0 1
    outer loop
      vertex -103.586 20.9445 4
      vertex -81.9 58.9 4
      vertex -82.2285 58.9258 4
    endloop
  endfacet
  facet normal 0 0 1
    outer loop
      vertex -103.429 20.6506 4
      vertex -51.7 30 4
      vertex -81.9 58.9 4
    endloop
  endfacet
  facet normal 0 -0 1
    outer loop
      vertex -103.333 20.3316 4
      vertex -51.7 30 4
      vertex -103.429 20.6506 4
    endloop
  endfacet
  facet normal 0 -0 1
    outer loop
      vertex -103.3 20 4
      vertex -51.6673 29.6683 4
      vertex -103.333 20.3316 4
    endloop
  endfacet
  facet normal 0 0 1
    outer loop
      vertex -51.5706 29.3494 4
      vertex -51.6673 29.6683 4
      vertex -103.3 20 4
    endloop
  endfacet
  facet normal 0 0 1
    outer loop
      vertex -51.4135 29.0555 4
      vertex -51.5706 29.3494 4
      vertex -103.333 19.6683 4
    endloop
  endfacet
  facet normal 0 0 1
    outer loop
      vertex -47.5 14.5 4
      vertex -103.333 19.6683 4
      vertex -103.429 19.3494 4
    endloop
  endfacet
  facet normal 0 0 1
    outer loop
      vertex -104.056 18.5865 4
      vertex -104.056 -18.5865 4
      vertex -103.798 -18.7979 4
    endloop
  endfacet
  facet normal 0 -0 1
    outer loop
      vertex -105.944 -18.5865 4
      vertex -105.944 18.5865 4
      vertex -106.202 18.7979 4
    endloop
  endfacet
  facet normal 0 0 1
    outer loop
      vertex -47.5 -14.5 4
      vertex -103.586 -19.0555 4
      vertex -103.429 -19.3494 4
    endloop
  endfacet
  facet normal 0 0 1
    outer loop
      vertex -51.4135 29.0555 4
      vertex -47.5 14.5 4
      vertex -47.4692 14.8911 4
    endloop
  endfacet
  facet normal 0 0 1
    outer loop
      vertex -105.332 -21.6673 4
      vertex -105.651 -21.5706 4
      vertex -110 -58.3 4
    endloop
  endfacet
  facet normal 0 0 1
    outer loop
      vertex -47.0225 -15.9695 4
      vertex -50.6506 -28.4294 4
      vertex -50.3316 -28.3327 4
    endloop
  endfacet
  facet normal 0 0 1
    outer loop
      vertex -47.2275 -15.635 4
      vertex -50.6506 -28.4294 4
      vertex -47.0225 -15.9695 4
    endloop
  endfacet
  facet normal 0 -0 1
    outer loop
      vertex -106.202 -18.7979 4
      vertex -106.202 18.7979 4
      vertex -106.413 19.0555 4
    endloop
  endfacet
  facet normal 0 0 1
    outer loop
      vertex -1.20207 -28.7979 4
      vertex -1.46945 -16.5225 4
      vertex -1.76776 -16.2678 4
    endloop
  endfacet
  facet normal 0 0 1
    outer loop
      vertex 1.57059 -30.6506 4
      vertex 23.3327 -30.3316 4
      vertex 1.66733 -30.3316 4
    endloop
  endfacet
  facet normal 0 0 1
    outer loop
      vertex -50.9445 -28.5865 4
      vertex -50.6506 -28.4294 4
      vertex -47.2275 -15.635 4
    endloop
  endfacet
  facet normal 0 0 1
    outer loop
      vertex -50.9445 -28.5865 4
      vertex -47.2275 -15.635 4
      vertex -47.3776 -15.2725 4
    endloop
  endfacet
  facet normal 0 0 1
    outer loop
      vertex -47.5 -14.5 4
      vertex -51.4135 -29.0555 4
      vertex -47.4692 -14.8911 4
    endloop
  endfacet
  facet normal 0 0 1
    outer loop
      vertex -47.4692 -14.8911 4
      vertex -51.2021 -28.7979 4
      vertex -47.3776 -15.2725 4
    endloop
  endfacet
  facet normal 0 -0 1
    outer loop
      vertex -104.056 -18.5865 4
      vertex -104.056 18.5865 4
      vertex -104.349 18.4294 4
    endloop
  endfacet
  facet normal 0 0 1
    outer loop
      vertex -105.651 -18.4294 4
      vertex -105.944 18.5865 4
      vertex -105.944 -18.5865 4
    endloop
  endfacet
  facet normal 0 0 1
    outer loop
      vertex -105.651 18.4294 4
      vertex -105.944 18.5865 4
      vertex -105.651 -18.4294 4
    endloop
  endfacet
  facet normal 0 -0 1
    outer loop
      vertex -105 -18.3 4
      vertex -105 18.3 4
      vertex -105.332 18.3327 4
    endloop
  endfacet
  facet normal 0 -0 1
    outer loop
      vertex -47.5 -14.5 4
      vertex -47.5 14.5 4
      vertex -103.586 19.0555 4
    endloop
  endfacet
  facet normal 0 0 1
    outer loop
      vertex -51.4135 29.0555 4
      vertex -47.4692 14.8911 4
      vertex -51.2021 28.7979 4
    endloop
  endfacet
  facet normal 0 0 1
    outer loop
      vertex -50.3316 28.3327 4
      vertex -50.6506 28.4294 4
      vertex -47.0225 15.9695 4
    endloop
  endfacet
  facet normal 0 0 1
    outer loop
      vertex -50.3316 28.3327 4
      vertex -46.4695 16.5225 4
      vertex -50 28.3 4
    endloop
  endfacet
  facet normal 0 -0 1
    outer loop
      vertex -46.4695 16.5225 4
      vertex -46.135 16.7275 4
      vertex -50 28.3 4
    endloop
  endfacet
  facet normal 0 0 1
    outer loop
      vertex -48.7979 28.7979 4
      vertex -49.0555 28.5865 4
      vertex -45 17 4
    endloop
  endfacet
  facet normal 0 0 1
    outer loop
      vertex -46.135 16.7275 4
      vertex -49.6683 28.3327 4
      vertex -50 28.3 4
    endloop
  endfacet
  facet normal 0 0 1
    outer loop
      vertex -45.7725 16.8776 4
      vertex -49.3494 28.4294 4
      vertex -49.6683 28.3327 4
    endloop
  endfacet
  facet normal 0 0 1
    outer loop
      vertex -45.3911 16.9692 4
      vertex -49.3494 28.4294 4
      vertex -45.7725 16.8776 4
    endloop
  endfacet
  facet normal 0 0 1
    outer loop
      vertex -49.0555 28.5865 4
      vertex -45.3911 16.9692 4
      vertex -45 17 4
    endloop
  endfacet
  facet normal 0 0 1
    outer loop
      vertex -49.0555 28.5865 4
      vertex -49.3494 28.4294 4
      vertex -45.3911 16.9692 4
    endloop
  endfacet
  facet normal 0 0 1
    outer loop
      vertex -48.5865 29.0555 4
      vertex -48.7979 28.7979 4
      vertex -44.6089 16.9692 4
    endloop
  endfacet
  facet normal 0 0 1
    outer loop
      vertex -44.6089 16.9692 4
      vertex -48.7979 28.7979 4
      vertex -45 17 4
    endloop
  endfacet
  facet normal -0 0 1
    outer loop
      vertex -48.4294 29.3494 4
      vertex -43.5305 16.5225 4
      vertex -26.5706 29.3494 4
    endloop
  endfacet
  facet normal 0 0 1
    outer loop
      vertex -26.5706 29.3494 4
      vertex -43.5305 16.5225 4
      vertex -43.2322 16.2678 4
    endloop
  endfacet
  facet normal 0 0 1
    outer loop
      vertex -26.5706 29.3494 4
      vertex -43.2322 16.2678 4
      vertex -26.4135 29.0555 4
    endloop
  endfacet
  facet normal -0 0 1
    outer loop
      vertex -43.2322 16.2678 4
      vertex -42.9774 15.9695 4
      vertex -26.4135 29.0555 4
    endloop
  endfacet
  facet normal -0 0 1
    outer loop
      vertex -42.9774 15.9695 4
      vertex -42.7725 15.635 4
      vertex -26.2021 28.7979 4
    endloop
  endfacet
  facet normal 0 0 1
    outer loop
      vertex -42.7725 15.635 4
      vertex -25.9445 28.5865 4
      vertex -26.2021 28.7979 4
    endloop
  endfacet
  facet normal 0 -0 1
    outer loop
      vertex -42.6223 15.2725 4
      vertex -25.9445 28.5865 4
      vertex -42.7725 15.635 4
    endloop
  endfacet
  facet normal 0 0 1
    outer loop
      vertex -25.6506 28.4294 4
      vertex -25.9445 28.5865 4
      vertex -42.6223 15.2725 4
    endloop
  endfacet
  facet normal 0 0 1
    outer loop
      vertex -25.6506 28.4294 4
      vertex -42.6223 15.2725 4
      vertex -42.5308 14.8911 4
    endloop
  endfacet
  facet normal 0 0 1
    outer loop
      vertex -25.6506 28.4294 4
      vertex -42.5308 14.8911 4
      vertex -42.5 14.5 4
    endloop
  endfacet
  facet normal 0 0 1
    outer loop
      vertex -25.6506 28.4294 4
      vertex -42.5 14.5 4
      vertex -25.3316 28.3327 4
    endloop
  endfacet
  facet normal 0 0 1
    outer loop
      vertex -42.5 14.5 4
      vertex -25 28.3 4
      vertex -25.3316 28.3327 4
    endloop
  endfacet
  facet normal 0 0 1
    outer loop
      vertex -1.76776 -16.2678 4
      vertex -2.02254 -15.9695 4
      vertex -1.4135 -29.0555 4
    endloop
  endfacet
  facet normal 0 0 1
    outer loop
      vertex 26.2021 -31.2021 4
      vertex 48.7979 -31.2021 4
      vertex 48.5865 -30.9445 4
    endloop
  endfacet
  facet normal 0 -0 1
    outer loop
      vertex -49.6683 -28.3327 4
      vertex -46.135 -16.7275 4
      vertex -50 -28.3 4
    endloop
  endfacet
  facet normal 0 0 1
    outer loop
      vertex 0.944458 28.5865 4
      vertex 0.650558 28.4294 4
      vertex 1.13496 16.7275 4
    endloop
  endfacet
  facet normal -0 0 1
    outer loop
      vertex -24.3494 -28.4294 4
      vertex -24.0555 -28.5865 4
      vertex -2.5 -14.5 4
    endloop
  endfacet
  facet normal 0 0 1
    outer loop
      vertex 0 -17 4
      vertex -0.391083 -16.9692 4
      vertex 0 -28.3 4
    endloop
  endfacet
  facet normal 0 0 1
    outer loop
      vertex -2.46921 -14.8911 4
      vertex -24.0555 -28.5865 4
      vertex -2.37764 -15.2725 4
    endloop
  endfacet
  facet normal 0 -0 1
    outer loop
      vertex 25.9445 -28.5865 4
      vertex 42.6223 -15.2725 4
      vertex 25.6506 -28.4294 4
    endloop
  endfacet
  facet normal 0 0 1
    outer loop
      vertex -0.944458 -28.5865 4
      vertex -1.46945 -16.5225 4
      vertex -1.20207 -28.7979 4
    endloop
  endfacet
  facet normal 0 0 1
    outer loop
      vertex -50.3316 -28.3327 4
      vertex -46.7678 -16.2678 4
      vertex -47.0225 -15.9695 4
    endloop
  endfacet
  facet normal 0 0 1
    outer loop
      vertex -60.8656 -59.3011 4
      vertex -54.9445 -59.5865 4
      vertex -54.6506 -59.4294 4
    endloop
  endfacet
  facet normal 0 0 1
    outer loop
      vertex 1.46945 -16.5225 4
      vertex 1.13496 -16.7275 4
      vertex 0.944458 -28.5865 4
    endloop
  endfacet
  facet normal 0 -0 1
    outer loop
      vertex 51.5706 -29.3494 4
      vertex 103.333 -19.6683 4
      vertex 51.4135 -29.0555 4
    endloop
  endfacet
  facet normal 0 0 1
    outer loop
      vertex 2.5 -14.5 4
      vertex 24.3494 -28.4294 4
      vertex 24.6683 -28.3327 4
    endloop
  endfacet
  facet normal 0 0 1
    outer loop
      vertex -45.7725 -16.8776 4
      vertex -49.3494 -28.4294 4
      vertex -45.3911 -16.9692 4
    endloop
  endfacet
  facet normal -0 0 1
    outer loop
      vertex 1.66733 -29.6683 4
      vertex 23.3 -30 4
      vertex 23.3327 -29.6683 4
    endloop
  endfacet
  facet normal 0 0 1
    outer loop
      vertex -26.4135 -30.9445 4
      vertex -48.7979 -31.2021 4
      vertex -26.2021 -31.2021 4
    endloop
  endfacet
  facet normal 0 0 1
    outer loop
      vertex -49.0555 -28.5865 4
      vertex -45 -17 4
      vertex -45.3911 -16.9692 4
    endloop
  endfacet
  facet normal 0 0 1
    outer loop
      vertex 23.3327 -29.6683 4
      vertex 1.57059 -29.3494 4
      vertex 1.66733 -29.6683 4
    endloop
  endfacet
  facet normal 0 0 1
    outer loop
      vertex 23.5865 29.0555 4
      vertex 1.4135 29.0555 4
      vertex 2.02254 15.9695 4
    endloop
  endfacet
  facet normal 0 0 1
    outer loop
      vertex -1.20207 28.7979 4
      vertex -1.4135 29.0555 4
      vertex -1.76776 16.2678 4
    endloop
  endfacet
  facet normal 0 0 1
    outer loop
      vertex -44.6089 -16.9692 4
      vertex -48.7979 -28.7979 4
      vertex -48.5865 -29.0555 4
    endloop
  endfacet
  facet normal 0 0 1
    outer loop
      vertex -0.944458 28.5865 4
      vertex -1.20207 28.7979 4
      vertex -1.46945 16.5225 4
    endloop
  endfacet
  facet normal 0 -0 1
    outer loop
      vertex -1.46945 16.5225 4
      vertex -1.20207 28.7979 4
      vertex -1.76776 16.2678 4
    endloop
  endfacet
  facet normal 0 0 1
    outer loop
      vertex 42.5 14.5 4
      vertex 25.3316 28.3327 4
      vertex 25 28.3 4
    endloop
  endfacet
  facet normal 0 0 1
    outer loop
      vertex 25.6506 28.4294 4
      vertex 25.3316 28.3327 4
      vertex 42.5 14.5 4
    endloop
  endfacet
  facet normal 0 0 1
    outer loop
      vertex 25.6506 28.4294 4
      vertex 42.5 14.5 4
      vertex 42.5308 14.8911 4
    endloop
  endfacet
  facet normal -0 0 1
    outer loop
      vertex 25.9445 28.5865 4
      vertex 42.7725 15.635 4
      vertex 26.2021 28.7979 4
    endloop
  endfacet
  facet normal 0 0 1
    outer loop
      vertex 42.9774 15.9695 4
      vertex 26.4135 29.0555 4
      vertex 26.2021 28.7979 4
    endloop
  endfacet
  facet normal 0 -0 1
    outer loop
      vertex 42.7725 15.635 4
      vertex 42.9774 15.9695 4
      vertex 26.2021 28.7979 4
    endloop
  endfacet
  facet normal 0 0 1
    outer loop
      vertex 43.2322 16.2678 4
      vertex 26.5706 29.3494 4
      vertex 26.4135 29.0555 4
    endloop
  endfacet
  facet normal 0 -0 1
    outer loop
      vertex 42.9774 15.9695 4
      vertex 43.2322 16.2678 4
      vertex 26.4135 29.0555 4
    endloop
  endfacet
  facet normal 0 0 1
    outer loop
      vertex 44.6089 16.9692 4
      vertex 45 17 4
      vertex 48.7979 28.7979 4
    endloop
  endfacet
  facet normal 0 0 1
    outer loop
      vertex 48.5865 29.0555 4
      vertex 44.6089 16.9692 4
      vertex 48.7979 28.7979 4
    endloop
  endfacet
  facet normal 0 -0 1
    outer loop
      vertex 45.7725 16.8776 4
      vertex 49.3494 28.4294 4
      vertex 45.3911 16.9692 4
    endloop
  endfacet
  facet normal 0 0 1
    outer loop
      vertex 49.6683 28.3327 4
      vertex 49.3494 28.4294 4
      vertex 45.7725 16.8776 4
    endloop
  endfacet
  facet normal 0 0 1
    outer loop
      vertex 49.6683 28.3327 4
      vertex 45.7725 16.8776 4
      vertex 46.135 16.7275 4
    endloop
  endfacet
  facet normal 0 0 1
    outer loop
      vertex 49.6683 28.3327 4
      vertex 46.135 16.7275 4
      vertex 50 28.3 4
    endloop
  endfacet
  facet normal -0 0 1
    outer loop
      vertex 46.135 16.7275 4
      vertex 46.4695 16.5225 4
      vertex 50 28.3 4
    endloop
  endfacet
  facet normal 0 0 1
    outer loop
      vertex 46.4695 16.5225 4
      vertex 50.3316 28.3327 4
      vertex 50 28.3 4
    endloop
  endfacet
  facet normal 0 0 1
    outer loop
      vertex 47.0225 15.9695 4
      vertex 50.6506 28.4294 4
      vertex 50.3316 28.3327 4
    endloop
  endfacet
  facet normal 0 0 1
    outer loop
      vertex 47.2275 15.635 4
      vertex 50.9445 28.5865 4
      vertex 50.6506 28.4294 4
    endloop
  endfacet
  facet normal 0 -0 1
    outer loop
      vertex 47.3776 15.2725 4
      vertex 50.9445 28.5865 4
      vertex 47.2275 15.635 4
    endloop
  endfacet
  facet normal 0 0 1
    outer loop
      vertex 51.2021 28.7979 4
      vertex 50.9445 28.5865 4
      vertex 47.3776 15.2725 4
    endloop
  endfacet
  facet normal 0 0 1
    outer loop
      vertex 51.2021 28.7979 4
      vertex 47.3776 15.2725 4
      vertex 47.4692 14.8911 4
    endloop
  endfacet
  facet normal -0 0 1
    outer loop
      vertex 51.2021 28.7979 4
      vertex 47.4692 14.8911 4
      vertex 51.4135 29.0555 4
    endloop
  endfacet
  facet normal -0 0 1
    outer loop
      vertex 47.4692 14.8911 4
      vertex 47.5 14.5 4
      vertex 51.4135 29.0555 4
    endloop
  endfacet
  facet normal 0 0 1
    outer loop
      vertex 47.5 14.5 4
      vertex 103.333 19.6683 4
      vertex 51.4135 29.0555 4
    endloop
  endfacet
  facet normal 0 0 1
    outer loop
      vertex 103.586 19.0555 4
      vertex 103.429 19.3494 4
      vertex 47.5 14.5 4
    endloop
  endfacet
  facet normal 0 0 1
    outer loop
      vertex 103.586 -19.0555 4
      vertex 47.5 14.5 4
      vertex 47.5 -14.5 4
    endloop
  endfacet
  facet normal 0 0 1
    outer loop
      vertex 47.4692 -14.8911 4
      vertex 51.2021 -28.7979 4
      vertex 51.4135 -29.0555 4
    endloop
  endfacet
  facet normal 0 0 1
    outer loop
      vertex 103.586 -19.0555 4
      vertex 103.798 -18.7979 4
      vertex 103.586 19.0555 4
    endloop
  endfacet
  facet normal 0 0 1
    outer loop
      vertex 51.6673 -29.6683 4
      vertex 103.333 -20.3316 4
      vertex 103.3 -20 4
    endloop
  endfacet
  facet normal 0 0 1
    outer loop
      vertex 103.586 -20.9445 4
      vertex 82.2285 -58.9258 4
      vertex 103.798 -21.2021 4
    endloop
  endfacet
  facet normal 0 0 1
    outer loop
      vertex 51.7 -30 4
      vertex 51.6673 -30.3316 4
      vertex 81.9 -58.9 4
    endloop
  endfacet
  facet normal -0 0 1
    outer loop
      vertex 81.9 -58.9 4
      vertex 82.2285 -58.9258 4
      vertex 103.586 -20.9445 4
    endloop
  endfacet
  facet normal 0 -0 1
    outer loop
      vertex 90.3316 -59.3327 4
      vertex 104.056 -21.4135 4
      vertex 90 -59.3 4
    endloop
  endfacet
  facet normal 0 -0 1
    outer loop
      vertex 48.5865 -29.0555 4
      vertex 48.7979 -28.7979 4
      vertex 44.6089 -16.9692 4
    endloop
  endfacet
  facet normal 0 0 1
    outer loop
      vertex 48.5865 -29.0555 4
      vertex 44.6089 -16.9692 4
      vertex 44.2274 -16.8776 4
    endloop
  endfacet
  facet normal 0 0 1
    outer loop
      vertex 48.4294 -29.3494 4
      vertex 26.5706 -29.3494 4
      vertex 48.3327 -29.6683 4
    endloop
  endfacet
  facet normal 0 0 1
    outer loop
      vertex -60.6151 -59.5151 4
      vertex -55.2021 -59.7979 4
      vertex -54.9445 -59.5865 4
    endloop
  endfacet
  facet normal -0 0 1
    outer loop
      vertex 1.7 -30 4
      vertex 1.66733 -30.3316 4
      vertex 23.3 -30 4
    endloop
  endfacet
  facet normal 0 0 1
    outer loop
      vertex -48.4294 -29.3494 4
      vertex -43.5305 -16.5225 4
      vertex -43.865 -16.7275 4
    endloop
  endfacet
  facet normal 0 0 1
    outer loop
      vertex -48.4294 -29.3494 4
      vertex -43.865 -16.7275 4
      vertex -44.2274 -16.8776 4
    endloop
  endfacet
  facet normal 0 0 1
    outer loop
      vertex -24.6683 -28.3327 4
      vertex -42.5 -14.5 4
      vertex -25 -28.3 4
    endloop
  endfacet
  facet normal 0 -0 1
    outer loop
      vertex -25.3316 -28.3327 4
      vertex -25 -28.3 4
      vertex -42.5 -14.5 4
    endloop
  endfacet
  facet normal 0 0 1
    outer loop
      vertex -26.7 -30 4
      vertex -48.3327 -29.6683 4
      vertex -48.3 -30 4
    endloop
  endfacet
  facet normal 0 -0 1
    outer loop
      vertex -25.6506 -28.4294 4
      vertex -25.3316 -28.3327 4
      vertex -42.5 -14.5 4
    endloop
  endfacet
  facet normal -0 0 1
    outer loop
      vertex -48.4294 -29.3494 4
      vertex -26.6673 -29.6683 4
      vertex -26.5706 -29.3494 4
    endloop
  endfacet
  facet normal 0 -0 1
    outer loop
      vertex -2.5 -14.5 4
      vertex -2.5 14.5 4
      vertex -42.5 14.5 4
    endloop
  endfacet
  facet normal 0 0 1
    outer loop
      vertex -2.5 14.5 4
      vertex -24.6683 28.3327 4
      vertex -42.5 14.5 4
    endloop
  endfacet
  facet normal 0 0 1
    outer loop
      vertex -24.3494 28.4294 4
      vertex -24.6683 28.3327 4
      vertex -2.5 14.5 4
    endloop
  endfacet
  facet normal -0 0 1
    outer loop
      vertex -24.3494 28.4294 4
      vertex -2.5 14.5 4
      vertex -24.0555 28.5865 4
    endloop
  endfacet
  facet normal 0 0 1
    outer loop
      vertex -2.22751 15.635 4
      vertex -23.5865 29.0555 4
      vertex -23.7979 28.7979 4
    endloop
  endfacet
  facet normal 0 -0 1
    outer loop
      vertex -2.37764 15.2725 4
      vertex -2.22751 15.635 4
      vertex -23.7979 28.7979 4
    endloop
  endfacet
  facet normal 0 0 1
    outer loop
      vertex -0.944458 28.5865 4
      vertex -1.13496 16.7275 4
      vertex -0.650558 28.4294 4
    endloop
  endfacet
  facet normal 0 0 1
    outer loop
      vertex -0.772537 16.8776 4
      vertex -0.33165 28.3327 4
      vertex -0.650558 28.4294 4
    endloop
  endfacet
  facet normal 0 -0 1
    outer loop
      vertex -0.391083 16.9692 4
      vertex -0.33165 28.3327 4
      vertex -0.772537 16.8776 4
    endloop
  endfacet
  facet normal 0 0 1
    outer loop
      vertex 0 28.3 4
      vertex -0.33165 28.3327 4
      vertex -0.391083 16.9692 4
    endloop
  endfacet
  facet normal 0 0 1
    outer loop
      vertex 0 28.3 4
      vertex -0.391083 16.9692 4
      vertex 0 17 4
    endloop
  endfacet
  facet normal -0 -0 1
    outer loop
      vertex 0.391083 16.9692 4
      vertex 0.772537 16.8776 4
      vertex 0.33165 28.3327 4
    endloop
  endfacet
  facet normal 0 0 1
    outer loop
      vertex 1.20207 28.7979 4
      vertex 0.944458 28.5865 4
      vertex 1.46945 16.5225 4
    endloop
  endfacet
  facet normal 0 0 1
    outer loop
      vertex 1.20207 28.7979 4
      vertex 1.46945 16.5225 4
      vertex 1.76776 16.2678 4
    endloop
  endfacet
  facet normal -0 -0 1
    outer loop
      vertex 1.76776 16.2678 4
      vertex 2.02254 15.9695 4
      vertex 1.4135 29.0555 4
    endloop
  endfacet
  facet normal -0 0 1
    outer loop
      vertex 1.20207 28.7979 4
      vertex 1.76776 16.2678 4
      vertex 1.4135 29.0555 4
    endloop
  endfacet
  facet normal 0 0 1
    outer loop
      vertex 23.5865 29.0555 4
      vertex 2.02254 15.9695 4
      vertex 2.22751 15.635 4
    endloop
  endfacet
  facet normal 0 0 1
    outer loop
      vertex 23.5865 29.0555 4
      vertex 2.22751 15.635 4
      vertex 23.7979 28.7979 4
    endloop
  endfacet
  facet normal -0 0 1
    outer loop
      vertex 2.22751 15.635 4
      vertex 2.37764 15.2725 4
      vertex 23.7979 28.7979 4
    endloop
  endfacet
  facet normal 0 0 1
    outer loop
      vertex 2.37764 15.2725 4
      vertex 24.0555 28.5865 4
      vertex 23.7979 28.7979 4
    endloop
  endfacet
  facet normal 0 0 1
    outer loop
      vertex 24.0555 28.5865 4
      vertex 2.37764 15.2725 4
      vertex 2.46921 14.8911 4
    endloop
  endfacet
  facet normal 0 0 1
    outer loop
      vertex 24.0555 28.5865 4
      vertex 2.46921 14.8911 4
      vertex 2.5 14.5 4
    endloop
  endfacet
  facet normal 0 0 1
    outer loop
      vertex 24.0555 28.5865 4
      vertex 2.5 14.5 4
      vertex 24.3494 28.4294 4
    endloop
  endfacet
  facet normal 0 0 1
    outer loop
      vertex 2.5 14.5 4
      vertex 24.6683 28.3327 4
      vertex 24.3494 28.4294 4
    endloop
  endfacet
  facet normal 0 0 1
    outer loop
      vertex 42.5 14.5 4
      vertex 24.6683 28.3327 4
      vertex 2.5 14.5 4
    endloop
  endfacet
  facet normal 0 0 1
    outer loop
      vertex 42.5 14.5 4
      vertex 2.5 14.5 4
      vertex 42.5 -14.5 4
    endloop
  endfacet
  facet normal 0 0 1
    outer loop
      vertex 2.5 14.5 4
      vertex 2.5 -14.5 4
      vertex 42.5 -14.5 4
    endloop
  endfacet
  facet normal 0 0 1
    outer loop
      vertex 1.66733 -30.3316 4
      vertex 23.3327 -30.3316 4
      vertex 23.3 -30 4
    endloop
  endfacet
  facet normal 0 0 1
    outer loop
      vertex 1.13496 -16.7275 4
      vertex 0.772537 -16.8776 4
      vertex 0.650558 -28.4294 4
    endloop
  endfacet
  facet normal 0 0 1
    outer loop
      vertex 0.772537 -16.8776 4
      vertex 0.391083 -16.9692 4
      vertex 0.33165 -28.3327 4
    endloop
  endfacet
  facet normal -0 0 1
    outer loop
      vertex 1.46945 -16.5225 4
      vertex 1.20207 -28.7979 4
      vertex 1.76776 -16.2678 4
    endloop
  endfacet
  facet normal -0 0 1
    outer loop
      vertex 1.76776 -16.2678 4
      vertex 1.4135 -29.0555 4
      vertex 2.02254 -15.9695 4
    endloop
  endfacet
  facet normal 0 0 1
    outer loop
      vertex -0.33165 -28.3327 4
      vertex -0.772537 -16.8776 4
      vertex -0.650558 -28.4294 4
    endloop
  endfacet
  facet normal 0 0 1
    outer loop
      vertex -0.772537 -16.8776 4
      vertex -1.13496 -16.7275 4
      vertex -0.650558 -28.4294 4
    endloop
  endfacet
  facet normal 0 0 1
    outer loop
      vertex 1.20207 -31.2021 4
      vertex 23.7979 -31.2021 4
      vertex 23.5865 -30.9445 4
    endloop
  endfacet
  facet normal 0 0 1
    outer loop
      vertex -0.944458 -28.5865 4
      vertex -1.13496 -16.7275 4
      vertex -1.46945 -16.5225 4
    endloop
  endfacet
  facet normal 0 0 1
    outer loop
      vertex 48.7979 -28.7979 4
      vertex 45 -17 4
      vertex 44.6089 -16.9692 4
    endloop
  endfacet
  facet normal -0 0 1
    outer loop
      vertex 105.944 -18.5865 4
      vertex 106.202 -18.7979 4
      vertex 105.944 18.5865 4
    endloop
  endfacet
  facet normal 0 0 1
    outer loop
      vertex 54.6506 -59.4294 4
      vertex 61.1466 -59.1289 4
      vertex 61.451 -59.0028 4
    endloop
  endfacet
  facet normal 0 0 1
    outer loop
      vertex 104.668 -18.3327 4
      vertex 104.349 18.4294 4
      vertex 104.349 -18.4294 4
    endloop
  endfacet
  facet normal 0 0 1
    outer loop
      vertex 49.3494 -28.4294 4
      vertex 45.3911 -16.9692 4
      vertex 49.0555 -28.5865 4
    endloop
  endfacet
  facet normal -0 -0 1
    outer loop
      vertex 50.9445 -28.5865 4
      vertex 51.2021 -28.7979 4
      vertex 47.3776 -15.2725 4
    endloop
  endfacet
  facet normal -0 0 1
    outer loop
      vertex 45.7725 -16.8776 4
      vertex 49.6683 -28.3327 4
      vertex 46.135 -16.7275 4
    endloop
  endfacet
  facet normal 0 0 1
    outer loop
      vertex 50.3316 -28.3327 4
      vertex 46.4695 -16.5225 4
      vertex 50 -28.3 4
    endloop
  endfacet
  facet normal 0 0 1
    outer loop
      vertex 50.9445 -28.5865 4
      vertex 47.3776 -15.2725 4
      vertex 47.2275 -15.635 4
    endloop
  endfacet
  facet normal 0 0 1
    outer loop
      vertex 50.9445 -28.5865 4
      vertex 47.2275 -15.635 4
      vertex 50.6506 -28.4294 4
    endloop
  endfacet
  facet normal 0 0 1
    outer loop
      vertex 104.668 18.3327 4
      vertex 104.349 18.4294 4
      vertex 104.668 -18.3327 4
    endloop
  endfacet
  facet normal 0 0 1
    outer loop
      vertex 104.668 18.3327 4
      vertex 104.668 -18.3327 4
      vertex 105 -18.3 4
    endloop
  endfacet
  facet normal 0 0 1
    outer loop
      vertex 105 18.3 4
      vertex 105 -18.3 4
      vertex 105.332 -18.3327 4
    endloop
  endfacet
  facet normal -0 0 1
    outer loop
      vertex 105 18.3 4
      vertex 105.332 -18.3327 4
      vertex 105.332 18.3327 4
    endloop
  endfacet
  facet normal -0 0 1
    outer loop
      vertex 105.332 18.3327 4
      vertex 105.651 -18.4294 4
      vertex 105.651 18.4294 4
    endloop
  endfacet
  facet normal -0 0 1
    outer loop
      vertex 105.651 -18.4294 4
      vertex 105.944 -18.5865 4
      vertex 105.651 18.4294 4
    endloop
  endfacet
  facet normal -0 0 1
    outer loop
      vertex 106.667 -19.6683 4
      vertex 125 -63 4
      vertex 106.667 19.6683 4
    endloop
  endfacet
  facet normal 0 -0 1
    outer loop
      vertex 106.202 -18.7979 4
      vertex 106.202 18.7979 4
      vertex 105.944 18.5865 4
    endloop
  endfacet
  facet normal 0 0 1
    outer loop
      vertex 106.413 -19.0555 4
      vertex 106.202 18.7979 4
      vertex 106.202 -18.7979 4
    endloop
  endfacet
  facet normal 0 0 1
    outer loop
      vertex 106.413 19.0555 4
      vertex 106.202 18.7979 4
      vertex 106.413 -19.0555 4
    endloop
  endfacet
  facet normal 0 0 1
    outer loop
      vertex 106.413 19.0555 4
      vertex 106.413 -19.0555 4
      vertex 106.571 -19.3494 4
    endloop
  endfacet
  facet normal -0 0 1
    outer loop
      vertex 106.413 19.0555 4
      vertex 106.571 -19.3494 4
      vertex 106.571 19.3494 4
    endloop
  endfacet
  facet normal -0 0 1
    outer loop
      vertex 106.571 -19.3494 4
      vertex 106.667 -19.6683 4
      vertex 106.571 19.3494 4
    endloop
  endfacet
  facet normal 0 -0 1
    outer loop
      vertex 106.667 -19.6683 4
      vertex 106.667 19.6683 4
      vertex 106.571 19.3494 4
    endloop
  endfacet
  facet normal -0 -0 1
    outer loop
      vertex 106.7 -20 4
      vertex 125 -63 4
      vertex 106.667 -19.6683 4
    endloop
  endfacet
  facet normal -0 0 1
    outer loop
      vertex 106.667 -20.3316 4
      vertex 125 -63 4
      vertex 106.7 -20 4
    endloop
  endfacet
  facet normal -0 0 1
    outer loop
      vertex 106.571 -20.6506 4
      vertex 125 -63 4
      vertex 106.667 -20.3316 4
    endloop
  endfacet
  facet normal -0 0 1
    outer loop
      vertex 106.413 -20.9445 4
      vertex 125 -63 4
      vertex 106.571 -20.6506 4
    endloop
  endfacet
  facet normal -0 0 1
    outer loop
      vertex 106.202 -21.2021 4
      vertex 125 -63 4
      vertex 106.413 -20.9445 4
    endloop
  endfacet
  facet normal 0 0 1
    outer loop
      vertex 105 -21.7 4
      vertex 104.668 -21.6673 4
      vertex 109.349 -58.4294 4
    endloop
  endfacet
  facet normal 0 0 1
    outer loop
      vertex 83.1343 -59.3011 4
      vertex 89.0555 -59.5865 4
      vertex 89.3494 -59.4294 4
    endloop
  endfacet
  facet normal 0 0 1
    outer loop
      vertex 89.6683 -59.3327 4
      vertex 82.5489 -59.0028 4
      vertex 89.3494 -59.4294 4
    endloop
  endfacet
  facet normal 0 0 1
    outer loop
      vertex 83.3849 -59.5151 4
      vertex 88.7979 -59.7979 4
      vertex 89.0555 -59.5865 4
    endloop
  endfacet
  facet normal 0 0 1
    outer loop
      vertex -111.413 -60.9445 4
      vertex -123.583 -68.6568 4
      vertex -122.978 -69.6668 4
    endloop
  endfacet
  facet normal 0 0 1
    outer loop
      vertex -103.586 -19.0555 4
      vertex -103.798 18.7979 4
      vertex -103.798 -18.7979 4
    endloop
  endfacet
  facet normal 0 -0 1
    outer loop
      vertex -111.202 -58.7979 4
      vertex -110.944 -58.5865 4
      vertex -125 -63 4
    endloop
  endfacet
  facet normal 0 0 1
    outer loop
      vertex -105.332 -18.3327 4
      vertex -105.651 18.4294 4
      vertex -105.651 -18.4294 4
    endloop
  endfacet
  facet normal 0 0 1
    outer loop
      vertex -111.202 -58.7979 4
      vertex -125 -63 4
      vertex -111.413 -59.0555 4
    endloop
  endfacet
  facet normal 0 0 1
    outer loop
      vertex -125 -63 4
      vertex -111.571 -59.3494 4
      vertex -111.413 -59.0555 4
    endloop
  endfacet
  facet normal 0 -0 1
    outer loop
      vertex -111.667 -59.6683 4
      vertex -111.571 -59.3494 4
      vertex -125 -63 4
    endloop
  endfacet
  facet normal 0 0 1
    outer loop
      vertex -106.202 -21.2021 4
      vertex -106.413 -20.9445 4
      vertex -125 -63 4
    endloop
  endfacet
  facet normal 0 0 1
    outer loop
      vertex -106.413 -20.9445 4
      vertex -106.571 -20.6506 4
      vertex -125 -63 4
    endloop
  endfacet
  facet normal 0 0 1
    outer loop
      vertex -106.571 -20.6506 4
      vertex -106.667 -20.3316 4
      vertex -125 -63 4
    endloop
  endfacet
  facet normal 0 0 1
    outer loop
      vertex -106.667 -20.3316 4
      vertex -106.7 -20 4
      vertex -125 -63 4
    endloop
  endfacet
  facet normal 0 0 1
    outer loop
      vertex -105.332 18.3327 4
      vertex -105.651 18.4294 4
      vertex -105.332 -18.3327 4
    endloop
  endfacet
  facet normal 0 0 1
    outer loop
      vertex -105.332 18.3327 4
      vertex -105.332 -18.3327 4
      vertex -105 -18.3 4
    endloop
  endfacet
  facet normal 0 -0 1
    outer loop
      vertex -103.798 -18.7979 4
      vertex -103.798 18.7979 4
      vertex -104.056 18.5865 4
    endloop
  endfacet
  facet normal 0 0 1
    outer loop
      vertex -104.668 -18.3327 4
      vertex -105 18.3 4
      vertex -105 -18.3 4
    endloop
  endfacet
  facet normal 0 0 1
    outer loop
      vertex -104.668 18.3327 4
      vertex -105 18.3 4
      vertex -104.668 -18.3327 4
    endloop
  endfacet
  facet normal 0 0 1
    outer loop
      vertex -104.668 18.3327 4
      vertex -104.668 -18.3327 4
      vertex -104.349 -18.4294 4
    endloop
  endfacet
  facet normal -0 0 1
    outer loop
      vertex -104.668 18.3327 4
      vertex -104.349 -18.4294 4
      vertex -104.349 18.4294 4
    endloop
  endfacet
  facet normal -0 0 1
    outer loop
      vertex -104.349 -18.4294 4
      vertex -104.056 -18.5865 4
      vertex -104.349 18.4294 4
    endloop
  endfacet
  facet normal 0 -0 1
    outer loop
      vertex -103.586 -19.0555 4
      vertex -103.586 19.0555 4
      vertex -103.798 18.7979 4
    endloop
  endfacet
  facet normal 0 0 1
    outer loop
      vertex -47.5 -14.5 4
      vertex -103.586 19.0555 4
      vertex -103.586 -19.0555 4
    endloop
  endfacet
  facet normal 0 -0 1
    outer loop
      vertex -103.333 -19.6683 4
      vertex -47.5 -14.5 4
      vertex -103.429 -19.3494 4
    endloop
  endfacet
  facet normal -0 -0 1
    outer loop
      vertex -103.3 -20 4
      vertex -51.5706 -29.3494 4
      vertex -103.333 -19.6683 4
    endloop
  endfacet
  facet normal 0 0 1
    outer loop
      vertex -103.333 -19.6683 4
      vertex -51.5706 -29.3494 4
      vertex -51.4135 -29.0555 4
    endloop
  endfacet
  facet normal 0 0 1
    outer loop
      vertex -47.5 -14.5 4
      vertex -103.333 -19.6683 4
      vertex -51.4135 -29.0555 4
    endloop
  endfacet
  facet normal 0 0 1
    outer loop
      vertex -104.668 -21.6673 4
      vertex -109.349 -58.4294 4
      vertex -109.056 -58.5865 4
    endloop
  endfacet
  facet normal 0 -0 1
    outer loop
      vertex -91.2021 -59.7979 4
      vertex -90.9445 -59.5865 4
      vertex -108.798 -58.7979 4
    endloop
  endfacet
  facet normal 0 0 1
    outer loop
      vertex -89.6683 -62.6673 4
      vertex -90 -62.7 4
      vertex -82.2285 -63.0741 4
    endloop
  endfacet
  facet normal 0 0 1
    outer loop
      vertex -47.3776 -15.2725 4
      vertex -51.2021 -28.7979 4
      vertex -50.9445 -28.5865 4
    endloop
  endfacet
  facet normal 0 0 1
    outer loop
      vertex -83.9741 -61.3285 4
      vertex -84 -61 4
      vertex -88.3 -61 4
    endloop
  endfacet
  facet normal -0 0 1
    outer loop
      vertex -61.7715 -58.9258 4
      vertex -61.451 -59.0028 4
      vertex -50.9445 -31.4135 4
    endloop
  endfacet
  facet normal 0 0 1
    outer loop
      vertex -106.202 -21.2021 4
      vertex -110.651 -58.4294 4
      vertex -105.944 -21.4135 4
    endloop
  endfacet
  facet normal 0 0 1
    outer loop
      vertex -110.944 -58.5865 4
      vertex -110.651 -58.4294 4
      vertex -106.202 -21.2021 4
    endloop
  endfacet
  facet normal 0 -0 1
    outer loop
      vertex -110.944 -58.5865 4
      vertex -106.202 -21.2021 4
      vertex -125 -63 4
    endloop
  endfacet
  facet normal 0 0 1
    outer loop
      vertex -54.9445 -59.5865 4
      vertex -60.8656 -59.3011 4
      vertex -60.6151 -59.5151 4
    endloop
  endfacet
  facet normal 0 -0 1
    outer loop
      vertex -82.2285 -58.9258 4
      vertex -81.9 -58.9 4
      vertex -103.586 -20.9445 4
    endloop
  endfacet
  facet normal 0 -0 1
    outer loop
      vertex -83.3849 -59.5151 4
      vertex -83.1343 -59.3011 4
      vertex -89.0555 -59.5865 4
    endloop
  endfacet
  facet normal -0 -0 1
    outer loop
      vertex -90 -59.3 4
      vertex -89.6683 -59.3327 4
      vertex -103.798 -21.2021 4
    endloop
  endfacet
  facet normal 0 0 1
    outer loop
      vertex -90.6506 -59.4294 4
      vertex -104.668 -21.6673 4
      vertex -109.056 -58.5865 4
    endloop
  endfacet
  facet normal 0 0 1
    outer loop
      vertex -51.7 -30 4
      vertex -103.333 -20.3316 4
      vertex -103.429 -20.6506 4
    endloop
  endfacet
  facet normal 0 0 1
    outer loop
      vertex -51.6673 -29.6683 4
      vertex -103.333 -20.3316 4
      vertex -51.7 -30 4
    endloop
  endfacet
  facet normal 0 0 1
    outer loop
      vertex -103.3 -20 4
      vertex -103.333 -20.3316 4
      vertex -51.6673 -29.6683 4
    endloop
  endfacet
  facet normal 0 0 1
    outer loop
      vertex -103.3 -20 4
      vertex -51.6673 -29.6683 4
      vertex -51.5706 -29.3494 4
    endloop
  endfacet
  facet normal 0 0 1
    outer loop
      vertex -51.4135 -29.0555 4
      vertex -51.2021 -28.7979 4
      vertex -47.4692 -14.8911 4
    endloop
  endfacet
  facet normal 0 -0 1
    outer loop
      vertex -50 -28.3 4
      vertex -46.4695 -16.5225 4
      vertex -50.3316 -28.3327 4
    endloop
  endfacet
  facet normal 0 0 1
    outer loop
      vertex -50.3316 -28.3327 4
      vertex -46.4695 -16.5225 4
      vertex -46.7678 -16.2678 4
    endloop
  endfacet
  facet normal 0 0 1
    outer loop
      vertex -50 -28.3 4
      vertex -46.135 -16.7275 4
      vertex -46.4695 -16.5225 4
    endloop
  endfacet
  facet normal 0 0 1
    outer loop
      vertex -49.6683 -28.3327 4
      vertex -45.7725 -16.8776 4
      vertex -46.135 -16.7275 4
    endloop
  endfacet
  facet normal 0 -0 1
    outer loop
      vertex -49.3494 -28.4294 4
      vertex -45.7725 -16.8776 4
      vertex -49.6683 -28.3327 4
    endloop
  endfacet
  facet normal 0 -0 1
    outer loop
      vertex -49.0555 -28.5865 4
      vertex -45.3911 -16.9692 4
      vertex -49.3494 -28.4294 4
    endloop
  endfacet
  facet normal 0 -0 1
    outer loop
      vertex -48.7979 -28.7979 4
      vertex -45 -17 4
      vertex -49.0555 -28.5865 4
    endloop
  endfacet
  facet normal 0 0 1
    outer loop
      vertex -44.6089 -16.9692 4
      vertex -45 -17 4
      vertex -48.7979 -28.7979 4
    endloop
  endfacet
  facet normal 0 0 1
    outer loop
      vertex -44.2274 -16.8776 4
      vertex -44.6089 -16.9692 4
      vertex -48.5865 -29.0555 4
    endloop
  endfacet
  facet normal -0 0 1
    outer loop
      vertex -48.3327 -29.6683 4
      vertex -26.7 -30 4
      vertex -26.6673 -29.6683 4
    endloop
  endfacet
  facet normal 0 0 1
    outer loop
      vertex -26.6673 -30.3316 4
      vertex -48.3327 -30.3316 4
      vertex -48.4294 -30.6506 4
    endloop
  endfacet
  facet normal 0 0 1
    outer loop
      vertex -26.6673 -30.3316 4
      vertex -26.7 -30 4
      vertex -48.3327 -30.3316 4
    endloop
  endfacet
  facet normal 0 0 1
    outer loop
      vertex -49.0555 -31.4135 4
      vertex -26.2021 -31.2021 4
      vertex -48.7979 -31.2021 4
    endloop
  endfacet
  facet normal 0 -0 1
    outer loop
      vertex -24.6683 -28.3327 4
      vertex -2.5 -14.5 4
      vertex -42.5 -14.5 4
    endloop
  endfacet
  facet normal 0 0 1
    outer loop
      vertex -26.2021 -31.2021 4
      vertex -49.0555 -31.4135 4
      vertex -25.9445 -31.4135 4
    endloop
  endfacet
  facet normal 0 0 1
    outer loop
      vertex -60.0258 -60.6715 4
      vertex -60 -61 4
      vertex -55.7 -61 4
    endloop
  endfacet
  facet normal 0 0 1
    outer loop
      vertex -2.22751 -15.635 4
      vertex -2.37764 -15.2725 4
      vertex -23.7979 -28.7979 4
    endloop
  endfacet
  facet normal 0 -0 1
    outer loop
      vertex -23.3327 -29.6683 4
      vertex -1.66733 -29.6683 4
      vertex -23.4294 -29.3494 4
    endloop
  endfacet
  facet normal 0 0 1
    outer loop
      vertex -23.5865 -30.9445 4
      vertex -1.57059 -30.6506 4
      vertex -23.4294 -30.6506 4
    endloop
  endfacet
  facet normal 0 -0 1
    outer loop
      vertex -1.57059 -29.3494 4
      vertex -1.4135 -29.0555 4
      vertex -23.5865 -29.0555 4
    endloop
  endfacet
  facet normal 0 0 1
    outer loop
      vertex 83.3849 -62.4849 4
      vertex 88.7979 -62.2021 4
      vertex 83.5989 -62.2343 4
    endloop
  endfacet
  facet normal 0 0 1
    outer loop
      vertex -61.451 -59.0028 4
      vertex -50.6506 -31.5706 4
      vertex -50.9445 -31.4135 4
    endloop
  endfacet
  facet normal 0 0 1
    outer loop
      vertex -55.2021 -59.7979 4
      vertex -60.6151 -59.5151 4
      vertex -60.4011 -59.7656 4
    endloop
  endfacet
  facet normal -0 -0 1
    outer loop
      vertex -60.2289 -60.0466 4
      vertex -55.4135 -60.0555 4
      vertex -60.4011 -59.7656 4
    endloop
  endfacet
  facet normal 0 -0 1
    outer loop
      vertex -0.944458 -28.5865 4
      vertex -0.650558 -28.4294 4
      vertex -1.13496 -16.7275 4
    endloop
  endfacet
  facet normal -0 0 1
    outer loop
      vertex -48.5865 -30.9445 4
      vertex -48.7979 -31.2021 4
      vertex -26.4135 -30.9445 4
    endloop
  endfacet
  facet normal 0 0 1
    outer loop
      vertex -2.5 -14.5 4
      vertex -24.0555 -28.5865 4
      vertex -2.46921 -14.8911 4
    endloop
  endfacet
  facet normal 0 0 1
    outer loop
      vertex -48.5865 -30.9445 4
      vertex -26.4135 -30.9445 4
      vertex -26.5706 -30.6506 4
    endloop
  endfacet
  facet normal 0 0 1
    outer loop
      vertex -48.5865 -30.9445 4
      vertex -26.5706 -30.6506 4
      vertex -48.4294 -30.6506 4
    endloop
  endfacet
  facet normal 0 0 1
    outer loop
      vertex -26.5706 -30.6506 4
      vertex -26.6673 -30.3316 4
      vertex -48.4294 -30.6506 4
    endloop
  endfacet
  facet normal -0 0 1
    outer loop
      vertex -43.5305 -16.5225 4
      vertex -26.5706 -29.3494 4
      vertex -43.2322 -16.2678 4
    endloop
  endfacet
  facet normal 0 -0 1
    outer loop
      vertex -26.5706 -29.3494 4
      vertex -26.4135 -29.0555 4
      vertex -43.2322 -16.2678 4
    endloop
  endfacet
  facet normal 0 0 1
    outer loop
      vertex -26.4135 -29.0555 4
      vertex -42.9774 -15.9695 4
      vertex -43.2322 -16.2678 4
    endloop
  endfacet
  facet normal 0 0 1
    outer loop
      vertex -26.2021 -28.7979 4
      vertex -42.9774 -15.9695 4
      vertex -26.4135 -29.0555 4
    endloop
  endfacet
  facet normal 0 0 1
    outer loop
      vertex -42.7725 -15.635 4
      vertex -42.9774 -15.9695 4
      vertex -26.2021 -28.7979 4
    endloop
  endfacet
  facet normal 0 0 1
    outer loop
      vertex -42.7725 -15.635 4
      vertex -26.2021 -28.7979 4
      vertex -25.9445 -28.5865 4
    endloop
  endfacet
  facet normal -0 0 1
    outer loop
      vertex -42.7725 -15.635 4
      vertex -25.9445 -28.5865 4
      vertex -42.6223 -15.2725 4
    endloop
  endfacet
  facet normal 0 -0 1
    outer loop
      vertex -25.9445 -28.5865 4
      vertex -25.6506 -28.4294 4
      vertex -42.6223 -15.2725 4
    endloop
  endfacet
  facet normal 0 0 1
    outer loop
      vertex -42.5 -14.5 4
      vertex -42.5308 -14.8911 4
      vertex -25.6506 -28.4294 4
    endloop
  endfacet
  facet normal 0 0 1
    outer loop
      vertex -25.6506 -28.4294 4
      vertex -42.5308 -14.8911 4
      vertex -42.6223 -15.2725 4
    endloop
  endfacet
  facet normal 0 -0 1
    outer loop
      vertex -24.3494 -28.4294 4
      vertex -2.5 -14.5 4
      vertex -24.6683 -28.3327 4
    endloop
  endfacet
  facet normal -0 0 1
    outer loop
      vertex -24.0555 -28.5865 4
      vertex -23.7979 -28.7979 4
      vertex -2.37764 -15.2725 4
    endloop
  endfacet
  facet normal -0 0 1
    outer loop
      vertex -23.7979 -28.7979 4
      vertex -23.5865 -29.0555 4
      vertex -2.22751 -15.635 4
    endloop
  endfacet
  facet normal 0 0 1
    outer loop
      vertex -23.5865 -29.0555 4
      vertex -2.02254 -15.9695 4
      vertex -2.22751 -15.635 4
    endloop
  endfacet
  facet normal 0 0 1
    outer loop
      vertex -0.650558 -31.5706 4
      vertex -24.3494 -31.5706 4
      vertex -52.3327 -61.3316 4
    endloop
  endfacet
  facet normal 0 0 1
    outer loop
      vertex -1.4135 -30.9445 4
      vertex -23.7979 -31.2021 4
      vertex -1.20207 -31.2021 4
    endloop
  endfacet
  facet normal -0 0 1
    outer loop
      vertex -23.7979 -31.2021 4
      vertex -24.0555 -31.4135 4
      vertex -1.20207 -31.2021 4
    endloop
  endfacet
  facet normal 0 0 1
    outer loop
      vertex -1.4135 -29.0555 4
      vertex -2.02254 -15.9695 4
      vertex -23.5865 -29.0555 4
    endloop
  endfacet
  facet normal 0 0 1
    outer loop
      vertex -0.944458 -31.4135 4
      vertex -1.20207 -31.2021 4
      vertex -24.0555 -31.4135 4
    endloop
  endfacet
  facet normal 0 0 1
    outer loop
      vertex -0.944458 -31.4135 4
      vertex -24.0555 -31.4135 4
      vertex -24.3494 -31.5706 4
    endloop
  endfacet
  facet normal 0 0 1
    outer loop
      vertex -0.944458 -31.4135 4
      vertex -24.3494 -31.5706 4
      vertex -0.650558 -31.5706 4
    endloop
  endfacet
  facet normal 0 0 1
    outer loop
      vertex -52.3 -61 4
      vertex -24.6683 -31.6673 4
      vertex -25 -31.7 4
    endloop
  endfacet
  facet normal 0 0 1
    outer loop
      vertex 0.944458 -31.4135 4
      vertex 23.7979 -31.2021 4
      vertex 1.20207 -31.2021 4
    endloop
  endfacet
  facet normal 0 0 1
    outer loop
      vertex 42.7725 -15.635 4
      vertex 26.2021 -28.7979 4
      vertex 42.9774 -15.9695 4
    endloop
  endfacet
  facet normal 0 0 1
    outer loop
      vertex -54.6506 -62.5706 4
      vertex -60.8656 -62.6989 4
      vertex -61.1466 -62.8711 4
    endloop
  endfacet
  facet normal 0 0 1
    outer loop
      vertex -54.3316 -62.6673 4
      vertex -61.7715 -63.0741 4
      vertex -54 -62.7 4
    endloop
  endfacet
  facet normal 0 0 1
    outer loop
      vertex 62.1 -63.1 4
      vertex 54 -62.7 4
      vertex 113 -75 4
    endloop
  endfacet
  facet normal 0 0 1
    outer loop
      vertex 25.6506 -28.4294 4
      vertex 42.5308 -14.8911 4
      vertex 42.5 -14.5 4
    endloop
  endfacet
  facet normal 0 0 1
    outer loop
      vertex -24.6683 -31.6673 4
      vertex -52.3 -61 4
      vertex -52.3327 -61.3316 4
    endloop
  endfacet
  facet normal 0 0 1
    outer loop
      vertex -1.57059 -30.6506 4
      vertex -23.5865 -30.9445 4
      vertex -1.4135 -30.9445 4
    endloop
  endfacet
  facet normal 0 0 1
    outer loop
      vertex -1.4135 -30.9445 4
      vertex -23.5865 -30.9445 4
      vertex -23.7979 -31.2021 4
    endloop
  endfacet
  facet normal 0 0 1
    outer loop
      vertex -1.57059 -30.6506 4
      vertex -1.66733 -30.3316 4
      vertex -23.4294 -30.6506 4
    endloop
  endfacet
  facet normal 0 -0 1
    outer loop
      vertex -23.4294 -29.3494 4
      vertex -1.57059 -29.3494 4
      vertex -23.5865 -29.0555 4
    endloop
  endfacet
  facet normal -0 0 1
    outer loop
      vertex -23.3327 -30.3316 4
      vertex -23.4294 -30.6506 4
      vertex -1.66733 -30.3316 4
    endloop
  endfacet
  facet normal 0 0 1
    outer loop
      vertex -23.3327 -30.3316 4
      vertex -1.66733 -30.3316 4
      vertex -1.7 -30 4
    endloop
  endfacet
  facet normal 0 0 1
    outer loop
      vertex -23.3327 -30.3316 4
      vertex -1.7 -30 4
      vertex -23.3 -30 4
    endloop
  endfacet
  facet normal 0 0 1
    outer loop
      vertex -1.7 -30 4
      vertex -23.3327 -29.6683 4
      vertex -23.3 -30 4
    endloop
  endfacet
  facet normal 0 0 1
    outer loop
      vertex -1.57059 -29.3494 4
      vertex -23.4294 -29.3494 4
      vertex -1.66733 -29.6683 4
    endloop
  endfacet
  facet normal 0 0 1
    outer loop
      vertex -1.66733 -29.6683 4
      vertex -23.3327 -29.6683 4
      vertex -1.7 -30 4
    endloop
  endfacet
  facet normal 0 -0 1
    outer loop
      vertex -1.4135 -29.0555 4
      vertex -1.20207 -28.7979 4
      vertex -1.76776 -16.2678 4
    endloop
  endfacet
  facet normal 0 0 1
    outer loop
      vertex -0.33165 -28.3327 4
      vertex -0.391083 -16.9692 4
      vertex -0.772537 -16.8776 4
    endloop
  endfacet
  facet normal 0 0 1
    outer loop
      vertex 0 -28.3 4
      vertex -0.391083 -16.9692 4
      vertex -0.33165 -28.3327 4
    endloop
  endfacet
  facet normal 0 0 1
    outer loop
      vertex 0.391083 -16.9692 4
      vertex 0 -17 4
      vertex 0 -28.3 4
    endloop
  endfacet
  facet normal 0 0 1
    outer loop
      vertex 0.391083 -16.9692 4
      vertex 0 -28.3 4
      vertex 0.33165 -28.3327 4
    endloop
  endfacet
  facet normal 0 0 1
    outer loop
      vertex 0.772537 -16.8776 4
      vertex 0.33165 -28.3327 4
      vertex 0.650558 -28.4294 4
    endloop
  endfacet
  facet normal 0 0 1
    outer loop
      vertex 1.13496 -16.7275 4
      vertex 0.650558 -28.4294 4
      vertex 0.944458 -28.5865 4
    endloop
  endfacet
  facet normal 0 0 1
    outer loop
      vertex 1.46945 -16.5225 4
      vertex 0.944458 -28.5865 4
      vertex 1.20207 -28.7979 4
    endloop
  endfacet
  facet normal 0 0 1
    outer loop
      vertex 1.76776 -16.2678 4
      vertex 1.20207 -28.7979 4
      vertex 1.4135 -29.0555 4
    endloop
  endfacet
  facet normal 0 0 1
    outer loop
      vertex 1.66733 -29.6683 4
      vertex 1.7 -30 4
      vertex 23.3 -30 4
    endloop
  endfacet
  facet normal 0 0 1
    outer loop
      vertex 1.4135 -30.9445 4
      vertex 23.5865 -30.9445 4
      vertex 23.4294 -30.6506 4
    endloop
  endfacet
  facet normal -0 0 1
    outer loop
      vertex 2.5 -14.5 4
      vertex 24.6683 -28.3327 4
      vertex 42.5 -14.5 4
    endloop
  endfacet
  facet normal 0 0 1
    outer loop
      vertex 24.6683 -28.3327 4
      vertex 25 -28.3 4
      vertex 42.5 -14.5 4
    endloop
  endfacet
  facet normal 0 0 1
    outer loop
      vertex 42.5 -14.5 4
      vertex 25 -28.3 4
      vertex 25.3316 -28.3327 4
    endloop
  endfacet
  facet normal 0 -0 1
    outer loop
      vertex 25.6506 -28.4294 4
      vertex 42.5 -14.5 4
      vertex 25.3316 -28.3327 4
    endloop
  endfacet
  facet normal 0 0 1
    outer loop
      vertex 0.944458 -31.4135 4
      vertex 24.0555 -31.4135 4
      vertex 23.7979 -31.2021 4
    endloop
  endfacet
  facet normal 0 0 1
    outer loop
      vertex 0.650558 -31.5706 4
      vertex 24.0555 -31.4135 4
      vertex 0.944458 -31.4135 4
    endloop
  endfacet
  facet normal 0 0 1
    outer loop
      vertex 24.3494 -31.5706 4
      vertex 24.0555 -31.4135 4
      vertex 0.650558 -31.5706 4
    endloop
  endfacet
  facet normal -0 0 1
    outer loop
      vertex 26.4135 -29.0555 4
      vertex 26.5706 -29.3494 4
      vertex 43.2322 -16.2678 4
    endloop
  endfacet
  facet normal 0 0 1
    outer loop
      vertex 52.5865 -61.9445 4
      vertex 52.4294 -61.6506 4
      vertex 0 -31.7 4
    endloop
  endfacet
  facet normal 0 0 1
    outer loop
      vertex 52.4294 -61.6506 4
      vertex 0.33165 -31.6673 4
      vertex 0 -31.7 4
    endloop
  endfacet
  facet normal 0 0 1
    outer loop
      vertex -53.6683 -59.3327 4
      vertex -50 -31.7 4
      vertex -50.3316 -31.6673 4
    endloop
  endfacet
  facet normal -0 0 1
    outer loop
      vertex 55.7 -61 4
      vertex 60.0258 -61.3285 4
      vertex 60 -61 4
    endloop
  endfacet
  facet normal 0 0 1
    outer loop
      vertex 43.5305 -16.5225 4
      vertex 48.4294 -29.3494 4
      vertex 43.865 -16.7275 4
    endloop
  endfacet
  facet normal 0 -0 1
    outer loop
      vertex 26.7 -30 4
      vertex 48.3 -30 4
      vertex 26.6673 -29.6683 4
    endloop
  endfacet
  facet normal -0 0 1
    outer loop
      vertex 1.4135 -30.9445 4
      vertex 1.20207 -31.2021 4
      vertex 23.5865 -30.9445 4
    endloop
  endfacet
  facet normal 0 0 1
    outer loop
      vertex 42.5308 -14.8911 4
      vertex 25.6506 -28.4294 4
      vertex 42.6223 -15.2725 4
    endloop
  endfacet
  facet normal -0 0 1
    outer loop
      vertex 1.57059 -30.6506 4
      vertex 1.4135 -30.9445 4
      vertex 23.4294 -30.6506 4
    endloop
  endfacet
  facet normal 0 0 1
    outer loop
      vertex 1.57059 -30.6506 4
      vertex 23.4294 -30.6506 4
      vertex 23.3327 -30.3316 4
    endloop
  endfacet
  facet normal 0 0 1
    outer loop
      vertex 1.4135 -29.0555 4
      vertex 1.57059 -29.3494 4
      vertex 23.4294 -29.3494 4
    endloop
  endfacet
  facet normal -0 0 1
    outer loop
      vertex 1.4135 -29.0555 4
      vertex 23.4294 -29.3494 4
      vertex 23.5865 -29.0555 4
    endloop
  endfacet
  facet normal 0 0 1
    outer loop
      vertex 1.4135 -29.0555 4
      vertex 23.5865 -29.0555 4
      vertex 2.02254 -15.9695 4
    endloop
  endfacet
  facet normal 0 0 1
    outer loop
      vertex 23.5865 -29.0555 4
      vertex 2.22751 -15.635 4
      vertex 2.02254 -15.9695 4
    endloop
  endfacet
  facet normal 0 0 1
    outer loop
      vertex 23.7979 -28.7979 4
      vertex 2.22751 -15.635 4
      vertex 23.5865 -29.0555 4
    endloop
  endfacet
  facet normal 0 0 1
    outer loop
      vertex 2.37764 -15.2725 4
      vertex 2.22751 -15.635 4
      vertex 23.7979 -28.7979 4
    endloop
  endfacet
  facet normal 0 0 1
    outer loop
      vertex 2.37764 -15.2725 4
      vertex 23.7979 -28.7979 4
      vertex 24.0555 -28.5865 4
    endloop
  endfacet
  facet normal -0 0 1
    outer loop
      vertex 2.37764 -15.2725 4
      vertex 24.0555 -28.5865 4
      vertex 2.46921 -14.8911 4
    endloop
  endfacet
  facet normal 0 0 1
    outer loop
      vertex 24.0555 -28.5865 4
      vertex 2.5 -14.5 4
      vertex 2.46921 -14.8911 4
    endloop
  endfacet
  facet normal 0 0 1
    outer loop
      vertex 24.3494 -28.4294 4
      vertex 2.5 -14.5 4
      vertex 24.0555 -28.5865 4
    endloop
  endfacet
  facet normal 0 0 1
    outer loop
      vertex 42.6223 -15.2725 4
      vertex 25.9445 -28.5865 4
      vertex 42.7725 -15.635 4
    endloop
  endfacet
  facet normal -0 0 1
    outer loop
      vertex 25.9445 -28.5865 4
      vertex 26.2021 -28.7979 4
      vertex 42.7725 -15.635 4
    endloop
  endfacet
  facet normal -0 0 1
    outer loop
      vertex 26.2021 -28.7979 4
      vertex 26.4135 -29.0555 4
      vertex 42.9774 -15.9695 4
    endloop
  endfacet
  facet normal 0 0 1
    outer loop
      vertex 26.4135 -29.0555 4
      vertex 43.2322 -16.2678 4
      vertex 42.9774 -15.9695 4
    endloop
  endfacet
  facet normal 0 0 1
    outer loop
      vertex 26.5706 -29.3494 4
      vertex 43.5305 -16.5225 4
      vertex 43.2322 -16.2678 4
    endloop
  endfacet
  facet normal 0 -0 1
    outer loop
      vertex 26.6673 -29.6683 4
      vertex 48.3327 -29.6683 4
      vertex 26.5706 -29.3494 4
    endloop
  endfacet
  facet normal -0 0 1
    outer loop
      vertex 26.7 -30 4
      vertex 26.6673 -30.3316 4
      vertex 48.3 -30 4
    endloop
  endfacet
  facet normal 0 0 1
    outer loop
      vertex 48.3327 -29.6683 4
      vertex 26.6673 -29.6683 4
      vertex 48.3 -30 4
    endloop
  endfacet
  facet normal 0 0 1
    outer loop
      vertex 25.9445 -31.4135 4
      vertex 48.7979 -31.2021 4
      vertex 26.2021 -31.2021 4
    endloop
  endfacet
  facet normal 0 0 1
    outer loop
      vertex 49.0555 -31.4135 4
      vertex 48.7979 -31.2021 4
      vertex 25.9445 -31.4135 4
    endloop
  endfacet
  facet normal 0 -0 1
    outer loop
      vertex 55.5706 -60.3494 4
      vertex 60.2289 -60.0466 4
      vertex 55.4135 -60.0555 4
    endloop
  endfacet
  facet normal 0 0 1
    outer loop
      vertex 44.2274 -16.8776 4
      vertex 43.865 -16.7275 4
      vertex 48.4294 -29.3494 4
    endloop
  endfacet
  facet normal 0 0 1
    outer loop
      vertex 62.1 -58.9 4
      vertex 51.4135 -30.9445 4
      vertex 51.2021 -31.2021 4
    endloop
  endfacet
  facet normal 0 0 1
    outer loop
      vertex 52.3327 -61.3316 4
      vertex 24.6683 -31.6673 4
      vertex 24.3494 -31.5706 4
    endloop
  endfacet
  facet normal 0 0 1
    outer loop
      vertex 60.6151 -59.5151 4
      vertex 54.9445 -59.5865 4
      vertex 55.2021 -59.7979 4
    endloop
  endfacet
  facet normal 0 0 1
    outer loop
      vertex 52.3 -61 4
      vertex 24.6683 -31.6673 4
      vertex 52.3327 -61.3316 4
    endloop
  endfacet
  facet normal 0 0 1
    outer loop
      vertex 52.3327 -61.3316 4
      vertex 0.33165 -31.6673 4
      vertex 52.4294 -61.6506 4
    endloop
  endfacet
  facet normal 0 0 1
    outer loop
      vertex 44.2274 -16.8776 4
      vertex 48.4294 -29.3494 4
      vertex 48.5865 -29.0555 4
    endloop
  endfacet
  facet normal -0 0 1
    outer loop
      vertex 55.6673 -60.6683 4
      vertex 60.0258 -60.6715 4
      vertex 60.1028 -60.3511 4
    endloop
  endfacet
  facet normal -0 0 1
    outer loop
      vertex 26.4135 -30.9445 4
      vertex 26.2021 -31.2021 4
      vertex 48.5865 -30.9445 4
    endloop
  endfacet
  facet normal 0 0 1
    outer loop
      vertex 45.7725 -16.8776 4
      vertex 45.3911 -16.9692 4
      vertex 49.3494 -28.4294 4
    endloop
  endfacet
  facet normal 0 0 1
    outer loop
      vertex 26.4135 -30.9445 4
      vertex 48.5865 -30.9445 4
      vertex 48.4294 -30.6506 4
    endloop
  endfacet
  facet normal 0 0 1
    outer loop
      vertex 26.4135 -30.9445 4
      vertex 48.4294 -30.6506 4
      vertex 26.5706 -30.6506 4
    endloop
  endfacet
  facet normal 0 0 1
    outer loop
      vertex 48.4294 -30.6506 4
      vertex 48.3327 -30.3316 4
      vertex 26.5706 -30.6506 4
    endloop
  endfacet
  facet normal 0 0 1
    outer loop
      vertex 48.3327 -30.3316 4
      vertex 26.6673 -30.3316 4
      vertex 26.5706 -30.6506 4
    endloop
  endfacet
  facet normal 0 0 1
    outer loop
      vertex 48.3 -30 4
      vertex 26.6673 -30.3316 4
      vertex 48.3327 -30.3316 4
    endloop
  endfacet
  facet normal 0 0 1
    outer loop
      vertex 43.5305 -16.5225 4
      vertex 26.5706 -29.3494 4
      vertex 48.4294 -29.3494 4
    endloop
  endfacet
  facet normal -0 0 1
    outer loop
      vertex 45 -17 4
      vertex 49.0555 -28.5865 4
      vertex 45.3911 -16.9692 4
    endloop
  endfacet
  facet normal 0 0 1
    outer loop
      vertex 45.7725 -16.8776 4
      vertex 49.3494 -28.4294 4
      vertex 49.6683 -28.3327 4
    endloop
  endfacet
  facet normal 0 0 1
    outer loop
      vertex 46.135 -16.7275 4
      vertex 49.6683 -28.3327 4
      vertex 50 -28.3 4
    endloop
  endfacet
  facet normal -0 0 1
    outer loop
      vertex 46.135 -16.7275 4
      vertex 50 -28.3 4
      vertex 46.4695 -16.5225 4
    endloop
  endfacet
  facet normal -0 0 1
    outer loop
      vertex 47.3776 -15.2725 4
      vertex 51.2021 -28.7979 4
      vertex 47.4692 -14.8911 4
    endloop
  endfacet
  facet normal 0 0 1
    outer loop
      vertex 50.3316 -28.3327 4
      vertex 46.7678 -16.2678 4
      vertex 46.4695 -16.5225 4
    endloop
  endfacet
  facet normal 0 0 1
    outer loop
      vertex 47.0225 -15.9695 4
      vertex 46.7678 -16.2678 4
      vertex 50.3316 -28.3327 4
    endloop
  endfacet
  facet normal -0 0 1
    outer loop
      vertex 47.0225 -15.9695 4
      vertex 50.6506 -28.4294 4
      vertex 47.2275 -15.635 4
    endloop
  endfacet
  facet normal 0 0 1
    outer loop
      vertex 47.0225 -15.9695 4
      vertex 50.3316 -28.3327 4
      vertex 50.6506 -28.4294 4
    endloop
  endfacet
  facet normal -0 0 1
    outer loop
      vertex 47.4692 -14.8911 4
      vertex 51.4135 -29.0555 4
      vertex 47.5 -14.5 4
    endloop
  endfacet
  facet normal 0 -0 1
    outer loop
      vertex 51.4135 -29.0555 4
      vertex 103.333 -19.6683 4
      vertex 47.5 -14.5 4
    endloop
  endfacet
  facet normal 0 0 1
    outer loop
      vertex 51.5706 -29.3494 4
      vertex 103.3 -20 4
      vertex 103.333 -19.6683 4
    endloop
  endfacet
  facet normal 0 -0 1
    outer loop
      vertex 51.6673 -29.6683 4
      vertex 103.3 -20 4
      vertex 51.5706 -29.3494 4
    endloop
  endfacet
  facet normal 0 -0 1
    outer loop
      vertex 51.7 -30 4
      vertex 103.333 -20.3316 4
      vertex 51.6673 -29.6683 4
    endloop
  endfacet
  facet normal 0 0 1
    outer loop
      vertex 103.429 -20.6506 4
      vertex 103.333 -20.3316 4
      vertex 51.7 -30 4
    endloop
  endfacet
  facet normal 0 -0 1
    outer loop
      vertex 81.9 -58.9 4
      vertex 103.429 -20.6506 4
      vertex 51.7 -30 4
    endloop
  endfacet
  facet normal 0 0 1
    outer loop
      vertex 81.9 -58.9 4
      vertex 103.586 -20.9445 4
      vertex 103.429 -20.6506 4
    endloop
  endfacet
  facet normal 0 0 1
    outer loop
      vertex 104.349 -21.5706 4
      vertex 90.6506 -59.4294 4
      vertex 104.668 -21.6673 4
    endloop
  endfacet
  facet normal 0 0 1
    outer loop
      vertex 115.341 -74.7694 4
      vertex 110.651 -61.5706 4
      vertex 114.176 -74.9422 4
    endloop
  endfacet
  facet normal 0 -0 1
    outer loop
      vertex 108.798 -58.7979 4
      vertex 109.056 -58.5865 4
      vertex 90.9445 -59.5865 4
    endloop
  endfacet
  facet normal -0 0 1
    outer loop
      vertex 91.2021 -59.7979 4
      vertex 91.4135 -60.0555 4
      vertex 108.586 -59.0555 4
    endloop
  endfacet
  facet normal 0 0 1
    outer loop
      vertex 109.056 -61.4135 4
      vertex 108.798 -61.2021 4
      vertex 113 -75 4
    endloop
  endfacet
  facet normal 0 0 1
    outer loop
      vertex 109.668 -61.6673 4
      vertex 113 -75 4
      vertex 110 -61.7 4
    endloop
  endfacet
  facet normal 0 0 1
    outer loop
      vertex 52.3 -61 4
      vertex 25 -31.7 4
      vertex 24.6683 -31.6673 4
    endloop
  endfacet
  facet normal 0 0 1
    outer loop
      vertex 88.5865 -60.0555 4
      vertex 83.7711 -60.0466 4
      vertex 88.4294 -60.3494 4
    endloop
  endfacet
  facet normal 0 0 1
    outer loop
      vertex 88.3327 -61.3316 4
      vertex 83.8972 -61.6489 4
      vertex 88.4294 -61.6506 4
    endloop
  endfacet
  facet normal 0 0 1
    outer loop
      vertex 109.349 -61.5706 4
      vertex 113 -75 4
      vertex 109.668 -61.6673 4
    endloop
  endfacet
  facet normal 0 0 1
    outer loop
      vertex 109.056 -61.4135 4
      vertex 113 -75 4
      vertex 109.349 -61.5706 4
    endloop
  endfacet
  facet normal 0 0 1
    outer loop
      vertex 25.6506 -31.5706 4
      vertex 25.3316 -31.6673 4
      vertex 52.4294 -60.3494 4
    endloop
  endfacet
  facet normal -0 -0 1
    outer loop
      vertex 83.1343 -59.3011 4
      vertex 89.3494 -59.4294 4
      vertex 82.8534 -59.1289 4
    endloop
  endfacet
  facet normal 0 -0 1
    outer loop
      vertex 60.8656 -59.3011 4
      vertex 61.1466 -59.1289 4
      vertex 54.6506 -59.4294 4
    endloop
  endfacet
  facet normal 0 -0 1
    outer loop
      vertex 109.056 -58.5865 4
      vertex 109.349 -58.4294 4
      vertex 104.668 -21.6673 4
    endloop
  endfacet
  facet normal 0 -0 1
    outer loop
      vertex 109.349 -58.4294 4
      vertex 109.668 -58.3327 4
      vertex 105 -21.7 4
    endloop
  endfacet
  facet normal 0 0 1
    outer loop
      vertex 109.668 -58.3327 4
      vertex 105.332 -21.6673 4
      vertex 105 -21.7 4
    endloop
  endfacet
  facet normal 0 0 1
    outer loop
      vertex 110 -58.3 4
      vertex 105.332 -21.6673 4
      vertex 109.668 -58.3327 4
    endloop
  endfacet
  facet normal 0 0 1
    outer loop
      vertex 105.651 -21.5706 4
      vertex 105.332 -21.6673 4
      vertex 110 -58.3 4
    endloop
  endfacet
  facet normal 0 0 1
    outer loop
      vertex 105.651 -21.5706 4
      vertex 110 -58.3 4
      vertex 110.332 -58.3327 4
    endloop
  endfacet
  facet normal -0 0 1
    outer loop
      vertex 105.651 -21.5706 4
      vertex 110.332 -58.3327 4
      vertex 105.944 -21.4135 4
    endloop
  endfacet
  facet normal -0 -0 1
    outer loop
      vertex 110.332 -58.3327 4
      vertex 110.651 -58.4294 4
      vertex 105.944 -21.4135 4
    endloop
  endfacet
  facet normal 0 0 1
    outer loop
      vertex 110.651 -58.4294 4
      vertex 106.202 -21.2021 4
      vertex 105.944 -21.4135 4
    endloop
  endfacet
  facet normal 0 0 1
    outer loop
      vertex 110.944 -58.5865 4
      vertex 106.202 -21.2021 4
      vertex 110.651 -58.4294 4
    endloop
  endfacet
  facet normal 0 0 1
    outer loop
      vertex 125 -63 4
      vertex 106.202 -21.2021 4
      vertex 110.944 -58.5865 4
    endloop
  endfacet
  facet normal 0 0 1
    outer loop
      vertex 125 -63 4
      vertex 110.944 -58.5865 4
      vertex 111.202 -58.7979 4
    endloop
  endfacet
  facet normal 0 0 1
    outer loop
      vertex 125 -63 4
      vertex 111.202 -58.7979 4
      vertex 111.413 -59.0555 4
    endloop
  endfacet
  facet normal 0 0 1
    outer loop
      vertex 111.667 -59.6683 4
      vertex 111.7 -60 4
      vertex 125 -63 4
    endloop
  endfacet
  facet normal 0 -0 1
    outer loop
      vertex 124.942 -64.1762 4
      vertex 125 -63 4
      vertex 111.571 -60.6506 4
    endloop
  endfacet
  facet normal 0 -0 1
    outer loop
      vertex 124.483 -66.4834 4
      vertex 124.769 -65.3411 4
      vertex 111.413 -60.9445 4
    endloop
  endfacet
  facet normal 0 0 1
    outer loop
      vertex 123.583 -68.6568 4
      vertex 111.413 -60.9445 4
      vertex 122.978 -69.6668 4
    endloop
  endfacet
  facet normal 0 0 1
    outer loop
      vertex 122.276 -70.6127 4
      vertex 111.202 -61.2021 4
      vertex 121.485 -71.4853 4
    endloop
  endfacet
  facet normal 0 0 1
    outer loop
      vertex 111.202 -61.2021 4
      vertex 110.944 -61.4135 4
      vertex 119.667 -72.9776 4
    endloop
  endfacet
  facet normal 0 0 1
    outer loop
      vertex 110.944 -61.4135 4
      vertex 116.483 -74.4833 4
      vertex 117.592 -74.0865 4
    endloop
  endfacet
  facet normal -0 0 1
    outer loop
      vertex 110.651 -61.5706 4
      vertex 115.341 -74.7694 4
      vertex 110.944 -61.4135 4
    endloop
  endfacet
  facet normal 0 -0 1
    outer loop
      vertex 113 -75 4
      vertex 114.176 -74.9422 4
      vertex 110.651 -61.5706 4
    endloop
  endfacet
  facet normal 0 0 1
    outer loop
      vertex 113 -75 4
      vertex 110.332 -61.6673 4
      vertex 110 -61.7 4
    endloop
  endfacet
  facet normal 0 0 1
    outer loop
      vertex 113 -75 4
      vertex 110.651 -61.5706 4
      vertex 110.332 -61.6673 4
    endloop
  endfacet
  facet normal 0 0 1
    outer loop
      vertex -110.651 -58.4294 4
      vertex -110.332 -58.3327 4
      vertex -105.944 -21.4135 4
    endloop
  endfacet
  facet normal 0 0 1
    outer loop
      vertex -90 -62.7 4
      vertex -90.3316 -62.6673 4
      vertex -113 -75 4
    endloop
  endfacet
  facet normal -0 0 1
    outer loop
      vertex -124.087 -67.5922 4
      vertex -123.583 -68.6568 4
      vertex -111.413 -60.9445 4
    endloop
  endfacet
  facet normal 0 0 1
    outer loop
      vertex -105.651 -21.5706 4
      vertex -105.944 -21.4135 4
      vertex -110.332 -58.3327 4
    endloop
  endfacet
  facet normal 0 -0 1
    outer loop
      vertex -124.087 -67.5922 4
      vertex -111.413 -60.9445 4
      vertex -124.483 -66.4834 4
    endloop
  endfacet
  facet normal 0 0 1
    outer loop
      vertex -111.413 -60.9445 4
      vertex -124.769 -65.3411 4
      vertex -124.483 -66.4834 4
    endloop
  endfacet
  facet normal 0 0 1
    outer loop
      vertex -111.571 -60.6506 4
      vertex -124.769 -65.3411 4
      vertex -111.413 -60.9445 4
    endloop
  endfacet
  facet normal -0 0 1
    outer loop
      vertex -124.942 -64.1762 4
      vertex -124.769 -65.3411 4
      vertex -111.571 -60.6506 4
    endloop
  endfacet
  facet normal 0 -0 1
    outer loop
      vertex -124.942 -64.1762 4
      vertex -111.571 -60.6506 4
      vertex -125 -63 4
    endloop
  endfacet
  facet normal 0 0 1
    outer loop
      vertex -111.571 -60.6506 4
      vertex -111.667 -60.3316 4
      vertex -125 -63 4
    endloop
  endfacet
  facet normal 0 0 1
    outer loop
      vertex -111.667 -60.3316 4
      vertex -111.7 -60 4
      vertex -125 -63 4
    endloop
  endfacet
  facet normal 0 -0 1
    outer loop
      vertex -111.7 -60 4
      vertex -111.667 -59.6683 4
      vertex -125 -63 4
    endloop
  endfacet
  facet normal 0 0 1
    outer loop
      vertex -105.651 -21.5706 4
      vertex -110.332 -58.3327 4
      vertex -110 -58.3 4
    endloop
  endfacet
  facet normal 0 0 1
    outer loop
      vertex -105.332 -21.6673 4
      vertex -110 -58.3 4
      vertex -109.668 -58.3327 4
    endloop
  endfacet
  facet normal -0 0 1
    outer loop
      vertex -108.586 -60.9445 4
      vertex -91.5706 -61.6506 4
      vertex -108.429 -60.6506 4
    endloop
  endfacet
  facet normal 0 0 1
    outer loop
      vertex -109.668 -58.3327 4
      vertex -105 -21.7 4
      vertex -105.332 -21.6673 4
    endloop
  endfacet
  facet normal 0 0 1
    outer loop
      vertex -104.668 -21.6673 4
      vertex -105 -21.7 4
      vertex -109.349 -58.4294 4
    endloop
  endfacet
  facet normal 0 -0 1
    outer loop
      vertex -109.349 -58.4294 4
      vertex -105 -21.7 4
      vertex -109.668 -58.3327 4
    endloop
  endfacet
  facet normal 0 0 1
    outer loop
      vertex -88.7979 -59.7979 4
      vertex -83.5989 -59.7656 4
      vertex -83.3849 -59.5151 4
    endloop
  endfacet
  facet normal 0 -0 1
    outer loop
      vertex -83.9741 -60.6715 4
      vertex -83.8972 -60.3511 4
      vertex -88.3327 -60.6683 4
    endloop
  endfacet
  facet normal 0 0 1
    outer loop
      vertex -108.586 -60.9445 4
      vertex -91.4135 -61.9445 4
      vertex -91.5706 -61.6506 4
    endloop
  endfacet
  facet normal 0 0 1
    outer loop
      vertex -103.586 -20.9445 4
      vertex -103.798 -21.2021 4
      vertex -82.2285 -58.9258 4
    endloop
  endfacet
  facet normal 0 0 1
    outer loop
      vertex -113 -75 4
      vertex -90.3316 -62.6673 4
      vertex -90.6506 -62.5706 4
    endloop
  endfacet
  facet normal -0 0 1
    outer loop
      vertex -81.9 -63.1 4
      vertex -113 -75 4
      vertex -62.1 -63.1 4
    endloop
  endfacet
  facet normal 0 0 1
    outer loop
      vertex -62.1 -58.9 4
      vertex -51.2021 -31.2021 4
      vertex -51.4135 -30.9445 4
    endloop
  endfacet
  facet normal 0 0 1
    outer loop
      vertex -83.7711 -61.9534 4
      vertex -88.4294 -61.6506 4
      vertex -88.5865 -61.9445 4
    endloop
  endfacet
  facet normal 0 0 1
    outer loop
      vertex -50.9445 -31.4135 4
      vertex -51.2021 -31.2021 4
      vertex -62.1 -58.9 4
    endloop
  endfacet
  facet normal 0 0 1
    outer loop
      vertex -83.3849 -62.4849 4
      vertex -83.5989 -62.2343 4
      vertex -88.7979 -62.2021 4
    endloop
  endfacet
  facet normal 0 0 1
    outer loop
      vertex -50.9445 -31.4135 4
      vertex -62.1 -58.9 4
      vertex -61.7715 -58.9258 4
    endloop
  endfacet
  facet normal 0 0 1
    outer loop
      vertex -89.0555 -62.4135 4
      vertex -83.1343 -62.6989 4
      vertex -83.3849 -62.4849 4
    endloop
  endfacet
  facet normal 0 0 1
    outer loop
      vertex -82.2285 -63.0741 4
      vertex -113 -75 4
      vertex -81.9 -63.1 4
    endloop
  endfacet
  facet normal -0 0 1
    outer loop
      vertex -109.056 -61.4135 4
      vertex -113 -75 4
      vertex -108.798 -61.2021 4
    endloop
  endfacet
  facet normal -0 0 1
    outer loop
      vertex -109.349 -61.5706 4
      vertex -113 -75 4
      vertex -109.056 -61.4135 4
    endloop
  endfacet
  facet normal -0 0 1
    outer loop
      vertex -109.668 -61.6673 4
      vertex -113 -75 4
      vertex -109.349 -61.5706 4
    endloop
  endfacet
  facet normal -0 0 1
    outer loop
      vertex -110 -61.7 4
      vertex -113 -75 4
      vertex -109.668 -61.6673 4
    endloop
  endfacet
  facet normal -0 0 1
    outer loop
      vertex 62.1 -63.1 4
      vertex 113 -75 4
      vertex 81.9 -63.1 4
    endloop
  endfacet
  facet normal 0 0 1
    outer loop
      vertex 61.7715 -63.0741 4
      vertex 54 -62.7 4
      vertex 62.1 -63.1 4
    endloop
  endfacet
  facet normal 0 0 1
    outer loop
      vertex -113 -75 4
      vertex 113 -75 4
      vertex 53.6683 -62.6673 4
    endloop
  endfacet
  facet normal 0 0 1
    outer loop
      vertex 54.9445 -62.4135 4
      vertex 60.8656 -62.6989 4
      vertex 60.6151 -62.4849 4
    endloop
  endfacet
  facet normal 0 0 1
    outer loop
      vertex -25.9445 -31.4135 4
      vertex -52.7979 -59.7979 4
      vertex -52.5865 -60.0555 4
    endloop
  endfacet
  facet normal 0 0 1
    outer loop
      vertex -55.2021 -62.2021 4
      vertex -55.4135 -61.9445 4
      vertex -60.4011 -62.2343 4
    endloop
  endfacet
  facet normal -0 0 1
    outer loop
      vertex -53.0555 -59.5865 4
      vertex -52.7979 -59.7979 4
      vertex -49.3494 -31.5706 4
    endloop
  endfacet
  facet normal 0 0 1
    outer loop
      vertex 52.3327 -61.3316 4
      vertex 0.650558 -31.5706 4
      vertex 0.33165 -31.6673 4
    endloop
  endfacet
  facet normal 0 0 1
    outer loop
      vertex 60.4011 -59.7656 4
      vertex 55.2021 -59.7979 4
      vertex 55.4135 -60.0555 4
    endloop
  endfacet
  facet normal 0 0 1
    outer loop
      vertex 55.2021 -59.7979 4
      vertex 60.4011 -59.7656 4
      vertex 60.6151 -59.5151 4
    endloop
  endfacet
  facet normal -0 0 1
    outer loop
      vertex 0.650558 -31.5706 4
      vertex 52.3327 -61.3316 4
      vertex 24.3494 -31.5706 4
    endloop
  endfacet
  facet normal 0 0 1
    outer loop
      vertex 25.9445 -31.4135 4
      vertex 52.5865 -60.0555 4
      vertex 52.7979 -59.7979 4
    endloop
  endfacet
  facet normal 0 0 1
    outer loop
      vertex 61.451 -59.0028 4
      vertex 54.3316 -59.3327 4
      vertex 54.6506 -59.4294 4
    endloop
  endfacet
  facet normal -0 0 1
    outer loop
      vertex 25.9445 -31.4135 4
      vertex 52.7979 -59.7979 4
      vertex 49.0555 -31.4135 4
    endloop
  endfacet
  facet normal 0 0 1
    outer loop
      vertex 52.7979 -59.7979 4
      vertex 49.3494 -31.5706 4
      vertex 49.0555 -31.4135 4
    endloop
  endfacet
  facet normal 0 0 1
    outer loop
      vertex 49.6683 -31.6673 4
      vertex 49.3494 -31.5706 4
      vertex 53.0555 -59.5865 4
    endloop
  endfacet
  facet normal -0 0 1
    outer loop
      vertex 50.6506 -31.5706 4
      vertex 61.451 -59.0028 4
      vertex 50.9445 -31.4135 4
    endloop
  endfacet
  facet normal 0 -0 1
    outer loop
      vertex 61.451 -59.0028 4
      vertex 61.7715 -58.9258 4
      vertex 50.9445 -31.4135 4
    endloop
  endfacet
  facet normal 0 -0 1
    outer loop
      vertex 61.7715 -58.9258 4
      vertex 62.1 -58.9 4
      vertex 50.9445 -31.4135 4
    endloop
  endfacet
  facet normal 0 0 1
    outer loop
      vertex 62.1 -58.9 4
      vertex 51.2021 -31.2021 4
      vertex 50.9445 -31.4135 4
    endloop
  endfacet
  facet normal 0 0 1
    outer loop
      vertex 51.5706 -30.6506 4
      vertex 51.4135 -30.9445 4
      vertex 62.1 -58.9 4
    endloop
  endfacet
  facet normal 0 0 1
    outer loop
      vertex 51.5706 -30.6506 4
      vertex 62.1 -58.9 4
      vertex 81.9 -58.9 4
    endloop
  endfacet
  facet normal -0 0 1
    outer loop
      vertex 51.5706 -30.6506 4
      vertex 81.9 -58.9 4
      vertex 51.6673 -30.3316 4
    endloop
  endfacet
  facet normal 0 -0 1
    outer loop
      vertex 84 -61 4
      vertex 88.3 -61 4
      vertex 83.9741 -60.6715 4
    endloop
  endfacet
  facet normal -0 0 1
    outer loop
      vertex 83.9741 -61.3285 4
      vertex 88.3327 -61.3316 4
      vertex 88.3 -61 4
    endloop
  endfacet
  facet normal 0 0 1
    outer loop
      vertex 83.8972 -61.6489 4
      vertex 88.3327 -61.3316 4
      vertex 83.9741 -61.3285 4
    endloop
  endfacet
  facet normal 0 0 1
    outer loop
      vertex 90.6506 -59.4294 4
      vertex 109.056 -58.5865 4
      vertex 104.668 -21.6673 4
    endloop
  endfacet
  facet normal -0 0 1
    outer loop
      vertex 90.6506 -59.4294 4
      vertex 90.9445 -59.5865 4
      vertex 109.056 -58.5865 4
    endloop
  endfacet
  facet normal 0 0 1
    outer loop
      vertex 83.8972 -61.6489 4
      vertex 83.7711 -61.9534 4
      vertex 88.4294 -61.6506 4
    endloop
  endfacet
  facet normal -0 0 1
    outer loop
      vertex 90.9445 -59.5865 4
      vertex 91.2021 -59.7979 4
      vertex 108.798 -58.7979 4
    endloop
  endfacet
  facet normal 0 0 1
    outer loop
      vertex 88.7979 -62.2021 4
      vertex 88.5865 -61.9445 4
      vertex 83.5989 -62.2343 4
    endloop
  endfacet
  facet normal 0 0 1
    outer loop
      vertex 89.0555 -62.4135 4
      vertex 88.7979 -62.2021 4
      vertex 83.3849 -62.4849 4
    endloop
  endfacet
  facet normal 0 0 1
    outer loop
      vertex 91.5706 -60.3494 4
      vertex 108.333 -59.6683 4
      vertex 108.429 -59.3494 4
    endloop
  endfacet
  facet normal -0 0 1
    outer loop
      vertex 83.3849 -62.4849 4
      vertex 83.1343 -62.6989 4
      vertex 89.0555 -62.4135 4
    endloop
  endfacet
  facet normal 0 0 1
    outer loop
      vertex 108.3 -60 4
      vertex 91.6673 -60.6683 4
      vertex 91.7 -61 4
    endloop
  endfacet
  facet normal 0 0 1
    outer loop
      vertex 108.586 -60.9445 4
      vertex 91.5706 -61.6506 4
      vertex 91.4135 -61.9445 4
    endloop
  endfacet
  facet normal 0 0 1
    outer loop
      vertex 82.5489 -62.9972 4
      vertex 89.3494 -62.5706 4
      vertex 82.8534 -62.8711 4
    endloop
  endfacet
  facet normal 0 0 1
    outer loop
      vertex 89.6683 -62.6673 4
      vertex 89.3494 -62.5706 4
      vertex 82.5489 -62.9972 4
    endloop
  endfacet
  facet normal 0 0 1
    outer loop
      vertex 89.6683 -62.6673 4
      vertex 82.5489 -62.9972 4
      vertex 82.2285 -63.0741 4
    endloop
  endfacet
  facet normal 0 0 1
    outer loop
      vertex 89.6683 -62.6673 4
      vertex 82.2285 -63.0741 4
      vertex 90 -62.7 4
    endloop
  endfacet
  facet normal -0 0 1
    outer loop
      vertex 82.2285 -63.0741 4
      vertex 113 -75 4
      vertex 90 -62.7 4
    endloop
  endfacet
  facet normal -0 0 1
    outer loop
      vertex 81.9 -63.1 4
      vertex 113 -75 4
      vertex 82.2285 -63.0741 4
    endloop
  endfacet
  facet normal 0 0 1
    outer loop
      vertex -54.6506 -59.4294 4
      vertex -61.1466 -59.1289 4
      vertex -60.8656 -59.3011 4
    endloop
  endfacet
  facet normal 0 0 1
    outer loop
      vertex 54.3316 -62.6673 4
      vertex 61.7715 -63.0741 4
      vertex 61.451 -62.9972 4
    endloop
  endfacet
  facet normal 0 0 1
    outer loop
      vertex -82.2285 -63.0741 4
      vertex -82.5489 -62.9972 4
      vertex -89.6683 -62.6673 4
    endloop
  endfacet
  facet normal 0 0 1
    outer loop
      vertex -82.5489 -62.9972 4
      vertex -82.8534 -62.8711 4
      vertex -89.3494 -62.5706 4
    endloop
  endfacet
  facet normal 0 -0 1
    outer loop
      vertex -88.4294 -60.3494 4
      vertex -83.7711 -60.0466 4
      vertex -88.5865 -60.0555 4
    endloop
  endfacet
  facet normal 0 0 1
    outer loop
      vertex -108.798 -61.2021 4
      vertex -113 -75 4
      vertex -91.2021 -62.2021 4
    endloop
  endfacet
  facet normal 0 0 1
    outer loop
      vertex -83.5989 -59.7656 4
      vertex -88.7979 -59.7979 4
      vertex -88.5865 -60.0555 4
    endloop
  endfacet
  facet normal 0 0 1
    outer loop
      vertex -108.798 -61.2021 4
      vertex -91.2021 -62.2021 4
      vertex -91.4135 -61.9445 4
    endloop
  endfacet
  facet normal 0 -0 1
    outer loop
      vertex -88.7979 -59.7979 4
      vertex -83.3849 -59.5151 4
      vertex -89.0555 -59.5865 4
    endloop
  endfacet
  facet normal -0 0 1
    outer loop
      vertex -108.798 -61.2021 4
      vertex -91.4135 -61.9445 4
      vertex -108.586 -60.9445 4
    endloop
  endfacet
  facet normal 0 -0 1
    outer loop
      vertex -83.1343 -59.3011 4
      vertex -82.8534 -59.1289 4
      vertex -89.3494 -59.4294 4
    endloop
  endfacet
  facet normal 0 -0 1
    outer loop
      vertex -82.8534 -59.1289 4
      vertex -82.5489 -59.0028 4
      vertex -89.3494 -59.4294 4
    endloop
  endfacet
  facet normal 0 0 1
    outer loop
      vertex -91.6673 -61.3316 4
      vertex -108.429 -60.6506 4
      vertex -91.5706 -61.6506 4
    endloop
  endfacet
  facet normal 0 0 1
    outer loop
      vertex -91.6673 -61.3316 4
      vertex -108.333 -60.3316 4
      vertex -108.429 -60.6506 4
    endloop
  endfacet
  facet normal 0 0 1
    outer loop
      vertex -108.3 -60 4
      vertex -108.333 -60.3316 4
      vertex -91.7 -61 4
    endloop
  endfacet
  facet normal 0 0 1
    outer loop
      vertex -91.4135 -60.0555 4
      vertex -108.429 -59.3494 4
      vertex -91.5706 -60.3494 4
    endloop
  endfacet
  facet normal 0 0 1
    outer loop
      vertex -103.798 -21.2021 4
      vertex -89.6683 -59.3327 4
      vertex -82.2285 -58.9258 4
    endloop
  endfacet
  facet normal 0 0 1
    outer loop
      vertex -81.9 -58.9 4
      vertex -103.429 -20.6506 4
      vertex -103.586 -20.9445 4
    endloop
  endfacet
  facet normal 0 0 1
    outer loop
      vertex -51.7 -30 4
      vertex -103.429 -20.6506 4
      vertex -81.9 -58.9 4
    endloop
  endfacet
  facet normal 0 0 1
    outer loop
      vertex -51.7 -30 4
      vertex -81.9 -58.9 4
      vertex -51.6673 -30.3316 4
    endloop
  endfacet
  facet normal 0 0 1
    outer loop
      vertex -81.9 -58.9 4
      vertex -51.5706 -30.6506 4
      vertex -51.6673 -30.3316 4
    endloop
  endfacet
  facet normal 0 -0 1
    outer loop
      vertex -62.1 -58.9 4
      vertex -51.5706 -30.6506 4
      vertex -81.9 -58.9 4
    endloop
  endfacet
  facet normal 0 0 1
    outer loop
      vertex -51.4135 -30.9445 4
      vertex -51.5706 -30.6506 4
      vertex -62.1 -58.9 4
    endloop
  endfacet
  facet normal -0 0 1
    outer loop
      vertex -60.0258 -61.3285 4
      vertex -55.6673 -61.3316 4
      vertex -55.7 -61 4
    endloop
  endfacet
  facet normal 0 0 1
    outer loop
      vertex -60.1028 -61.6489 4
      vertex -55.6673 -61.3316 4
      vertex -60.0258 -61.3285 4
    endloop
  endfacet
  facet normal 0 0 1
    outer loop
      vertex -55.5706 -61.6506 4
      vertex -55.6673 -61.3316 4
      vertex -60.1028 -61.6489 4
    endloop
  endfacet
  facet normal 0 0 1
    outer loop
      vertex -54.6506 -59.4294 4
      vertex -61.451 -59.0028 4
      vertex -61.1466 -59.1289 4
    endloop
  endfacet
  facet normal 0 0 1
    outer loop
      vertex -54.3316 -59.3327 4
      vertex -61.451 -59.0028 4
      vertex -54.6506 -59.4294 4
    endloop
  endfacet
  facet normal 0 0 1
    outer loop
      vertex -60.2289 -61.9534 4
      vertex -55.5706 -61.6506 4
      vertex -60.1028 -61.6489 4
    endloop
  endfacet
  facet normal 0 0 1
    outer loop
      vertex -55.4135 -61.9445 4
      vertex -55.5706 -61.6506 4
      vertex -60.2289 -61.9534 4
    endloop
  endfacet
  facet normal -0 0 1
    outer loop
      vertex -50 -31.7 4
      vertex -53.3494 -59.4294 4
      vertex -49.6683 -31.6673 4
    endloop
  endfacet
  facet normal 0 0 1
    outer loop
      vertex -55.2021 -62.2021 4
      vertex -60.4011 -62.2343 4
      vertex -60.6151 -62.4849 4
    endloop
  endfacet
  facet normal 0 0 1
    outer loop
      vertex -55.2021 -62.2021 4
      vertex -60.6151 -62.4849 4
      vertex -54.9445 -62.4135 4
    endloop
  endfacet
  facet normal 0 0 1
    outer loop
      vertex -25.3316 -31.6673 4
      vertex -25.6506 -31.5706 4
      vertex -52.4294 -60.3494 4
    endloop
  endfacet
  facet normal 0 0 1
    outer loop
      vertex -60.8656 -62.6989 4
      vertex -54.6506 -62.5706 4
      vertex -54.9445 -62.4135 4
    endloop
  endfacet
  facet normal 0 0 1
    outer loop
      vertex 52.7979 -62.2021 4
      vertex -53.0555 -62.4135 4
      vertex 53.0555 -62.4135 4
    endloop
  endfacet
  facet normal 0 0 1
    outer loop
      vertex 55.5706 -61.6506 4
      vertex 60.1028 -61.6489 4
      vertex 55.6673 -61.3316 4
    endloop
  endfacet
  facet normal -0 0 1
    outer loop
      vertex 55.4135 -61.9445 4
      vertex 60.2289 -61.9534 4
      vertex 55.5706 -61.6506 4
    endloop
  endfacet
  facet normal 0 0 1
    outer loop
      vertex 60.4011 -62.2343 4
      vertex 55.2021 -62.2021 4
      vertex 60.6151 -62.4849 4
    endloop
  endfacet
  facet normal 0 0 1
    outer loop
      vertex 53.6683 -62.6673 4
      vertex -53.6683 -62.6673 4
      vertex -113 -75 4
    endloop
  endfacet
  facet normal 0 0 1
    outer loop
      vertex -113 -75 4
      vertex -54 -62.7 4
      vertex -62.1 -63.1 4
    endloop
  endfacet
  facet normal 0 0 1
    outer loop
      vertex 61.451 -62.9972 4
      vertex 61.1466 -62.8711 4
      vertex 54.6506 -62.5706 4
    endloop
  endfacet
  facet normal 0 0 1
    outer loop
      vertex 53.6683 -62.6673 4
      vertex 113 -75 4
      vertex 54 -62.7 4
    endloop
  endfacet
  facet normal 0 0 1
    outer loop
      vertex 91.6673 -61.3316 4
      vertex 108.429 -60.6506 4
      vertex 108.333 -60.3316 4
    endloop
  endfacet
  facet normal 0 0 1
    outer loop
      vertex 82.8534 -62.8711 4
      vertex 89.3494 -62.5706 4
      vertex 83.1343 -62.6989 4
    endloop
  endfacet
  facet normal 0 0 1
    outer loop
      vertex 89.0555 -62.4135 4
      vertex 83.1343 -62.6989 4
      vertex 89.3494 -62.5706 4
    endloop
  endfacet
  facet normal -0 0 1
    outer loop
      vertex 84 -61 4
      vertex 83.9741 -61.3285 4
      vertex 88.3 -61 4
    endloop
  endfacet
  facet normal 0 0 1
    outer loop
      vertex 83.7711 -61.9534 4
      vertex 88.5865 -61.9445 4
      vertex 88.4294 -61.6506 4
    endloop
  endfacet
  facet normal -0 0 1
    outer loop
      vertex 83.7711 -61.9534 4
      vertex 83.5989 -62.2343 4
      vertex 88.5865 -61.9445 4
    endloop
  endfacet
  facet normal -0 0 1
    outer loop
      vertex 83.9741 -60.6715 4
      vertex 88.3 -61 4
      vertex 88.3327 -60.6683 4
    endloop
  endfacet
  facet normal 0 0 1
    outer loop
      vertex 91.2021 -59.7979 4
      vertex 108.586 -59.0555 4
      vertex 108.798 -58.7979 4
    endloop
  endfacet
  facet normal 0 0 1
    outer loop
      vertex 88.3327 -60.6683 4
      vertex 83.8972 -60.3511 4
      vertex 83.9741 -60.6715 4
    endloop
  endfacet
  facet normal -0 0 1
    outer loop
      vertex 83.8972 -60.3511 4
      vertex 88.3327 -60.6683 4
      vertex 88.4294 -60.3494 4
    endloop
  endfacet
  facet normal 0 -0 1
    outer loop
      vertex 83.8972 -60.3511 4
      vertex 88.4294 -60.3494 4
      vertex 83.7711 -60.0466 4
    endloop
  endfacet
  facet normal 0 0 1
    outer loop
      vertex 83.5989 -59.7656 4
      vertex 83.7711 -60.0466 4
      vertex 88.5865 -60.0555 4
    endloop
  endfacet
  facet normal 0 0 1
    outer loop
      vertex 83.5989 -59.7656 4
      vertex 88.5865 -60.0555 4
      vertex 88.7979 -59.7979 4
    endloop
  endfacet
  facet normal -0 -0 1
    outer loop
      vertex 83.3849 -59.5151 4
      vertex 89.0555 -59.5865 4
      vertex 83.1343 -59.3011 4
    endloop
  endfacet
  facet normal -0 -0 1
    outer loop
      vertex 83.5989 -59.7656 4
      vertex 88.7979 -59.7979 4
      vertex 83.3849 -59.5151 4
    endloop
  endfacet
  facet normal 0 0 1
    outer loop
      vertex 82.5489 -59.0028 4
      vertex 82.8534 -59.1289 4
      vertex 89.3494 -59.4294 4
    endloop
  endfacet
  facet normal 0 0 1
    outer loop
      vertex 82.2285 -58.9258 4
      vertex 82.5489 -59.0028 4
      vertex 89.6683 -59.3327 4
    endloop
  endfacet
  facet normal -0 0 1
    outer loop
      vertex 82.2285 -58.9258 4
      vertex 89.6683 -59.3327 4
      vertex 103.798 -21.2021 4
    endloop
  endfacet
  facet normal 0 0 1
    outer loop
      vertex 89.6683 -59.3327 4
      vertex 90 -59.3 4
      vertex 103.798 -21.2021 4
    endloop
  endfacet
  facet normal 0 0 1
    outer loop
      vertex 90 -59.3 4
      vertex 104.056 -21.4135 4
      vertex 103.798 -21.2021 4
    endloop
  endfacet
  facet normal 0 -0 1
    outer loop
      vertex 90.6506 -59.4294 4
      vertex 104.349 -21.5706 4
      vertex 90.3316 -59.3327 4
    endloop
  endfacet
  facet normal 0 0 1
    outer loop
      vertex 90.3316 -59.3327 4
      vertex 104.349 -21.5706 4
      vertex 104.056 -21.4135 4
    endloop
  endfacet
  facet normal 0 0 1
    outer loop
      vertex 91.4135 -60.0555 4
      vertex 108.429 -59.3494 4
      vertex 108.586 -59.0555 4
    endloop
  endfacet
  facet normal 0 -0 1
    outer loop
      vertex 91.5706 -60.3494 4
      vertex 108.429 -59.3494 4
      vertex 91.4135 -60.0555 4
    endloop
  endfacet
  facet normal 0 -0 1
    outer loop
      vertex 91.6673 -60.6683 4
      vertex 108.333 -59.6683 4
      vertex 91.5706 -60.3494 4
    endloop
  endfacet
  facet normal 0 -0 1
    outer loop
      vertex 108.3 -60 4
      vertex 108.333 -59.6683 4
      vertex 91.6673 -60.6683 4
    endloop
  endfacet
  facet normal 0 0 1
    outer loop
      vertex 108.333 -60.3316 4
      vertex 108.3 -60 4
      vertex 91.7 -61 4
    endloop
  endfacet
  facet normal 0 0 1
    outer loop
      vertex 108.333 -60.3316 4
      vertex 91.7 -61 4
      vertex 91.6673 -61.3316 4
    endloop
  endfacet
  facet normal 0 0 1
    outer loop
      vertex 108.429 -60.6506 4
      vertex 91.6673 -61.3316 4
      vertex 91.5706 -61.6506 4
    endloop
  endfacet
  facet normal 0 0 1
    outer loop
      vertex 108.429 -60.6506 4
      vertex 91.5706 -61.6506 4
      vertex 108.586 -60.9445 4
    endloop
  endfacet
  facet normal 0 0 1
    outer loop
      vertex 108.586 -60.9445 4
      vertex 91.4135 -61.9445 4
      vertex 108.798 -61.2021 4
    endloop
  endfacet
  facet normal -0 0 1
    outer loop
      vertex 91.4135 -61.9445 4
      vertex 91.2021 -62.2021 4
      vertex 108.798 -61.2021 4
    endloop
  endfacet
  facet normal -0 0 1
    outer loop
      vertex 91.2021 -62.2021 4
      vertex 113 -75 4
      vertex 108.798 -61.2021 4
    endloop
  endfacet
  facet normal -0 0 1
    outer loop
      vertex 90.9445 -62.4135 4
      vertex 113 -75 4
      vertex 91.2021 -62.2021 4
    endloop
  endfacet
  facet normal -0 0 1
    outer loop
      vertex 90.6506 -62.5706 4
      vertex 113 -75 4
      vertex 90.9445 -62.4135 4
    endloop
  endfacet
  facet normal -0 0 1
    outer loop
      vertex 90.3316 -62.6673 4
      vertex 113 -75 4
      vertex 90.6506 -62.5706 4
    endloop
  endfacet
  facet normal -0 0 1
    outer loop
      vertex 90 -62.7 4
      vertex 113 -75 4
      vertex 90.3316 -62.6673 4
    endloop
  endfacet
  facet normal 0 0 1
    outer loop
      vertex 53.3494 -62.5706 4
      vertex -53.3494 -62.5706 4
      vertex -53.6683 -62.6673 4
    endloop
  endfacet
  facet normal 0 0 1
    outer loop
      vertex -62.1 -63.1 4
      vertex -54 -62.7 4
      vertex -61.7715 -63.0741 4
    endloop
  endfacet
  facet normal 0 0 1
    outer loop
      vertex -61.451 -62.9972 4
      vertex -54.3316 -62.6673 4
      vertex -54.6506 -62.5706 4
    endloop
  endfacet
  facet normal 0 0 1
    outer loop
      vertex 55.4135 -60.0555 4
      vertex 60.2289 -60.0466 4
      vertex 60.4011 -59.7656 4
    endloop
  endfacet
  facet normal 0 0 1
    outer loop
      vertex -0.33165 -31.6673 4
      vertex -52.4294 -61.6506 4
      vertex 0 -31.7 4
    endloop
  endfacet
  facet normal 0 0 1
    outer loop
      vertex -61.451 -62.9972 4
      vertex -54.6506 -62.5706 4
      vertex -61.1466 -62.8711 4
    endloop
  endfacet
  facet normal 0 0 1
    outer loop
      vertex -25 -31.7 4
      vertex -52.3327 -60.6683 4
      vertex -52.3 -61 4
    endloop
  endfacet
  facet normal 0 0 1
    outer loop
      vertex 52.3327 -60.6683 4
      vertex 25 -31.7 4
      vertex 52.3 -61 4
    endloop
  endfacet
  facet normal 0 0 1
    outer loop
      vertex 25.3316 -31.6673 4
      vertex 25 -31.7 4
      vertex 52.3327 -60.6683 4
    endloop
  endfacet
  facet normal 0 0 1
    outer loop
      vertex 25.3316 -31.6673 4
      vertex 52.3327 -60.6683 4
      vertex 52.4294 -60.3494 4
    endloop
  endfacet
  facet normal -0 0 1
    outer loop
      vertex 25.6506 -31.5706 4
      vertex 52.5865 -60.0555 4
      vertex 25.9445 -31.4135 4
    endloop
  endfacet
  facet normal 0 0 1
    outer loop
      vertex 25.6506 -31.5706 4
      vertex 52.4294 -60.3494 4
      vertex 52.5865 -60.0555 4
    endloop
  endfacet
  facet normal 0 0 1
    outer loop
      vertex 53.0555 -59.5865 4
      vertex 49.3494 -31.5706 4
      vertex 52.7979 -59.7979 4
    endloop
  endfacet
  facet normal 0 0 1
    outer loop
      vertex 53.3494 -59.4294 4
      vertex 49.6683 -31.6673 4
      vertex 53.0555 -59.5865 4
    endloop
  endfacet
  facet normal 0 0 1
    outer loop
      vertex 50 -31.7 4
      vertex 49.6683 -31.6673 4
      vertex 53.3494 -59.4294 4
    endloop
  endfacet
  facet normal 0 -0 1
    outer loop
      vertex 54.3316 -59.3327 4
      vertex 61.451 -59.0028 4
      vertex 50.6506 -31.5706 4
    endloop
  endfacet
  facet normal 0 -0 1
    outer loop
      vertex 53.3494 -59.4294 4
      vertex 53.6683 -59.3327 4
      vertex 50 -31.7 4
    endloop
  endfacet
  facet normal 0 0 1
    outer loop
      vertex 53.6683 -59.3327 4
      vertex 50.3316 -31.6673 4
      vertex 50 -31.7 4
    endloop
  endfacet
  facet normal 0 0 1
    outer loop
      vertex 54 -59.3 4
      vertex 50.3316 -31.6673 4
      vertex 53.6683 -59.3327 4
    endloop
  endfacet
  facet normal 0 0 1
    outer loop
      vertex 50.6506 -31.5706 4
      vertex 54 -59.3 4
      vertex 54.3316 -59.3327 4
    endloop
  endfacet
  facet normal 0 0 1
    outer loop
      vertex 50.6506 -31.5706 4
      vertex 50.3316 -31.6673 4
      vertex 54 -59.3 4
    endloop
  endfacet
  facet normal 0 0 1
    outer loop
      vertex 54.9445 -59.5865 4
      vertex 60.6151 -59.5151 4
      vertex 60.8656 -59.3011 4
    endloop
  endfacet
  facet normal -0 0 1
    outer loop
      vertex 54.6506 -59.4294 4
      vertex 54.9445 -59.5865 4
      vertex 60.8656 -59.3011 4
    endloop
  endfacet
  facet normal -0 0 1
    outer loop
      vertex 55.5706 -60.3494 4
      vertex 60.1028 -60.3511 4
      vertex 60.2289 -60.0466 4
    endloop
  endfacet
  facet normal 0 -0 1
    outer loop
      vertex 55.6673 -60.6683 4
      vertex 60.1028 -60.3511 4
      vertex 55.5706 -60.3494 4
    endloop
  endfacet
  facet normal 0 -0 1
    outer loop
      vertex 55.7 -61 4
      vertex 60.0258 -60.6715 4
      vertex 55.6673 -60.6683 4
    endloop
  endfacet
  facet normal 0 -0 1
    outer loop
      vertex 60 -61 4
      vertex 60.0258 -60.6715 4
      vertex 55.7 -61 4
    endloop
  endfacet
  facet normal 0 0 1
    outer loop
      vertex 60.0258 -61.3285 4
      vertex 55.7 -61 4
      vertex 55.6673 -61.3316 4
    endloop
  endfacet
  facet normal 0 0 1
    outer loop
      vertex 60.0258 -61.3285 4
      vertex 55.6673 -61.3316 4
      vertex 60.1028 -61.6489 4
    endloop
  endfacet
  facet normal 0 0 1
    outer loop
      vertex 60.1028 -61.6489 4
      vertex 55.5706 -61.6506 4
      vertex 60.2289 -61.9534 4
    endloop
  endfacet
  facet normal 0 0 1
    outer loop
      vertex 60.2289 -61.9534 4
      vertex 55.4135 -61.9445 4
      vertex 60.4011 -62.2343 4
    endloop
  endfacet
  facet normal 0 0 1
    outer loop
      vertex 55.4135 -61.9445 4
      vertex 55.2021 -62.2021 4
      vertex 60.4011 -62.2343 4
    endloop
  endfacet
  facet normal 0 0 1
    outer loop
      vertex 55.2021 -62.2021 4
      vertex 54.9445 -62.4135 4
      vertex 60.6151 -62.4849 4
    endloop
  endfacet
  facet normal 0 0 1
    outer loop
      vertex 54.9445 -62.4135 4
      vertex 54.6506 -62.5706 4
      vertex 60.8656 -62.6989 4
    endloop
  endfacet
  facet normal 0 0 1
    outer loop
      vertex 54.6506 -62.5706 4
      vertex 61.1466 -62.8711 4
      vertex 60.8656 -62.6989 4
    endloop
  endfacet
  facet normal -0 0 1
    outer loop
      vertex 54.3316 -62.6673 4
      vertex 61.451 -62.9972 4
      vertex 54.6506 -62.5706 4
    endloop
  endfacet
  facet normal -0 0 1
    outer loop
      vertex 54 -62.7 4
      vertex 61.7715 -63.0741 4
      vertex 54.3316 -62.6673 4
    endloop
  endfacet
  facet normal -0 0 1
    outer loop
      vertex -61.451 -62.9972 4
      vertex -61.7715 -63.0741 4
      vertex -54.3316 -62.6673 4
    endloop
  endfacet
  facet normal -0 0 1
    outer loop
      vertex -52.5865 -61.9445 4
      vertex -52.7979 -62.2021 4
      vertex 52.5865 -61.9445 4
    endloop
  endfacet
  facet normal 0 0 1
    outer loop
      vertex -60.8656 -62.6989 4
      vertex -54.9445 -62.4135 4
      vertex -60.6151 -62.4849 4
    endloop
  endfacet
  facet normal 0 0 1
    outer loop
      vertex -60.4011 -62.2343 4
      vertex -55.4135 -61.9445 4
      vertex -60.2289 -61.9534 4
    endloop
  endfacet
  facet normal 0 0 1
    outer loop
      vertex -60.0258 -61.3285 4
      vertex -55.7 -61 4
      vertex -60 -61 4
    endloop
  endfacet
  facet normal 0 0 1
    outer loop
      vertex -55.6673 -60.6683 4
      vertex -60.0258 -60.6715 4
      vertex -55.7 -61 4
    endloop
  endfacet
  facet normal 0 0 1
    outer loop
      vertex -60.1028 -60.3511 4
      vertex -60.0258 -60.6715 4
      vertex -55.6673 -60.6683 4
    endloop
  endfacet
  facet normal -0 0 1
    outer loop
      vertex -60.1028 -60.3511 4
      vertex -55.6673 -60.6683 4
      vertex -55.5706 -60.3494 4
    endloop
  endfacet
  facet normal 0 -0 1
    outer loop
      vertex -60.1028 -60.3511 4
      vertex -55.5706 -60.3494 4
      vertex -60.2289 -60.0466 4
    endloop
  endfacet
  facet normal 0 -0 1
    outer loop
      vertex -55.5706 -60.3494 4
      vertex -55.4135 -60.0555 4
      vertex -60.2289 -60.0466 4
    endloop
  endfacet
  facet normal 0 -0 1
    outer loop
      vertex -55.4135 -60.0555 4
      vertex -55.2021 -59.7979 4
      vertex -60.4011 -59.7656 4
    endloop
  endfacet
  facet normal -0 0 1
    outer loop
      vertex -61.451 -59.0028 4
      vertex -54.3316 -59.3327 4
      vertex -50.6506 -31.5706 4
    endloop
  endfacet
  facet normal 0 0 1
    outer loop
      vertex -54.3316 -59.3327 4
      vertex -54 -59.3 4
      vertex -50.6506 -31.5706 4
    endloop
  endfacet
  facet normal 0 -0 1
    outer loop
      vertex -53.6683 -59.3327 4
      vertex -50.3316 -31.6673 4
      vertex -54 -59.3 4
    endloop
  endfacet
  facet normal 0 0 1
    outer loop
      vertex -54 -59.3 4
      vertex -50.3316 -31.6673 4
      vertex -50.6506 -31.5706 4
    endloop
  endfacet
  facet normal -0 0 1
    outer loop
      vertex -53.6683 -59.3327 4
      vertex -53.3494 -59.4294 4
      vertex -50 -31.7 4
    endloop
  endfacet
  facet normal -0 0 1
    outer loop
      vertex -53.3494 -59.4294 4
      vertex -53.0555 -59.5865 4
      vertex -49.6683 -31.6673 4
    endloop
  endfacet
  facet normal 0 0 1
    outer loop
      vertex -53.0555 -59.5865 4
      vertex -49.3494 -31.5706 4
      vertex -49.6683 -31.6673 4
    endloop
  endfacet
  facet normal 0 0 1
    outer loop
      vertex -52.7979 -59.7979 4
      vertex -49.0555 -31.4135 4
      vertex -49.3494 -31.5706 4
    endloop
  endfacet
  facet normal 0 0 1
    outer loop
      vertex -25.9445 -31.4135 4
      vertex -49.0555 -31.4135 4
      vertex -52.7979 -59.7979 4
    endloop
  endfacet
  facet normal 0 0 1
    outer loop
      vertex -25.6506 -31.5706 4
      vertex -25.9445 -31.4135 4
      vertex -52.5865 -60.0555 4
    endloop
  endfacet
  facet normal 0 0 1
    outer loop
      vertex -25.6506 -31.5706 4
      vertex -52.5865 -60.0555 4
      vertex -52.4294 -60.3494 4
    endloop
  endfacet
  facet normal 0 0 1
    outer loop
      vertex -25.3316 -31.6673 4
      vertex -52.4294 -60.3494 4
      vertex -52.3327 -60.6683 4
    endloop
  endfacet
  facet normal 0 0 1
    outer loop
      vertex -25.3316 -31.6673 4
      vertex -52.3327 -60.6683 4
      vertex -25 -31.7 4
    endloop
  endfacet
  facet normal 0 0 1
    outer loop
      vertex -24.3494 -31.5706 4
      vertex -24.6683 -31.6673 4
      vertex -52.3327 -61.3316 4
    endloop
  endfacet
  facet normal 0 0 1
    outer loop
      vertex -0.650558 -31.5706 4
      vertex -52.3327 -61.3316 4
      vertex -0.33165 -31.6673 4
    endloop
  endfacet
  facet normal -0 0 1
    outer loop
      vertex -52.3327 -61.3316 4
      vertex -52.4294 -61.6506 4
      vertex -0.33165 -31.6673 4
    endloop
  endfacet
  facet normal -0 0 1
    outer loop
      vertex -52.4294 -61.6506 4
      vertex -52.5865 -61.9445 4
      vertex 0 -31.7 4
    endloop
  endfacet
  facet normal 0 0 1
    outer loop
      vertex -52.5865 -61.9445 4
      vertex 52.5865 -61.9445 4
      vertex 0 -31.7 4
    endloop
  endfacet
  facet normal 0 0 1
    outer loop
      vertex -52.7979 -62.2021 4
      vertex 52.7979 -62.2021 4
      vertex 52.5865 -61.9445 4
    endloop
  endfacet
  facet normal 0 0 1
    outer loop
      vertex -53.0555 -62.4135 4
      vertex 52.7979 -62.2021 4
      vertex -52.7979 -62.2021 4
    endloop
  endfacet
  facet normal 0 0 1
    outer loop
      vertex -53.3494 -62.5706 4
      vertex 53.0555 -62.4135 4
      vertex -53.0555 -62.4135 4
    endloop
  endfacet
  facet normal 0 0 1
    outer loop
      vertex 53.3494 -62.5706 4
      vertex 53.0555 -62.4135 4
      vertex -53.3494 -62.5706 4
    endloop
  endfacet
  facet normal 0 0 1
    outer loop
      vertex -113 -75 4
      vertex -53.6683 -62.6673 4
      vertex -54 -62.7 4
    endloop
  endfacet
  facet normal 0 0 1
    outer loop
      vertex 53.6683 -62.6673 4
      vertex 53.3494 -62.5706 4
      vertex -53.6683 -62.6673 4
    endloop
  endfacet
  facet normal 0 0 1
    outer loop
      vertex -82.2285 -63.0741 4
      vertex -90 -62.7 4
      vertex -113 -75 4
    endloop
  endfacet
  facet normal 0 0 1
    outer loop
      vertex -88.3327 -61.3316 4
      vertex -88.4294 -61.6506 4
      vertex -83.8972 -61.6489 4
    endloop
  endfacet
  facet normal 0 0 1
    outer loop
      vertex -90.9445 -62.4135 4
      vertex -91.2021 -62.2021 4
      vertex -113 -75 4
    endloop
  endfacet
  facet normal 0 0 1
    outer loop
      vertex -90.6506 -62.5706 4
      vertex -90.9445 -62.4135 4
      vertex -113 -75 4
    endloop
  endfacet
  facet normal -0 0 1
    outer loop
      vertex -89.6683 -59.3327 4
      vertex -89.3494 -59.4294 4
      vertex -82.5489 -59.0028 4
    endloop
  endfacet
  facet normal 0 0 1
    outer loop
      vertex -108.3 -60 4
      vertex -91.7 -61 4
      vertex -91.6673 -60.6683 4
    endloop
  endfacet
  facet normal -0 -0 1
    outer loop
      vertex -108.3 -60 4
      vertex -91.6673 -60.6683 4
      vertex -108.333 -59.6683 4
    endloop
  endfacet
  facet normal 0 -0 1
    outer loop
      vertex -91.6673 -60.6683 4
      vertex -91.5706 -60.3494 4
      vertex -108.333 -59.6683 4
    endloop
  endfacet
  facet normal 0 0 1
    outer loop
      vertex -91.5706 -60.3494 4
      vertex -108.429 -59.3494 4
      vertex -108.333 -59.6683 4
    endloop
  endfacet
  facet normal 0 0 1
    outer loop
      vertex -91.4135 -60.0555 4
      vertex -108.586 -59.0555 4
      vertex -108.429 -59.3494 4
    endloop
  endfacet
  facet normal 0 0 1
    outer loop
      vertex -91.2021 -59.7979 4
      vertex -108.586 -59.0555 4
      vertex -91.4135 -60.0555 4
    endloop
  endfacet
  facet normal 0 -0 1
    outer loop
      vertex -82.5489 -59.0028 4
      vertex -82.2285 -58.9258 4
      vertex -89.6683 -59.3327 4
    endloop
  endfacet
  facet normal 0 0 1
    outer loop
      vertex -108.798 -58.7979 4
      vertex -108.586 -59.0555 4
      vertex -91.2021 -59.7979 4
    endloop
  endfacet
  facet normal -0 -0 1
    outer loop
      vertex -108.798 -58.7979 4
      vertex -90.9445 -59.5865 4
      vertex -109.056 -58.5865 4
    endloop
  endfacet
  facet normal 0 -0 1
    outer loop
      vertex -90.9445 -59.5865 4
      vertex -90.6506 -59.4294 4
      vertex -109.056 -58.5865 4
    endloop
  endfacet
  facet normal 0 0 1
    outer loop
      vertex -90.6506 -59.4294 4
      vertex -104.349 -21.5706 4
      vertex -104.668 -21.6673 4
    endloop
  endfacet
  facet normal 0 0 1
    outer loop
      vertex -90.3316 -59.3327 4
      vertex -104.349 -21.5706 4
      vertex -90.6506 -59.4294 4
    endloop
  endfacet
  facet normal 0 0 1
    outer loop
      vertex -104.056 -21.4135 4
      vertex -104.349 -21.5706 4
      vertex -90.3316 -59.3327 4
    endloop
  endfacet
  facet normal 0 0 1
    outer loop
      vertex -104.056 -21.4135 4
      vertex -90.3316 -59.3327 4
      vertex -90 -59.3 4
    endloop
  endfacet
  facet normal -0 0 1
    outer loop
      vertex -104.056 -21.4135 4
      vertex -90 -59.3 4
      vertex -103.798 -21.2021 4
    endloop
  endfacet
  facet normal 0 -0 1
    outer loop
      vertex -89.0555 -59.5865 4
      vertex -83.1343 -59.3011 4
      vertex -89.3494 -59.4294 4
    endloop
  endfacet
  facet normal 0 0 1
    outer loop
      vertex -83.5989 -59.7656 4
      vertex -88.5865 -60.0555 4
      vertex -83.7711 -60.0466 4
    endloop
  endfacet
  facet normal 0 0 1
    outer loop
      vertex -83.7711 -60.0466 4
      vertex -88.4294 -60.3494 4
      vertex -83.8972 -60.3511 4
    endloop
  endfacet
  facet normal 0 0 1
    outer loop
      vertex -88.4294 -60.3494 4
      vertex -88.3327 -60.6683 4
      vertex -83.8972 -60.3511 4
    endloop
  endfacet
  facet normal 0 0 1
    outer loop
      vertex -88.3327 -60.6683 4
      vertex -88.3 -61 4
      vertex -83.9741 -60.6715 4
    endloop
  endfacet
  facet normal 0 0 1
    outer loop
      vertex -88.3 -61 4
      vertex -84 -61 4
      vertex -83.9741 -60.6715 4
    endloop
  endfacet
  facet normal 0 0 1
    outer loop
      vertex -88.3327 -61.3316 4
      vertex -83.9741 -61.3285 4
      vertex -88.3 -61 4
    endloop
  endfacet
  facet normal 0 0 1
    outer loop
      vertex -83.8972 -61.6489 4
      vertex -83.9741 -61.3285 4
      vertex -88.3327 -61.3316 4
    endloop
  endfacet
  facet normal 0 0 1
    outer loop
      vertex -83.7711 -61.9534 4
      vertex -83.8972 -61.6489 4
      vertex -88.4294 -61.6506 4
    endloop
  endfacet
  facet normal 0 0 1
    outer loop
      vertex -83.5989 -62.2343 4
      vertex -83.7711 -61.9534 4
      vertex -88.5865 -61.9445 4
    endloop
  endfacet
  facet normal 0 0 1
    outer loop
      vertex -83.5989 -62.2343 4
      vertex -88.5865 -61.9445 4
      vertex -88.7979 -62.2021 4
    endloop
  endfacet
  facet normal 0 0 1
    outer loop
      vertex -83.3849 -62.4849 4
      vertex -88.7979 -62.2021 4
      vertex -89.0555 -62.4135 4
    endloop
  endfacet
  facet normal 0 0 1
    outer loop
      vertex -83.1343 -62.6989 4
      vertex -89.0555 -62.4135 4
      vertex -89.3494 -62.5706 4
    endloop
  endfacet
  facet normal 0 0 1
    outer loop
      vertex -83.1343 -62.6989 4
      vertex -89.3494 -62.5706 4
      vertex -82.8534 -62.8711 4
    endloop
  endfacet
  facet normal 0 0 1
    outer loop
      vertex -89.3494 -62.5706 4
      vertex -89.6683 -62.6673 4
      vertex -82.5489 -62.9972 4
    endloop
  endfacet
  facet normal 0.146721 -0.989178 0
    outer loop
      vertex 115.341 -74.7694 0
      vertex 114.176 -74.9422 4
      vertex 114.176 -74.9422 0
    endloop
  endfacet
  facet normal 0.146721 -0.989178 0
    outer loop
      vertex 115.341 -74.7694 0
      vertex 115.341 -74.7694 4
      vertex 114.176 -74.9422 4
    endloop
  endfacet
  facet normal 0.243015 -0.970022 0
    outer loop
      vertex 116.483 -74.4833 0
      vertex 115.341 -74.7694 4
      vertex 115.341 -74.7694 0
    endloop
  endfacet
  facet normal 0.243015 -0.970022 0
    outer loop
      vertex 116.483 -74.4833 0
      vertex 116.483 -74.4833 4
      vertex 115.341 -74.7694 4
    endloop
  endfacet
  facet normal 0.336885 -0.941546 0
    outer loop
      vertex 117.592 -74.0865 0
      vertex 116.483 -74.4833 4
      vertex 116.483 -74.4833 0
    endloop
  endfacet
  facet normal 0.336885 -0.941546 0
    outer loop
      vertex 117.592 -74.0865 0
      vertex 117.592 -74.0865 4
      vertex 116.483 -74.4833 4
    endloop
  endfacet
  facet normal 0.427342 -0.90409 0
    outer loop
      vertex 118.657 -73.5831 0
      vertex 117.592 -74.0865 4
      vertex 117.592 -74.0865 0
    endloop
  endfacet
  facet normal 0.427342 -0.90409 0
    outer loop
      vertex 118.657 -73.5831 0
      vertex 118.657 -73.5831 4
      vertex 117.592 -74.0865 4
    endloop
  endfacet
  facet normal 0.514184 -0.85768 0
    outer loop
      vertex 119.667 -72.9776 0
      vertex 118.657 -73.5831 4
      vertex 118.657 -73.5831 0
    endloop
  endfacet
  facet normal 0.514184 -0.85768 0
    outer loop
      vertex 119.667 -72.9776 0
      vertex 119.667 -72.9776 4
      vertex 118.657 -73.5831 4
    endloop
  endfacet
  facet normal 0.595644 -0.803249 0
    outer loop
      vertex 120.613 -72.2761 0
      vertex 119.667 -72.9776 4
      vertex 119.667 -72.9776 0
    endloop
  endfacet
  facet normal 0.595644 -0.803249 0
    outer loop
      vertex 120.613 -72.2761 0
      vertex 120.613 -72.2761 4
      vertex 119.667 -72.9776 4
    endloop
  endfacet
  facet normal 0.671776 -0.740754 0
    outer loop
      vertex 121.485 -71.4853 0
      vertex 120.613 -72.2761 4
      vertex 120.613 -72.2761 0
    endloop
  endfacet
  facet normal 0.671776 -0.740754 0
    outer loop
      vertex 121.485 -71.4853 0
      vertex 121.485 -71.4853 4
      vertex 120.613 -72.2761 4
    endloop
  endfacet
  facet normal 0.7409 -0.671616 0
    outer loop
      vertex 122.276 -70.6127 0
      vertex 121.485 -71.4853 4
      vertex 121.485 -71.4853 0
    endloop
  endfacet
  facet normal 0.7409 -0.671616 0
    outer loop
      vertex 122.276 -70.6127 0
      vertex 122.276 -70.6127 4
      vertex 121.485 -71.4853 4
    endloop
  endfacet
  facet normal 0.803015 -0.595958 0
    outer loop
      vertex 122.978 -69.6668 0
      vertex 122.276 -70.6127 4
      vertex 122.276 -70.6127 0
    endloop
  endfacet
  facet normal 0.803015 -0.595958 0
    outer loop
      vertex 122.978 -69.6668 0
      vertex 122.978 -69.6668 4
      vertex 122.276 -70.6127 4
    endloop
  endfacet
  facet normal 0.857867 -0.513871 0
    outer loop
      vertex 123.583 -68.6568 0
      vertex 122.978 -69.6668 4
      vertex 122.978 -69.6668 0
    endloop
  endfacet
  facet normal 0.857867 -0.513871 0
    outer loop
      vertex 123.583 -68.6568 0
      vertex 123.583 -68.6568 4
      vertex 122.978 -69.6668 4
    endloop
  endfacet
  facet normal 0.903831 -0.427889 0
    outer loop
      vertex 124.087 -67.5922 0
      vertex 123.583 -68.6568 4
      vertex 123.583 -68.6568 0
    endloop
  endfacet
  facet normal 0.903831 -0.427889 0
    outer loop
      vertex 124.087 -67.5922 0
      vertex 124.087 -67.5922 4
      vertex 123.583 -68.6568 4
    endloop
  endfacet
  facet normal 0.941742 -0.336336 0
    outer loop
      vertex 124.483 -66.4834 0
      vertex 124.087 -67.5922 4
      vertex 124.087 -67.5922 0
    endloop
  endfacet
  facet normal 0.941742 -0.336336 0
    outer loop
      vertex 124.483 -66.4834 0
      vertex 124.483 -66.4834 4
      vertex 124.087 -67.5922 4
    endloop
  endfacet
  facet normal 0.970058 -0.242875 0
    outer loop
      vertex 124.769 -65.3411 0
      vertex 124.483 -66.4834 4
      vertex 124.483 -66.4834 0
    endloop
  endfacet
  facet normal 0.970058 -0.242875 0
    outer loop
      vertex 124.769 -65.3411 0
      vertex 124.769 -65.3411 4
      vertex 124.483 -66.4834 4
    endloop
  endfacet
  facet normal 0.989151 -0.146899 0
    outer loop
      vertex 124.942 -64.1762 0
      vertex 124.769 -65.3411 4
      vertex 124.769 -65.3411 0
    endloop
  endfacet
  facet normal 0.989151 -0.146899 0
    outer loop
      vertex 124.942 -64.1762 0
      vertex 124.942 -64.1762 4
      vertex 124.769 -65.3411 4
    endloop
  endfacet
  facet normal 0.998786 -0.0492515 0
    outer loop
      vertex 125 -63 0
      vertex 124.942 -64.1762 4
      vertex 124.942 -64.1762 0
    endloop
  endfacet
  facet normal 0.998786 -0.0492515 0
    outer loop
      vertex 125 -63 0
      vertex 125 -63 4
      vertex 124.942 -64.1762 4
    endloop
  endfacet
  facet normal 1 0 0
    outer loop
      vertex 125 63 0
      vertex 125 -63 4
      vertex 125 -63 0
    endloop
  endfacet
  facet normal 1 0 -0
    outer loop
      vertex 125 63 0
      vertex 125 63 4
      vertex 125 -63 4
    endloop
  endfacet
  facet normal 0.998786 0.0492515 0
    outer loop
      vertex 124.942 64.1762 0
      vertex 125 63 4
      vertex 125 63 0
    endloop
  endfacet
  facet normal 0.998786 0.0492515 -0
    outer loop
      vertex 124.942 64.1762 0
      vertex 124.942 64.1762 4
      vertex 125 63 4
    endloop
  endfacet
  facet normal 0.989151 0.146899 0
    outer loop
      vertex 124.769 65.3411 0
      vertex 124.942 64.1762 4
      vertex 124.942 64.1762 0
    endloop
  endfacet
  facet normal 0.989151 0.146899 -0
    outer loop
      vertex 124.769 65.3411 0
      vertex 124.769 65.3411 4
      vertex 124.942 64.1762 4
    endloop
  endfacet
  facet normal 0.970058 0.242875 0
    outer loop
      vertex 124.483 66.4834 0
      vertex 124.769 65.3411 4
      vertex 124.769 65.3411 0
    endloop
  endfacet
  facet normal 0.970058 0.242875 -0
    outer loop
      vertex 124.483 66.4834 0
      vertex 124.483 66.4834 4
      vertex 124.769 65.3411 4
    endloop
  endfacet
  facet normal 0.941742 0.336336 0
    outer loop
      vertex 124.087 67.5922 0
      vertex 124.483 66.4834 4
      vertex 124.483 66.4834 0
    endloop
  endfacet
  facet normal 0.941742 0.336336 -0
    outer loop
      vertex 124.087 67.5922 0
      vertex 124.087 67.5922 4
      vertex 124.483 66.4834 4
    endloop
  endfacet
  facet normal 0.903831 0.427889 0
    outer loop
      vertex 123.583 68.6568 0
      vertex 124.087 67.5922 4
      vertex 124.087 67.5922 0
    endloop
  endfacet
  facet normal 0.903831 0.427889 -0
    outer loop
      vertex 123.583 68.6568 0
      vertex 123.583 68.6568 4
      vertex 124.087 67.5922 4
    endloop
  endfacet
  facet normal 0.857867 0.513871 0
    outer loop
      vertex 122.978 69.6668 0
      vertex 123.583 68.6568 4
      vertex 123.583 68.6568 0
    endloop
  endfacet
  facet normal 0.857867 0.513871 -0
    outer loop
      vertex 122.978 69.6668 0
      vertex 122.978 69.6668 4
      vertex 123.583 68.6568 4
    endloop
  endfacet
  facet normal 0.803015 0.595958 0
    outer loop
      vertex 122.276 70.6127 0
      vertex 122.978 69.6668 4
      vertex 122.978 69.6668 0
    endloop
  endfacet
  facet normal 0.803015 0.595958 -0
    outer loop
      vertex 122.276 70.6127 0
      vertex 122.276 70.6127 4
      vertex 122.978 69.6668 4
    endloop
  endfacet
  facet normal 0.7409 0.671616 0
    outer loop
      vertex 121.485 71.4853 0
      vertex 122.276 70.6127 4
      vertex 122.276 70.6127 0
    endloop
  endfacet
  facet normal 0.7409 0.671616 -0
    outer loop
      vertex 121.485 71.4853 0
      vertex 121.485 71.4853 4
      vertex 122.276 70.6127 4
    endloop
  endfacet
  facet normal 0.671776 0.740754 0
    outer loop
      vertex 120.613 72.2761 0
      vertex 121.485 71.4853 4
      vertex 121.485 71.4853 0
    endloop
  endfacet
  facet normal 0.671776 0.740754 -0
    outer loop
      vertex 120.613 72.2761 0
      vertex 120.613 72.2761 4
      vertex 121.485 71.4853 4
    endloop
  endfacet
  facet normal 0.595644 0.803249 0
    outer loop
      vertex 119.667 72.9776 0
      vertex 120.613 72.2761 4
      vertex 120.613 72.2761 0
    endloop
  endfacet
  facet normal 0.595644 0.803249 -0
    outer loop
      vertex 119.667 72.9776 0
      vertex 119.667 72.9776 4
      vertex 120.613 72.2761 4
    endloop
  endfacet
  facet normal 0.514184 0.85768 0
    outer loop
      vertex 118.657 73.5831 0
      vertex 119.667 72.9776 4
      vertex 119.667 72.9776 0
    endloop
  endfacet
  facet normal 0.514184 0.85768 -0
    outer loop
      vertex 118.657 73.5831 0
      vertex 118.657 73.5831 4
      vertex 119.667 72.9776 4
    endloop
  endfacet
  facet normal 0.427342 0.90409 0
    outer loop
      vertex 117.592 74.0865 0
      vertex 118.657 73.5831 4
      vertex 118.657 73.5831 0
    endloop
  endfacet
  facet normal 0.427342 0.90409 -0
    outer loop
      vertex 117.592 74.0865 0
      vertex 117.592 74.0865 4
      vertex 118.657 73.5831 4
    endloop
  endfacet
  facet normal 0.336885 0.941546 0
    outer loop
      vertex 116.483 74.4833 0
      vertex 117.592 74.0865 4
      vertex 117.592 74.0865 0
    endloop
  endfacet
  facet normal 0.336885 0.941546 -0
    outer loop
      vertex 116.483 74.4833 0
      vertex 116.483 74.4833 4
      vertex 117.592 74.0865 4
    endloop
  endfacet
  facet normal 0.243015 0.970022 0
    outer loop
      vertex 115.341 74.7694 0
      vertex 116.483 74.4833 4
      vertex 116.483 74.4833 0
    endloop
  endfacet
  facet normal 0.243015 0.970022 -0
    outer loop
      vertex 115.341 74.7694 0
      vertex 115.341 74.7694 4
      vertex 116.483 74.4833 4
    endloop
  endfacet
  facet normal 0.146721 0.989178 0
    outer loop
      vertex 114.176 74.9422 0
      vertex 115.341 74.7694 4
      vertex 115.341 74.7694 0
    endloop
  endfacet
  facet normal 0.146721 0.989178 -0
    outer loop
      vertex 114.176 74.9422 0
      vertex 114.176 74.9422 4
      vertex 115.341 74.7694 4
    endloop
  endfacet
  facet normal 0.0490904 0.998794 0
    outer loop
      vertex 113 75 0
      vertex 114.176 74.9422 4
      vertex 114.176 74.9422 0
    endloop
  endfacet
  facet normal 0.0490904 0.998794 -0
    outer loop
      vertex 113 75 0
      vertex 113 75 4
      vertex 114.176 74.9422 4
    endloop
  endfacet
  facet normal 0 1 0
    outer loop
      vertex -113 75 0
      vertex 113 75 4
      vertex 113 75 0
    endloop
  endfacet
  facet normal 0 1 0
    outer loop
      vertex -113 75 0
      vertex -113 75 4
      vertex 113 75 4
    endloop
  endfacet
  facet normal -0.0490904 0.998794 0
    outer loop
      vertex -114.176 74.9422 0
      vertex -113 75 4
      vertex -113 75 0
    endloop
  endfacet
  facet normal -0.0490904 0.998794 0
    outer loop
      vertex -114.176 74.9422 0
      vertex -114.176 74.9422 4
      vertex -113 75 4
    endloop
  endfacet
  facet normal -0.146721 0.989178 0
    outer loop
      vertex -115.341 74.7694 0
      vertex -114.176 74.9422 4
      vertex -114.176 74.9422 0
    endloop
  endfacet
  facet normal -0.146721 0.989178 0
    outer loop
      vertex -115.341 74.7694 0
      vertex -115.341 74.7694 4
      vertex -114.176 74.9422 4
    endloop
  endfacet
  facet normal -0.243015 0.970022 0
    outer loop
      vertex -116.483 74.4833 0
      vertex -115.341 74.7694 4
      vertex -115.341 74.7694 0
    endloop
  endfacet
  facet normal -0.243015 0.970022 0
    outer loop
      vertex -116.483 74.4833 0
      vertex -116.483 74.4833 4
      vertex -115.341 74.7694 4
    endloop
  endfacet
  facet normal -0.336885 0.941546 0
    outer loop
      vertex -117.592 74.0865 0
      vertex -116.483 74.4833 4
      vertex -116.483 74.4833 0
    endloop
  endfacet
  facet normal -0.336885 0.941546 0
    outer loop
      vertex -117.592 74.0865 0
      vertex -117.592 74.0865 4
      vertex -116.483 74.4833 4
    endloop
  endfacet
  facet normal -0.427342 0.90409 0
    outer loop
      vertex -118.657 73.5831 0
      vertex -117.592 74.0865 4
      vertex -117.592 74.0865 0
    endloop
  endfacet
  facet normal -0.427342 0.90409 0
    outer loop
      vertex -118.657 73.5831 0
      vertex -118.657 73.5831 4
      vertex -117.592 74.0865 4
    endloop
  endfacet
  facet normal -0.514184 0.85768 0
    outer loop
      vertex -119.667 72.9776 0
      vertex -118.657 73.5831 4
      vertex -118.657 73.5831 0
    endloop
  endfacet
  facet normal -0.514184 0.85768 0
    outer loop
      vertex -119.667 72.9776 0
      vertex -119.667 72.9776 4
      vertex -118.657 73.5831 4
    endloop
  endfacet
  facet normal -0.595644 0.803249 0
    outer loop
      vertex -120.613 72.2761 0
      vertex -119.667 72.9776 4
      vertex -119.667 72.9776 0
    endloop
  endfacet
  facet normal -0.595644 0.803249 0
    outer loop
      vertex -120.613 72.2761 0
      vertex -120.613 72.2761 4
      vertex -119.667 72.9776 4
    endloop
  endfacet
  facet normal -0.671776 0.740754 0
    outer loop
      vertex -121.485 71.4853 0
      vertex -120.613 72.2761 4
      vertex -120.613 72.2761 0
    endloop
  endfacet
  facet normal -0.671776 0.740754 0
    outer loop
      vertex -121.485 71.4853 0
      vertex -121.485 71.4853 4
      vertex -120.613 72.2761 4
    endloop
  endfacet
  facet normal -0.7409 0.671616 0
    outer loop
      vertex -122.276 70.6127 0
      vertex -121.485 71.4853 4
      vertex -121.485 71.4853 0
    endloop
  endfacet
  facet normal -0.7409 0.671616 0
    outer loop
      vertex -122.276 70.6127 0
      vertex -122.276 70.6127 4
      vertex -121.485 71.4853 4
    endloop
  endfacet
  facet normal -0.803015 0.595958 0
    outer loop
      vertex -122.978 69.6668 0
      vertex -122.276 70.6127 4
      vertex -122.276 70.6127 0
    endloop
  endfacet
  facet normal -0.803015 0.595958 0
    outer loop
      vertex -122.978 69.6668 0
      vertex -122.978 69.6668 4
      vertex -122.276 70.6127 4
    endloop
  endfacet
  facet normal -0.857867 0.513871 0
    outer loop
      vertex -123.583 68.6568 0
      vertex -122.978 69.6668 4
      vertex -122.978 69.6668 0
    endloop
  endfacet
  facet normal -0.857867 0.513871 0
    outer loop
      vertex -123.583 68.6568 0
      vertex -123.583 68.6568 4
      vertex -122.978 69.6668 4
    endloop
  endfacet
  facet normal -0.903831 0.427889 0
    outer loop
      vertex -124.087 67.5922 0
      vertex -123.583 68.6568 4
      vertex -123.583 68.6568 0
    endloop
  endfacet
  facet normal -0.903831 0.427889 0
    outer loop
      vertex -124.087 67.5922 0
      vertex -124.087 67.5922 4
      vertex -123.583 68.6568 4
    endloop
  endfacet
  facet normal -0.941742 0.336336 0
    outer loop
      vertex -124.483 66.4834 0
      vertex -124.087 67.5922 4
      vertex -124.087 67.5922 0
    endloop
  endfacet
  facet normal -0.941742 0.336336 0
    outer loop
      vertex -124.483 66.4834 0
      vertex -124.483 66.4834 4
      vertex -124.087 67.5922 4
    endloop
  endfacet
  facet normal -0.970058 0.242875 0
    outer loop
      vertex -124.769 65.3411 0
      vertex -124.483 66.4834 4
      vertex -124.483 66.4834 0
    endloop
  endfacet
  facet normal -0.970058 0.242875 0
    outer loop
      vertex -124.769 65.3411 0
      vertex -124.769 65.3411 4
      vertex -124.483 66.4834 4
    endloop
  endfacet
  facet normal -0.989151 0.146899 0
    outer loop
      vertex -124.942 64.1762 0
      vertex -124.769 65.3411 4
      vertex -124.769 65.3411 0
    endloop
  endfacet
  facet normal -0.989151 0.146899 0
    outer loop
      vertex -124.942 64.1762 0
      vertex -124.942 64.1762 4
      vertex -124.769 65.3411 4
    endloop
  endfacet
  facet normal -0.998786 0.0492515 0
    outer loop
      vertex -125 63 0
      vertex -124.942 64.1762 4
      vertex -124.942 64.1762 0
    endloop
  endfacet
  facet normal -0.998786 0.0492515 0
    outer loop
      vertex -125 63 0
      vertex -125 63 4
      vertex -124.942 64.1762 4
    endloop
  endfacet
  facet normal -1 0 0
    outer loop
      vertex -125 -63 0
      vertex -125 63 4
      vertex -125 63 0
    endloop
  endfacet
  facet normal -1 0 0
    outer loop
      vertex -125 -63 0
      vertex -125 -63 4
      vertex -125 63 4
    endloop
  endfacet
  facet normal -0.998786 -0.0492515 0
    outer loop
      vertex -124.942 -64.1762 0
      vertex -125 -63 4
      vertex -125 -63 0
    endloop
  endfacet
  facet normal -0.998786 -0.0492515 0
    outer loop
      vertex -124.942 -64.1762 0
      vertex -124.942 -64.1762 4
      vertex -125 -63 4
    endloop
  endfacet
  facet normal -0.989151 -0.146899 0
    outer loop
      vertex -124.769 -65.3411 0
      vertex -124.942 -64.1762 4
      vertex -124.942 -64.1762 0
    endloop
  endfacet
  facet normal -0.989151 -0.146899 0
    outer loop
      vertex -124.769 -65.3411 0
      vertex -124.769 -65.3411 4
      vertex -124.942 -64.1762 4
    endloop
  endfacet
  facet normal -0.970058 -0.242875 0
    outer loop
      vertex -124.483 -66.4834 0
      vertex -124.769 -65.3411 4
      vertex -124.769 -65.3411 0
    endloop
  endfacet
  facet normal -0.970058 -0.242875 0
    outer loop
      vertex -124.483 -66.4834 0
      vertex -124.483 -66.4834 4
      vertex -124.769 -65.3411 4
    endloop
  endfacet
  facet normal -0.941742 -0.336336 0
    outer loop
      vertex -124.087 -67.5922 0
      vertex -124.483 -66.4834 4
      vertex -124.483 -66.4834 0
    endloop
  endfacet
  facet normal -0.941742 -0.336336 0
    outer loop
      vertex -124.087 -67.5922 0
      vertex -124.087 -67.5922 4
      vertex -124.483 -66.4834 4
    endloop
  endfacet
  facet normal -0.903831 -0.427889 0
    outer loop
      vertex -123.583 -68.6568 0
      vertex -124.087 -67.5922 4
      vertex -124.087 -67.5922 0
    endloop
  endfacet
  facet normal -0.903831 -0.427889 0
    outer loop
      vertex -123.583 -68.6568 0
      vertex -123.583 -68.6568 4
      vertex -124.087 -67.5922 4
    endloop
  endfacet
  facet normal -0.857867 -0.513871 0
    outer loop
      vertex -122.978 -69.6668 0
      vertex -123.583 -68.6568 4
      vertex -123.583 -68.6568 0
    endloop
  endfacet
  facet normal -0.857867 -0.513871 0
    outer loop
      vertex -122.978 -69.6668 0
      vertex -122.978 -69.6668 4
      vertex -123.583 -68.6568 4
    endloop
  endfacet
  facet normal -0.803015 -0.595958 0
    outer loop
      vertex -122.276 -70.6127 0
      vertex -122.978 -69.6668 4
      vertex -122.978 -69.6668 0
    endloop
  endfacet
  facet normal -0.803015 -0.595958 0
    outer loop
      vertex -122.276 -70.6127 0
      vertex -122.276 -70.6127 4
      vertex -122.978 -69.6668 4
    endloop
  endfacet
  facet normal -0.7409 -0.671616 0
    outer loop
      vertex -121.485 -71.4853 0
      vertex -122.276 -70.6127 4
      vertex -122.276 -70.6127 0
    endloop
  endfacet
  facet normal -0.7409 -0.671616 0
    outer loop
      vertex -121.485 -71.4853 0
      vertex -121.485 -71.4853 4
      vertex -122.276 -70.6127 4
    endloop
  endfacet
  facet normal -0.671776 -0.740754 0
    outer loop
      vertex -120.613 -72.2761 0
      vertex -121.485 -71.4853 4
      vertex -121.485 -71.4853 0
    endloop
  endfacet
  facet normal -0.671776 -0.740754 0
    outer loop
      vertex -120.613 -72.2761 0
      vertex -120.613 -72.2761 4
      vertex -121.485 -71.4853 4
    endloop
  endfacet
  facet normal -0.595644 -0.803249 0
    outer loop
      vertex -119.667 -72.9776 0
      vertex -120.613 -72.2761 4
      vertex -120.613 -72.2761 0
    endloop
  endfacet
  facet normal -0.595644 -0.803249 0
    outer loop
      vertex -119.667 -72.9776 0
      vertex -119.667 -72.9776 4
      vertex -120.613 -72.2761 4
    endloop
  endfacet
  facet normal -0.514184 -0.85768 0
    outer loop
      vertex -118.657 -73.5831 0
      vertex -119.667 -72.9776 4
      vertex -119.667 -72.9776 0
    endloop
  endfacet
  facet normal -0.514184 -0.85768 0
    outer loop
      vertex -118.657 -73.5831 0
      vertex -118.657 -73.5831 4
      vertex -119.667 -72.9776 4
    endloop
  endfacet
  facet normal -0.427342 -0.90409 0
    outer loop
      vertex -117.592 -74.0865 0
      vertex -118.657 -73.5831 4
      vertex -118.657 -73.5831 0
    endloop
  endfacet
  facet normal -0.427342 -0.90409 0
    outer loop
      vertex -117.592 -74.0865 0
      vertex -117.592 -74.0865 4
      vertex -118.657 -73.5831 4
    endloop
  endfacet
  facet normal -0.336885 -0.941546 0
    outer loop
      vertex -116.483 -74.4833 0
      vertex -117.592 -74.0865 4
      vertex -117.592 -74.0865 0
    endloop
  endfacet
  facet normal -0.336885 -0.941546 0
    outer loop
      vertex -116.483 -74.4833 0
      vertex -116.483 -74.4833 4
      vertex -117.592 -74.0865 4
    endloop
  endfacet
  facet normal -0.243015 -0.970022 0
    outer loop
      vertex -115.341 -74.7694 0
      vertex -116.483 -74.4833 4
      vertex -116.483 -74.4833 0
    endloop
  endfacet
  facet normal -0.243015 -0.970022 0
    outer loop
      vertex -115.341 -74.7694 0
      vertex -115.341 -74.7694 4
      vertex -116.483 -74.4833 4
    endloop
  endfacet
  facet normal -0.146721 -0.989178 0
    outer loop
      vertex -114.176 -74.9422 0
      vertex -115.341 -74.7694 4
      vertex -115.341 -74.7694 0
    endloop
  endfacet
  facet normal -0.146721 -0.989178 0
    outer loop
      vertex -114.176 -74.9422 0
      vertex -114.176 -74.9422 4
      vertex -115.341 -74.7694 4
    endloop
  endfacet
  facet normal -0.0490904 -0.998794 0
    outer loop
      vertex -113 -75 0
      vertex -114.176 -74.9422 4
      vertex -114.176 -74.9422 0
    endloop
  endfacet
  facet normal -0.0490904 -0.998794 0
    outer loop
      vertex -113 -75 0
      vertex -113 -75 4
      vertex -114.176 -74.9422 4
    endloop
  endfacet
  facet normal 0 -1 0
    outer loop
      vertex 113 -75 0
      vertex -113 -75 4
      vertex -113 -75 0
    endloop
  endfacet
  facet normal 0 -1 0
    outer loop
      vertex 113 -75 0
      vertex 113 -75 4
      vertex -113 -75 4
    endloop
  endfacet
  facet normal 0.0490904 -0.998794 0
    outer loop
      vertex 114.176 -74.9422 0
      vertex 113 -75 4
      vertex 113 -75 0
    endloop
  endfacet
  facet normal 0.0490904 -0.998794 0
    outer loop
      vertex 114.176 -74.9422 0
      vertex 114.176 -74.9422 4
      vertex 113 -75 4
    endloop
  endfacet
  facet normal 0.0782977 0.99693 -0
    outer loop
      vertex -82.2285 58.9258 0
      vertex -82.2285 58.9258 4
      vertex -81.9 58.9 0
    endloop
  endfacet
  facet normal 0.0782977 0.99693 0
    outer loop
      vertex -81.9 58.9 4
      vertex -81.9 58.9 0
      vertex -82.2285 58.9258 4
    endloop
  endfacet
  facet normal 0.233671 0.972316 -0
    outer loop
      vertex -82.5489 59.0028 0
      vertex -82.5489 59.0028 4
      vertex -82.2285 58.9258 0
    endloop
  endfacet
  facet normal 0.233671 0.972316 0
    outer loop
      vertex -82.2285 58.9258 4
      vertex -82.2285 58.9258 0
      vertex -82.5489 59.0028 4
    endloop
  endfacet
  facet normal 0.382611 0.92391 -0
    outer loop
      vertex -82.8534 59.1289 0
      vertex -82.8534 59.1289 4
      vertex -82.5489 59.0028 0
    endloop
  endfacet
  facet normal 0.382611 0.92391 0
    outer loop
      vertex -82.5489 59.0028 4
      vertex -82.5489 59.0028 0
      vertex -82.8534 59.1289 4
    endloop
  endfacet
  facet normal 0.52264 0.852553 -0
    outer loop
      vertex -83.1343 59.3011 0
      vertex -83.1343 59.3011 4
      vertex -82.8534 59.1289 0
    endloop
  endfacet
  facet normal 0.52264 0.852553 0
    outer loop
      vertex -82.8534 59.1289 4
      vertex -82.8534 59.1289 0
      vertex -83.1343 59.3011 4
    endloop
  endfacet
  facet normal 0.649391 0.760455 -0
    outer loop
      vertex -83.3849 59.5151 0
      vertex -83.3849 59.5151 4
      vertex -83.1343 59.3011 0
    endloop
  endfacet
  facet normal 0.649391 0.760455 0
    outer loop
      vertex -83.1343 59.3011 4
      vertex -83.1343 59.3011 0
      vertex -83.3849 59.5151 4
    endloop
  endfacet
  facet normal 0.760327 0.649541 -0
    outer loop
      vertex -83.5989 59.7656 0
      vertex -83.5989 59.7656 4
      vertex -83.3849 59.5151 0
    endloop
  endfacet
  facet normal 0.760327 0.649541 0
    outer loop
      vertex -83.3849 59.5151 4
      vertex -83.3849 59.5151 0
      vertex -83.5989 59.7656 4
    endloop
  endfacet
  facet normal 0.852636 0.522505 -0
    outer loop
      vertex -83.7711 60.0466 0
      vertex -83.7711 60.0466 4
      vertex -83.5989 59.7656 0
    endloop
  endfacet
  facet normal 0.852636 0.522505 0
    outer loop
      vertex -83.5989 59.7656 4
      vertex -83.5989 59.7656 0
      vertex -83.7711 60.0466 4
    endloop
  endfacet
  facet normal 0.92391 0.382611 -0
    outer loop
      vertex -83.8972 60.3511 0
      vertex -83.8972 60.3511 4
      vertex -83.7711 60.0466 0
    endloop
  endfacet
  facet normal 0.92391 0.382611 0
    outer loop
      vertex -83.7711 60.0466 4
      vertex -83.7711 60.0466 0
      vertex -83.8972 60.3511 4
    endloop
  endfacet
  facet normal 0.972385 0.233384 -0
    outer loop
      vertex -83.9741 60.6715 0
      vertex -83.9741 60.6715 4
      vertex -83.8972 60.3511 0
    endloop
  endfacet
  facet normal 0.972385 0.233384 0
    outer loop
      vertex -83.8972 60.3511 4
      vertex -83.8972 60.3511 0
      vertex -83.9741 60.6715 4
    endloop
  endfacet
  facet normal 0.996906 0.0785993 -0
    outer loop
      vertex -84 61 0
      vertex -84 61 4
      vertex -83.9741 60.6715 0
    endloop
  endfacet
  facet normal 0.996906 0.0785993 0
    outer loop
      vertex -83.9741 60.6715 4
      vertex -83.9741 60.6715 0
      vertex -84 61 4
    endloop
  endfacet
  facet normal 0.996906 -0.0785993 0
    outer loop
      vertex -83.9741 61.3285 0
      vertex -83.9741 61.3285 4
      vertex -84 61 0
    endloop
  endfacet
  facet normal 0.996906 -0.0785993 0
    outer loop
      vertex -84 61 4
      vertex -84 61 0
      vertex -83.9741 61.3285 4
    endloop
  endfacet
  facet normal 0.972385 -0.233384 0
    outer loop
      vertex -83.8972 61.6489 0
      vertex -83.8972 61.6489 4
      vertex -83.9741 61.3285 0
    endloop
  endfacet
  facet normal 0.972385 -0.233384 0
    outer loop
      vertex -83.9741 61.3285 4
      vertex -83.9741 61.3285 0
      vertex -83.8972 61.6489 4
    endloop
  endfacet
  facet normal 0.92391 -0.382611 0
    outer loop
      vertex -83.7711 61.9534 0
      vertex -83.7711 61.9534 4
      vertex -83.8972 61.6489 0
    endloop
  endfacet
  facet normal 0.92391 -0.382611 0
    outer loop
      vertex -83.8972 61.6489 4
      vertex -83.8972 61.6489 0
      vertex -83.7711 61.9534 4
    endloop
  endfacet
  facet normal 0.852553 -0.52264 0
    outer loop
      vertex -83.5989 62.2343 0
      vertex -83.5989 62.2343 4
      vertex -83.7711 61.9534 0
    endloop
  endfacet
  facet normal 0.852553 -0.52264 0
    outer loop
      vertex -83.7711 61.9534 4
      vertex -83.7711 61.9534 0
      vertex -83.5989 62.2343 4
    endloop
  endfacet
  facet normal 0.760455 -0.649391 0
    outer loop
      vertex -83.3849 62.4849 0
      vertex -83.3849 62.4849 4
      vertex -83.5989 62.2343 0
    endloop
  endfacet
  facet normal 0.760455 -0.649391 0
    outer loop
      vertex -83.5989 62.2343 4
      vertex -83.5989 62.2343 0
      vertex -83.3849 62.4849 4
    endloop
  endfacet
  facet normal 0.649391 -0.760455 0
    outer loop
      vertex -83.1343 62.6989 0
      vertex -83.1343 62.6989 4
      vertex -83.3849 62.4849 0
    endloop
  endfacet
  facet normal 0.649391 -0.760455 0
    outer loop
      vertex -83.3849 62.4849 4
      vertex -83.3849 62.4849 0
      vertex -83.1343 62.6989 4
    endloop
  endfacet
  facet normal 0.52264 -0.852553 0
    outer loop
      vertex -82.8534 62.8711 0
      vertex -82.8534 62.8711 4
      vertex -83.1343 62.6989 0
    endloop
  endfacet
  facet normal 0.52264 -0.852553 0
    outer loop
      vertex -83.1343 62.6989 4
      vertex -83.1343 62.6989 0
      vertex -82.8534 62.8711 4
    endloop
  endfacet
  facet normal 0.382611 -0.92391 0
    outer loop
      vertex -82.5489 62.9972 0
      vertex -82.5489 62.9972 4
      vertex -82.8534 62.8711 0
    endloop
  endfacet
  facet normal 0.382611 -0.92391 0
    outer loop
      vertex -82.8534 62.8711 4
      vertex -82.8534 62.8711 0
      vertex -82.5489 62.9972 4
    endloop
  endfacet
  facet normal 0.233384 -0.972385 0
    outer loop
      vertex -82.2285 63.0741 0
      vertex -82.2285 63.0741 4
      vertex -82.5489 62.9972 0
    endloop
  endfacet
  facet normal 0.233384 -0.972385 0
    outer loop
      vertex -82.5489 62.9972 4
      vertex -82.5489 62.9972 0
      vertex -82.2285 63.0741 4
    endloop
  endfacet
  facet normal 0.0785993 -0.996906 0
    outer loop
      vertex -81.9 63.1 0
      vertex -81.9 63.1 4
      vertex -82.2285 63.0741 0
    endloop
  endfacet
  facet normal 0.0785993 -0.996906 0
    outer loop
      vertex -82.2285 63.0741 4
      vertex -82.2285 63.0741 0
      vertex -81.9 63.1 4
    endloop
  endfacet
  facet normal 0 -1 0
    outer loop
      vertex -62.1 63.1 0
      vertex -62.1 63.1 4
      vertex -81.9 63.1 0
    endloop
  endfacet
  facet normal 0 -1 0
    outer loop
      vertex -81.9 63.1 4
      vertex -81.9 63.1 0
      vertex -62.1 63.1 4
    endloop
  endfacet
  facet normal -0.0785993 -0.996906 0
    outer loop
      vertex -61.7715 63.0741 0
      vertex -61.7715 63.0741 4
      vertex -62.1 63.1 0
    endloop
  endfacet
  facet normal -0.0785993 -0.996906 -0
    outer loop
      vertex -62.1 63.1 4
      vertex -62.1 63.1 0
      vertex -61.7715 63.0741 4
    endloop
  endfacet
  facet normal -0.233316 -0.972401 0
    outer loop
      vertex -61.451 62.9972 0
      vertex -61.451 62.9972 4
      vertex -61.7715 63.0741 0
    endloop
  endfacet
  facet normal -0.233316 -0.972401 -0
    outer loop
      vertex -61.7715 63.0741 4
      vertex -61.7715 63.0741 0
      vertex -61.451 62.9972 4
    endloop
  endfacet
  facet normal -0.382718 -0.923865 0
    outer loop
      vertex -61.1466 62.8711 0
      vertex -61.1466 62.8711 4
      vertex -61.451 62.9972 0
    endloop
  endfacet
  facet normal -0.382718 -0.923865 -0
    outer loop
      vertex -61.451 62.9972 4
      vertex -61.451 62.9972 0
      vertex -61.1466 62.8711 4
    endloop
  endfacet
  facet normal -0.522505 -0.852636 0
    outer loop
      vertex -60.8656 62.6989 0
      vertex -60.8656 62.6989 4
      vertex -61.1466 62.8711 0
    endloop
  endfacet
  facet normal -0.522505 -0.852636 -0
    outer loop
      vertex -61.1466 62.8711 4
      vertex -61.1466 62.8711 0
      vertex -60.8656 62.6989 4
    endloop
  endfacet
  facet normal -0.649541 -0.760327 0
    outer loop
      vertex -60.6151 62.4849 0
      vertex -60.6151 62.4849 4
      vertex -60.8656 62.6989 0
    endloop
  endfacet
  facet normal -0.649541 -0.760327 -0
    outer loop
      vertex -60.8656 62.6989 4
      vertex -60.8656 62.6989 0
      vertex -60.6151 62.4849 4
    endloop
  endfacet
  facet normal -0.760455 -0.649391 0
    outer loop
      vertex -60.4011 62.2343 0
      vertex -60.4011 62.2343 4
      vertex -60.6151 62.4849 0
    endloop
  endfacet
  facet normal -0.760455 -0.649391 -0
    outer loop
      vertex -60.6151 62.4849 4
      vertex -60.6151 62.4849 0
      vertex -60.4011 62.2343 4
    endloop
  endfacet
  facet normal -0.852553 -0.52264 0
    outer loop
      vertex -60.2289 61.9534 0
      vertex -60.2289 61.9534 4
      vertex -60.4011 62.2343 0
    endloop
  endfacet
  facet normal -0.852553 -0.52264 -0
    outer loop
      vertex -60.4011 62.2343 4
      vertex -60.4011 62.2343 0
      vertex -60.2289 61.9534 4
    endloop
  endfacet
  facet normal -0.92391 -0.382611 0
    outer loop
      vertex -60.1028 61.6489 0
      vertex -60.1028 61.6489 4
      vertex -60.2289 61.9534 0
    endloop
  endfacet
  facet normal -0.92391 -0.382611 -0
    outer loop
      vertex -60.2289 61.9534 4
      vertex -60.2289 61.9534 0
      vertex -60.1028 61.6489 4
    endloop
  endfacet
  facet normal -0.972316 -0.233671 0
    outer loop
      vertex -60.0258 61.3285 0
      vertex -60.0258 61.3285 4
      vertex -60.1028 61.6489 0
    endloop
  endfacet
  facet normal -0.972316 -0.233671 -0
    outer loop
      vertex -60.1028 61.6489 4
      vertex -60.1028 61.6489 0
      vertex -60.0258 61.3285 4
    endloop
  endfacet
  facet normal -0.99693 -0.0782977 0
    outer loop
      vertex -60 61 0
      vertex -60 61 4
      vertex -60.0258 61.3285 0
    endloop
  endfacet
  facet normal -0.99693 -0.0782977 -0
    outer loop
      vertex -60.0258 61.3285 4
      vertex -60.0258 61.3285 0
      vertex -60 61 4
    endloop
  endfacet
  facet normal -0.99693 0.0782977 0
    outer loop
      vertex -60.0258 60.6715 0
      vertex -60.0258 60.6715 4
      vertex -60 61 0
    endloop
  endfacet
  facet normal -0.99693 0.0782977 0
    outer loop
      vertex -60 61 4
      vertex -60 61 0
      vertex -60.0258 60.6715 4
    endloop
  endfacet
  facet normal -0.972316 0.233671 0
    outer loop
      vertex -60.1028 60.3511 0
      vertex -60.1028 60.3511 4
      vertex -60.0258 60.6715 0
    endloop
  endfacet
  facet normal -0.972316 0.233671 0
    outer loop
      vertex -60.0258 60.6715 4
      vertex -60.0258 60.6715 0
      vertex -60.1028 60.3511 4
    endloop
  endfacet
  facet normal -0.92391 0.382611 0
    outer loop
      vertex -60.2289 60.0466 0
      vertex -60.2289 60.0466 4
      vertex -60.1028 60.3511 0
    endloop
  endfacet
  facet normal -0.92391 0.382611 0
    outer loop
      vertex -60.1028 60.3511 4
      vertex -60.1028 60.3511 0
      vertex -60.2289 60.0466 4
    endloop
  endfacet
  facet normal -0.852636 0.522505 0
    outer loop
      vertex -60.4011 59.7656 0
      vertex -60.4011 59.7656 4
      vertex -60.2289 60.0466 0
    endloop
  endfacet
  facet normal -0.852636 0.522505 0
    outer loop
      vertex -60.2289 60.0466 4
      vertex -60.2289 60.0466 0
      vertex -60.4011 59.7656 4
    endloop
  endfacet
  facet normal -0.760327 0.649541 0
    outer loop
      vertex -60.6151 59.5151 0
      vertex -60.6151 59.5151 4
      vertex -60.4011 59.7656 0
    endloop
  endfacet
  facet normal -0.760327 0.649541 0
    outer loop
      vertex -60.4011 59.7656 4
      vertex -60.4011 59.7656 0
      vertex -60.6151 59.5151 4
    endloop
  endfacet
  facet normal -0.649541 0.760327 0
    outer loop
      vertex -60.8656 59.3011 0
      vertex -60.8656 59.3011 4
      vertex -60.6151 59.5151 0
    endloop
  endfacet
  facet normal -0.649541 0.760327 0
    outer loop
      vertex -60.6151 59.5151 4
      vertex -60.6151 59.5151 0
      vertex -60.8656 59.3011 4
    endloop
  endfacet
  facet normal -0.522505 0.852636 0
    outer loop
      vertex -61.1466 59.1289 0
      vertex -61.1466 59.1289 4
      vertex -60.8656 59.3011 0
    endloop
  endfacet
  facet normal -0.522505 0.852636 0
    outer loop
      vertex -60.8656 59.3011 4
      vertex -60.8656 59.3011 0
      vertex -61.1466 59.1289 4
    endloop
  endfacet
  facet normal -0.382718 0.923865 0
    outer loop
      vertex -61.451 59.0028 0
      vertex -61.451 59.0028 4
      vertex -61.1466 59.1289 0
    endloop
  endfacet
  facet normal -0.382718 0.923865 0
    outer loop
      vertex -61.1466 59.1289 4
      vertex -61.1466 59.1289 0
      vertex -61.451 59.0028 4
    endloop
  endfacet
  facet normal -0.233602 0.972332 0
    outer loop
      vertex -61.7715 58.9258 0
      vertex -61.7715 58.9258 4
      vertex -61.451 59.0028 0
    endloop
  endfacet
  facet normal -0.233602 0.972332 0
    outer loop
      vertex -61.451 59.0028 4
      vertex -61.451 59.0028 0
      vertex -61.7715 58.9258 4
    endloop
  endfacet
  facet normal -0.0782977 0.99693 0
    outer loop
      vertex -62.1 58.9 0
      vertex -62.1 58.9 4
      vertex -61.7715 58.9258 0
    endloop
  endfacet
  facet normal -0.0782977 0.99693 0
    outer loop
      vertex -61.7715 58.9258 4
      vertex -61.7715 58.9258 0
      vertex -62.1 58.9 4
    endloop
  endfacet
  facet normal 0 1 0
    outer loop
      vertex -81.9 58.9 0
      vertex -81.9 58.9 4
      vertex -62.1 58.9 0
    endloop
  endfacet
  facet normal 0 1 0
    outer loop
      vertex -62.1 58.9 4
      vertex -62.1 58.9 0
      vertex -81.9 58.9 4
    endloop
  endfacet
  facet normal 0.0782977 0.99693 -0
    outer loop
      vertex 61.7715 58.9258 0
      vertex 61.7715 58.9258 4
      vertex 62.1 58.9 0
    endloop
  endfacet
  facet normal 0.0782977 0.99693 0
    outer loop
      vertex 62.1 58.9 4
      vertex 62.1 58.9 0
      vertex 61.7715 58.9258 4
    endloop
  endfacet
  facet normal 0.233602 0.972332 -0
    outer loop
      vertex 61.451 59.0028 0
      vertex 61.451 59.0028 4
      vertex 61.7715 58.9258 0
    endloop
  endfacet
  facet normal 0.233602 0.972332 0
    outer loop
      vertex 61.7715 58.9258 4
      vertex 61.7715 58.9258 0
      vertex 61.451 59.0028 4
    endloop
  endfacet
  facet normal 0.382718 0.923865 -0
    outer loop
      vertex 61.1466 59.1289 0
      vertex 61.1466 59.1289 4
      vertex 61.451 59.0028 0
    endloop
  endfacet
  facet normal 0.382718 0.923865 0
    outer loop
      vertex 61.451 59.0028 4
      vertex 61.451 59.0028 0
      vertex 61.1466 59.1289 4
    endloop
  endfacet
  facet normal 0.522505 0.852636 -0
    outer loop
      vertex 60.8656 59.3011 0
      vertex 60.8656 59.3011 4
      vertex 61.1466 59.1289 0
    endloop
  endfacet
  facet normal 0.522505 0.852636 0
    outer loop
      vertex 61.1466 59.1289 4
      vertex 61.1466 59.1289 0
      vertex 60.8656 59.3011 4
    endloop
  endfacet
  facet normal 0.649541 0.760327 -0
    outer loop
      vertex 60.6151 59.5151 0
      vertex 60.6151 59.5151 4
      vertex 60.8656 59.3011 0
    endloop
  endfacet
  facet normal 0.649541 0.760327 0
    outer loop
      vertex 60.8656 59.3011 4
      vertex 60.8656 59.3011 0
      vertex 60.6151 59.5151 4
    endloop
  endfacet
  facet normal 0.760327 0.649541 -0
    outer loop
      vertex 60.4011 59.7656 0
      vertex 60.4011 59.7656 4
      vertex 60.6151 59.5151 0
    endloop
  endfacet
  facet normal 0.760327 0.649541 0
    outer loop
      vertex 60.6151 59.5151 4
      vertex 60.6151 59.5151 0
      vertex 60.4011 59.7656 4
    endloop
  endfacet
  facet normal 0.852636 0.522505 -0
    outer loop
      vertex 60.2289 60.0466 0
      vertex 60.2289 60.0466 4
      vertex 60.4011 59.7656 0
    endloop
  endfacet
  facet normal 0.852636 0.522505 0
    outer loop
      vertex 60.4011 59.7656 4
      vertex 60.4011 59.7656 0
      vertex 60.2289 60.0466 4
    endloop
  endfacet
  facet normal 0.92391 0.382611 -0
    outer loop
      vertex 60.1028 60.3511 0
      vertex 60.1028 60.3511 4
      vertex 60.2289 60.0466 0
    endloop
  endfacet
  facet normal 0.92391 0.382611 0
    outer loop
      vertex 60.2289 60.0466 4
      vertex 60.2289 60.0466 0
      vertex 60.1028 60.3511 4
    endloop
  endfacet
  facet normal 0.972316 0.233671 -0
    outer loop
      vertex 60.0258 60.6715 0
      vertex 60.0258 60.6715 4
      vertex 60.1028 60.3511 0
    endloop
  endfacet
  facet normal 0.972316 0.233671 0
    outer loop
      vertex 60.1028 60.3511 4
      vertex 60.1028 60.3511 0
      vertex 60.0258 60.6715 4
    endloop
  endfacet
  facet normal 0.99693 0.0782977 -0
    outer loop
      vertex 60 61 0
      vertex 60 61 4
      vertex 60.0258 60.6715 0
    endloop
  endfacet
  facet normal 0.99693 0.0782977 0
    outer loop
      vertex 60.0258 60.6715 4
      vertex 60.0258 60.6715 0
      vertex 60 61 4
    endloop
  endfacet
  facet normal 0.99693 -0.0782977 0
    outer loop
      vertex 60.0258 61.3285 0
      vertex 60.0258 61.3285 4
      vertex 60 61 0
    endloop
  endfacet
  facet normal 0.99693 -0.0782977 0
    outer loop
      vertex 60 61 4
      vertex 60 61 0
      vertex 60.0258 61.3285 4
    endloop
  endfacet
  facet normal 0.972316 -0.233671 0
    outer loop
      vertex 60.1028 61.6489 0
      vertex 60.1028 61.6489 4
      vertex 60.0258 61.3285 0
    endloop
  endfacet
  facet normal 0.972316 -0.233671 0
    outer loop
      vertex 60.0258 61.3285 4
      vertex 60.0258 61.3285 0
      vertex 60.1028 61.6489 4
    endloop
  endfacet
  facet normal 0.92391 -0.382611 0
    outer loop
      vertex 60.2289 61.9534 0
      vertex 60.2289 61.9534 4
      vertex 60.1028 61.6489 0
    endloop
  endfacet
  facet normal 0.92391 -0.382611 0
    outer loop
      vertex 60.1028 61.6489 4
      vertex 60.1028 61.6489 0
      vertex 60.2289 61.9534 4
    endloop
  endfacet
  facet normal 0.852553 -0.52264 0
    outer loop
      vertex 60.4011 62.2343 0
      vertex 60.4011 62.2343 4
      vertex 60.2289 61.9534 0
    endloop
  endfacet
  facet normal 0.852553 -0.52264 0
    outer loop
      vertex 60.2289 61.9534 4
      vertex 60.2289 61.9534 0
      vertex 60.4011 62.2343 4
    endloop
  endfacet
  facet normal 0.760455 -0.649391 0
    outer loop
      vertex 60.6151 62.4849 0
      vertex 60.6151 62.4849 4
      vertex 60.4011 62.2343 0
    endloop
  endfacet
  facet normal 0.760455 -0.649391 0
    outer loop
      vertex 60.4011 62.2343 4
      vertex 60.4011 62.2343 0
      vertex 60.6151 62.4849 4
    endloop
  endfacet
  facet normal 0.649541 -0.760327 0
    outer loop
      vertex 60.8656 62.6989 0
      vertex 60.8656 62.6989 4
      vertex 60.6151 62.4849 0
    endloop
  endfacet
  facet normal 0.649541 -0.760327 0
    outer loop
      vertex 60.6151 62.4849 4
      vertex 60.6151 62.4849 0
      vertex 60.8656 62.6989 4
    endloop
  endfacet
  facet normal 0.522505 -0.852636 0
    outer loop
      vertex 61.1466 62.8711 0
      vertex 61.1466 62.8711 4
      vertex 60.8656 62.6989 0
    endloop
  endfacet
  facet normal 0.522505 -0.852636 0
    outer loop
      vertex 60.8656 62.6989 4
      vertex 60.8656 62.6989 0
      vertex 61.1466 62.8711 4
    endloop
  endfacet
  facet normal 0.382718 -0.923865 0
    outer loop
      vertex 61.451 62.9972 0
      vertex 61.451 62.9972 4
      vertex 61.1466 62.8711 0
    endloop
  endfacet
  facet normal 0.382718 -0.923865 0
    outer loop
      vertex 61.1466 62.8711 4
      vertex 61.1466 62.8711 0
      vertex 61.451 62.9972 4
    endloop
  endfacet
  facet normal 0.233316 -0.972401 0
    outer loop
      vertex 61.7715 63.0741 0
      vertex 61.7715 63.0741 4
      vertex 61.451 62.9972 0
    endloop
  endfacet
  facet normal 0.233316 -0.972401 0
    outer loop
      vertex 61.451 62.9972 4
      vertex 61.451 62.9972 0
      vertex 61.7715 63.0741 4
    endloop
  endfacet
  facet normal 0.0785993 -0.996906 0
    outer loop
      vertex 62.1 63.1 0
      vertex 62.1 63.1 4
      vertex 61.7715 63.0741 0
    endloop
  endfacet
  facet normal 0.0785993 -0.996906 0
    outer loop
      vertex 61.7715 63.0741 4
      vertex 61.7715 63.0741 0
      vertex 62.1 63.1 4
    endloop
  endfacet
  facet normal 0 -1 0
    outer loop
      vertex 81.9 63.1 0
      vertex 81.9 63.1 4
      vertex 62.1 63.1 0
    endloop
  endfacet
  facet normal 0 -1 0
    outer loop
      vertex 62.1 63.1 4
      vertex 62.1 63.1 0
      vertex 81.9 63.1 4
    endloop
  endfacet
  facet normal -0.0785993 -0.996906 0
    outer loop
      vertex 82.2285 63.0741 0
      vertex 82.2285 63.0741 4
      vertex 81.9 63.1 0
    endloop
  endfacet
  facet normal -0.0785993 -0.996906 -0
    outer loop
      vertex 81.9 63.1 4
      vertex 81.9 63.1 0
      vertex 82.2285 63.0741 4
    endloop
  endfacet
  facet normal -0.233384 -0.972385 0
    outer loop
      vertex 82.5489 62.9972 0
      vertex 82.5489 62.9972 4
      vertex 82.2285 63.0741 0
    endloop
  endfacet
  facet normal -0.233384 -0.972385 -0
    outer loop
      vertex 82.2285 63.0741 4
      vertex 82.2285 63.0741 0
      vertex 82.5489 62.9972 4
    endloop
  endfacet
  facet normal -0.382611 -0.92391 0
    outer loop
      vertex 82.8534 62.8711 0
      vertex 82.8534 62.8711 4
      vertex 82.5489 62.9972 0
    endloop
  endfacet
  facet normal -0.382611 -0.92391 -0
    outer loop
      vertex 82.5489 62.9972 4
      vertex 82.5489 62.9972 0
      vertex 82.8534 62.8711 4
    endloop
  endfacet
  facet normal -0.52264 -0.852553 0
    outer loop
      vertex 83.1343 62.6989 0
      vertex 83.1343 62.6989 4
      vertex 82.8534 62.8711 0
    endloop
  endfacet
  facet normal -0.52264 -0.852553 -0
    outer loop
      vertex 82.8534 62.8711 4
      vertex 82.8534 62.8711 0
      vertex 83.1343 62.6989 4
    endloop
  endfacet
  facet normal -0.649391 -0.760455 0
    outer loop
      vertex 83.3849 62.4849 0
      vertex 83.3849 62.4849 4
      vertex 83.1343 62.6989 0
    endloop
  endfacet
  facet normal -0.649391 -0.760455 -0
    outer loop
      vertex 83.1343 62.6989 4
      vertex 83.1343 62.6989 0
      vertex 83.3849 62.4849 4
    endloop
  endfacet
  facet normal -0.760455 -0.649391 0
    outer loop
      vertex 83.5989 62.2343 0
      vertex 83.5989 62.2343 4
      vertex 83.3849 62.4849 0
    endloop
  endfacet
  facet normal -0.760455 -0.649391 -0
    outer loop
      vertex 83.3849 62.4849 4
      vertex 83.3849 62.4849 0
      vertex 83.5989 62.2343 4
    endloop
  endfacet
  facet normal -0.852553 -0.52264 0
    outer loop
      vertex 83.7711 61.9534 0
      vertex 83.7711 61.9534 4
      vertex 83.5989 62.2343 0
    endloop
  endfacet
  facet normal -0.852553 -0.52264 -0
    outer loop
      vertex 83.5989 62.2343 4
      vertex 83.5989 62.2343 0
      vertex 83.7711 61.9534 4
    endloop
  endfacet
  facet normal -0.92391 -0.382611 0
    outer loop
      vertex 83.8972 61.6489 0
      vertex 83.8972 61.6489 4
      vertex 83.7711 61.9534 0
    endloop
  endfacet
  facet normal -0.92391 -0.382611 -0
    outer loop
      vertex 83.7711 61.9534 4
      vertex 83.7711 61.9534 0
      vertex 83.8972 61.6489 4
    endloop
  endfacet
  facet normal -0.972385 -0.233384 0
    outer loop
      vertex 83.9741 61.3285 0
      vertex 83.9741 61.3285 4
      vertex 83.8972 61.6489 0
    endloop
  endfacet
  facet normal -0.972385 -0.233384 -0
    outer loop
      vertex 83.8972 61.6489 4
      vertex 83.8972 61.6489 0
      vertex 83.9741 61.3285 4
    endloop
  endfacet
  facet normal -0.996906 -0.0785993 0
    outer loop
      vertex 84 61 0
      vertex 84 61 4
      vertex 83.9741 61.3285 0
    endloop
  endfacet
  facet normal -0.996906 -0.0785993 -0
    outer loop
      vertex 83.9741 61.3285 4
      vertex 83.9741 61.3285 0
      vertex 84 61 4
    endloop
  endfacet
  facet normal -0.996906 0.0785993 0
    outer loop
      vertex 83.9741 60.6715 0
      vertex 83.9741 60.6715 4
      vertex 84 61 0
    endloop
  endfacet
  facet normal -0.996906 0.0785993 0
    outer loop
      vertex 84 61 4
      vertex 84 61 0
      vertex 83.9741 60.6715 4
    endloop
  endfacet
  facet normal -0.972385 0.233384 0
    outer loop
      vertex 83.8972 60.3511 0
      vertex 83.8972 60.3511 4
      vertex 83.9741 60.6715 0
    endloop
  endfacet
  facet normal -0.972385 0.233384 0
    outer loop
      vertex 83.9741 60.6715 4
      vertex 83.9741 60.6715 0
      vertex 83.8972 60.3511 4
    endloop
  endfacet
  facet normal -0.92391 0.382611 0
    outer loop
      vertex 83.7711 60.0466 0
      vertex 83.7711 60.0466 4
      vertex 83.8972 60.3511 0
    endloop
  endfacet
  facet normal -0.92391 0.382611 0
    outer loop
      vertex 83.8972 60.3511 4
      vertex 83.8972 60.3511 0
      vertex 83.7711 60.0466 4
    endloop
  endfacet
  facet normal -0.852636 0.522505 0
    outer loop
      vertex 83.5989 59.7656 0
      vertex 83.5989 59.7656 4
      vertex 83.7711 60.0466 0
    endloop
  endfacet
  facet normal -0.852636 0.522505 0
    outer loop
      vertex 83.7711 60.0466 4
      vertex 83.7711 60.0466 0
      vertex 83.5989 59.7656 4
    endloop
  endfacet
  facet normal -0.760327 0.649541 0
    outer loop
      vertex 83.3849 59.5151 0
      vertex 83.3849 59.5151 4
      vertex 83.5989 59.7656 0
    endloop
  endfacet
  facet normal -0.760327 0.649541 0
    outer loop
      vertex 83.5989 59.7656 4
      vertex 83.5989 59.7656 0
      vertex 83.3849 59.5151 4
    endloop
  endfacet
  facet normal -0.649391 0.760455 0
    outer loop
      vertex 83.1343 59.3011 0
      vertex 83.1343 59.3011 4
      vertex 83.3849 59.5151 0
    endloop
  endfacet
  facet normal -0.649391 0.760455 0
    outer loop
      vertex 83.3849 59.5151 4
      vertex 83.3849 59.5151 0
      vertex 83.1343 59.3011 4
    endloop
  endfacet
  facet normal -0.52264 0.852553 0
    outer loop
      vertex 82.8534 59.1289 0
      vertex 82.8534 59.1289 4
      vertex 83.1343 59.3011 0
    endloop
  endfacet
  facet normal -0.52264 0.852553 0
    outer loop
      vertex 83.1343 59.3011 4
      vertex 83.1343 59.3011 0
      vertex 82.8534 59.1289 4
    endloop
  endfacet
  facet normal -0.382611 0.92391 0
    outer loop
      vertex 82.5489 59.0028 0
      vertex 82.5489 59.0028 4
      vertex 82.8534 59.1289 0
    endloop
  endfacet
  facet normal -0.382611 0.92391 0
    outer loop
      vertex 82.8534 59.1289 4
      vertex 82.8534 59.1289 0
      vertex 82.5489 59.0028 4
    endloop
  endfacet
  facet normal -0.233671 0.972316 0
    outer loop
      vertex 82.2285 58.9258 0
      vertex 82.2285 58.9258 4
      vertex 82.5489 59.0028 0
    endloop
  endfacet
  facet normal -0.233671 0.972316 0
    outer loop
      vertex 82.5489 59.0028 4
      vertex 82.5489 59.0028 0
      vertex 82.2285 58.9258 4
    endloop
  endfacet
  facet normal -0.0782977 0.99693 0
    outer loop
      vertex 81.9 58.9 0
      vertex 81.9 58.9 4
      vertex 82.2285 58.9258 0
    endloop
  endfacet
  facet normal -0.0782977 0.99693 0
    outer loop
      vertex 82.2285 58.9258 4
      vertex 82.2285 58.9258 0
      vertex 81.9 58.9 4
    endloop
  endfacet
  facet normal 0 1 0
    outer loop
      vertex 62.1 58.9 0
      vertex 62.1 58.9 4
      vertex 81.9 58.9 0
    endloop
  endfacet
  facet normal 0 1 0
    outer loop
      vertex 81.9 58.9 4
      vertex 81.9 58.9 0
      vertex 62.1 58.9 4
    endloop
  endfacet
  facet normal 0.290182 0.956971 -0
    outer loop
      vertex 53.3494 59.4294 0
      vertex 53.3494 59.4294 4
      vertex 53.6683 59.3327 0
    endloop
  endfacet
  facet normal 0.290182 0.956971 0
    outer loop
      vertex 53.6683 59.3327 4
      vertex 53.6683 59.3327 0
      vertex 53.3494 59.4294 4
    endloop
  endfacet
  facet normal 0.471413 0.881912 -0
    outer loop
      vertex 53.0555 59.5865 0
      vertex 53.0555 59.5865 4
      vertex 53.3494 59.4294 0
    endloop
  endfacet
  facet normal 0.471413 0.881912 0
    outer loop
      vertex 53.3494 59.4294 4
      vertex 53.3494 59.4294 0
      vertex 53.0555 59.5865 4
    endloop
  endfacet
  facet normal 0.634381 0.773021 -0
    outer loop
      vertex 52.7979 59.7979 0
      vertex 52.7979 59.7979 4
      vertex 53.0555 59.5865 0
    endloop
  endfacet
  facet normal 0.634381 0.773021 0
    outer loop
      vertex 53.0555 59.5865 4
      vertex 53.0555 59.5865 0
      vertex 52.7979 59.7979 4
    endloop
  endfacet
  facet normal 0.773021 0.634381 -0
    outer loop
      vertex 52.5865 60.0555 0
      vertex 52.5865 60.0555 4
      vertex 52.7979 59.7979 0
    endloop
  endfacet
  facet normal 0.773021 0.634381 0
    outer loop
      vertex 52.7979 59.7979 4
      vertex 52.7979 59.7979 0
      vertex 52.5865 60.0555 4
    endloop
  endfacet
  facet normal 0.881912 0.471413 -0
    outer loop
      vertex 52.4294 60.3494 0
      vertex 52.4294 60.3494 4
      vertex 52.5865 60.0555 0
    endloop
  endfacet
  facet normal 0.881912 0.471413 0
    outer loop
      vertex 52.5865 60.0555 4
      vertex 52.5865 60.0555 0
      vertex 52.4294 60.3494 4
    endloop
  endfacet
  facet normal 0.956971 0.290182 -0
    outer loop
      vertex 52.3327 60.6683 0
      vertex 52.3327 60.6683 4
      vertex 52.4294 60.3494 0
    endloop
  endfacet
  facet normal 0.956971 0.290182 0
    outer loop
      vertex 52.4294 60.3494 4
      vertex 52.4294 60.3494 0
      vertex 52.3327 60.6683 4
    endloop
  endfacet
  facet normal 0.995176 0.0981075 -0
    outer loop
      vertex 52.3 61 0
      vertex 52.3 61 4
      vertex 52.3327 60.6683 0
    endloop
  endfacet
  facet normal 0.995176 0.0981075 0
    outer loop
      vertex 52.3327 60.6683 4
      vertex 52.3327 60.6683 0
      vertex 52.3 61 4
    endloop
  endfacet
  facet normal 0.995173 -0.0981368 0
    outer loop
      vertex 52.3327 61.3316 0
      vertex 52.3327 61.3316 4
      vertex 52.3 61 0
    endloop
  endfacet
  facet normal 0.995173 -0.0981368 0
    outer loop
      vertex 52.3 61 4
      vertex 52.3 61 0
      vertex 52.3327 61.3316 4
    endloop
  endfacet
  facet normal 0.956997 -0.290099 0
    outer loop
      vertex 52.4294 61.6506 0
      vertex 52.4294 61.6506 4
      vertex 52.3327 61.3316 0
    endloop
  endfacet
  facet normal 0.956997 -0.290099 0
    outer loop
      vertex 52.3327 61.3316 4
      vertex 52.3327 61.3316 0
      vertex 52.4294 61.6506 4
    endloop
  endfacet
  facet normal 0.881912 -0.471413 0
    outer loop
      vertex 52.5865 61.9445 0
      vertex 52.5865 61.9445 4
      vertex 52.4294 61.6506 0
    endloop
  endfacet
  facet normal 0.881912 -0.471413 0
    outer loop
      vertex 52.4294 61.6506 4
      vertex 52.4294 61.6506 0
      vertex 52.5865 61.9445 4
    endloop
  endfacet
  facet normal 0.773021 -0.634381 0
    outer loop
      vertex 52.7979 62.2021 0
      vertex 52.7979 62.2021 4
      vertex 52.5865 61.9445 0
    endloop
  endfacet
  facet normal 0.773021 -0.634381 0
    outer loop
      vertex 52.5865 61.9445 4
      vertex 52.5865 61.9445 0
      vertex 52.7979 62.2021 4
    endloop
  endfacet
  facet normal 0.634381 -0.773021 0
    outer loop
      vertex 53.0555 62.4135 0
      vertex 53.0555 62.4135 4
      vertex 52.7979 62.2021 0
    endloop
  endfacet
  facet normal 0.634381 -0.773021 0
    outer loop
      vertex 52.7979 62.2021 4
      vertex 52.7979 62.2021 0
      vertex 53.0555 62.4135 4
    endloop
  endfacet
  facet normal 0.471413 -0.881912 0
    outer loop
      vertex 53.3494 62.5706 0
      vertex 53.3494 62.5706 4
      vertex 53.0555 62.4135 0
    endloop
  endfacet
  facet normal 0.471413 -0.881912 0
    outer loop
      vertex 53.0555 62.4135 4
      vertex 53.0555 62.4135 0
      vertex 53.3494 62.5706 4
    endloop
  endfacet
  facet normal 0.290182 -0.956971 0
    outer loop
      vertex 53.6683 62.6673 0
      vertex 53.6683 62.6673 4
      vertex 53.3494 62.5706 0
    endloop
  endfacet
  facet normal 0.290182 -0.956971 0
    outer loop
      vertex 53.3494 62.5706 4
      vertex 53.3494 62.5706 0
      vertex 53.6683 62.6673 4
    endloop
  endfacet
  facet normal 0.0981075 -0.995176 0
    outer loop
      vertex 54 62.7 0
      vertex 54 62.7 4
      vertex 53.6683 62.6673 0
    endloop
  endfacet
  facet normal 0.0981075 -0.995176 0
    outer loop
      vertex 53.6683 62.6673 4
      vertex 53.6683 62.6673 0
      vertex 54 62.7 4
    endloop
  endfacet
  facet normal -0.0981368 -0.995173 0
    outer loop
      vertex 54.3316 62.6673 0
      vertex 54.3316 62.6673 4
      vertex 54 62.7 0
    endloop
  endfacet
  facet normal -0.0981368 -0.995173 -0
    outer loop
      vertex 54 62.7 4
      vertex 54 62.7 0
      vertex 54.3316 62.6673 4
    endloop
  endfacet
  facet normal -0.290099 -0.956997 0
    outer loop
      vertex 54.6506 62.5706 0
      vertex 54.6506 62.5706 4
      vertex 54.3316 62.6673 0
    endloop
  endfacet
  facet normal -0.290099 -0.956997 -0
    outer loop
      vertex 54.3316 62.6673 4
      vertex 54.3316 62.6673 0
      vertex 54.6506 62.5706 4
    endloop
  endfacet
  facet normal -0.471413 -0.881912 0
    outer loop
      vertex 54.9445 62.4135 0
      vertex 54.9445 62.4135 4
      vertex 54.6506 62.5706 0
    endloop
  endfacet
  facet normal -0.471413 -0.881912 -0
    outer loop
      vertex 54.6506 62.5706 4
      vertex 54.6506 62.5706 0
      vertex 54.9445 62.4135 4
    endloop
  endfacet
  facet normal -0.634381 -0.773021 0
    outer loop
      vertex 55.2021 62.2021 0
      vertex 55.2021 62.2021 4
      vertex 54.9445 62.4135 0
    endloop
  endfacet
  facet normal -0.634381 -0.773021 -0
    outer loop
      vertex 54.9445 62.4135 4
      vertex 54.9445 62.4135 0
      vertex 55.2021 62.2021 4
    endloop
  endfacet
  facet normal -0.773021 -0.634381 0
    outer loop
      vertex 55.4135 61.9445 0
      vertex 55.4135 61.9445 4
      vertex 55.2021 62.2021 0
    endloop
  endfacet
  facet normal -0.773021 -0.634381 -0
    outer loop
      vertex 55.2021 62.2021 4
      vertex 55.2021 62.2021 0
      vertex 55.4135 61.9445 4
    endloop
  endfacet
  facet normal -0.881912 -0.471413 0
    outer loop
      vertex 55.5706 61.6506 0
      vertex 55.5706 61.6506 4
      vertex 55.4135 61.9445 0
    endloop
  endfacet
  facet normal -0.881912 -0.471413 -0
    outer loop
      vertex 55.4135 61.9445 4
      vertex 55.4135 61.9445 0
      vertex 55.5706 61.6506 4
    endloop
  endfacet
  facet normal -0.956997 -0.290099 0
    outer loop
      vertex 55.6673 61.3316 0
      vertex 55.6673 61.3316 4
      vertex 55.5706 61.6506 0
    endloop
  endfacet
  facet normal -0.956997 -0.290099 -0
    outer loop
      vertex 55.5706 61.6506 4
      vertex 55.5706 61.6506 0
      vertex 55.6673 61.3316 4
    endloop
  endfacet
  facet normal -0.995173 -0.0981368 0
    outer loop
      vertex 55.7 61 0
      vertex 55.7 61 4
      vertex 55.6673 61.3316 0
    endloop
  endfacet
  facet normal -0.995173 -0.0981368 -0
    outer loop
      vertex 55.6673 61.3316 4
      vertex 55.6673 61.3316 0
      vertex 55.7 61 4
    endloop
  endfacet
  facet normal -0.995176 0.0981075 0
    outer loop
      vertex 55.6673 60.6683 0
      vertex 55.6673 60.6683 4
      vertex 55.7 61 0
    endloop
  endfacet
  facet normal -0.995176 0.0981075 0
    outer loop
      vertex 55.7 61 4
      vertex 55.7 61 0
      vertex 55.6673 60.6683 4
    endloop
  endfacet
  facet normal -0.956971 0.290182 0
    outer loop
      vertex 55.5706 60.3494 0
      vertex 55.5706 60.3494 4
      vertex 55.6673 60.6683 0
    endloop
  endfacet
  facet normal -0.956971 0.290182 0
    outer loop
      vertex 55.6673 60.6683 4
      vertex 55.6673 60.6683 0
      vertex 55.5706 60.3494 4
    endloop
  endfacet
  facet normal -0.881912 0.471413 0
    outer loop
      vertex 55.4135 60.0555 0
      vertex 55.4135 60.0555 4
      vertex 55.5706 60.3494 0
    endloop
  endfacet
  facet normal -0.881912 0.471413 0
    outer loop
      vertex 55.5706 60.3494 4
      vertex 55.5706 60.3494 0
      vertex 55.4135 60.0555 4
    endloop
  endfacet
  facet normal -0.773021 0.634381 0
    outer loop
      vertex 55.2021 59.7979 0
      vertex 55.2021 59.7979 4
      vertex 55.4135 60.0555 0
    endloop
  endfacet
  facet normal -0.773021 0.634381 0
    outer loop
      vertex 55.4135 60.0555 4
      vertex 55.4135 60.0555 0
      vertex 55.2021 59.7979 4
    endloop
  endfacet
  facet normal -0.634381 0.773021 0
    outer loop
      vertex 54.9445 59.5865 0
      vertex 54.9445 59.5865 4
      vertex 55.2021 59.7979 0
    endloop
  endfacet
  facet normal -0.634381 0.773021 0
    outer loop
      vertex 55.2021 59.7979 4
      vertex 55.2021 59.7979 0
      vertex 54.9445 59.5865 4
    endloop
  endfacet
  facet normal -0.471413 0.881912 0
    outer loop
      vertex 54.6506 59.4294 0
      vertex 54.6506 59.4294 4
      vertex 54.9445 59.5865 0
    endloop
  endfacet
  facet normal -0.471413 0.881912 0
    outer loop
      vertex 54.9445 59.5865 4
      vertex 54.9445 59.5865 0
      vertex 54.6506 59.4294 4
    endloop
  endfacet
  facet normal -0.290099 0.956997 0
    outer loop
      vertex 54.3316 59.3327 0
      vertex 54.3316 59.3327 4
      vertex 54.6506 59.4294 0
    endloop
  endfacet
  facet normal -0.290099 0.956997 0
    outer loop
      vertex 54.6506 59.4294 4
      vertex 54.6506 59.4294 0
      vertex 54.3316 59.3327 4
    endloop
  endfacet
  facet normal -0.0981368 0.995173 0
    outer loop
      vertex 54 59.3 0
      vertex 54 59.3 4
      vertex 54.3316 59.3327 0
    endloop
  endfacet
  facet normal -0.0981368 0.995173 0
    outer loop
      vertex 54.3316 59.3327 4
      vertex 54.3316 59.3327 0
      vertex 54 59.3 4
    endloop
  endfacet
  facet normal 0.0981075 0.995176 -0
    outer loop
      vertex 53.6683 59.3327 0
      vertex 53.6683 59.3327 4
      vertex 54 59.3 0
    endloop
  endfacet
  facet normal 0.0981075 0.995176 0
    outer loop
      vertex 54 59.3 4
      vertex 54 59.3 0
      vertex 53.6683 59.3327 4
    endloop
  endfacet
  facet normal 0.290182 0.956971 -0
    outer loop
      vertex 89.3494 59.4294 0
      vertex 89.3494 59.4294 4
      vertex 89.6683 59.3327 0
    endloop
  endfacet
  facet normal 0.290182 0.956971 0
    outer loop
      vertex 89.6683 59.3327 4
      vertex 89.6683 59.3327 0
      vertex 89.3494 59.4294 4
    endloop
  endfacet
  facet normal 0.471413 0.881912 -0
    outer loop
      vertex 89.0555 59.5865 0
      vertex 89.0555 59.5865 4
      vertex 89.3494 59.4294 0
    endloop
  endfacet
  facet normal 0.471413 0.881912 0
    outer loop
      vertex 89.3494 59.4294 4
      vertex 89.3494 59.4294 0
      vertex 89.0555 59.5865 4
    endloop
  endfacet
  facet normal 0.634381 0.773021 -0
    outer loop
      vertex 88.7979 59.7979 0
      vertex 88.7979 59.7979 4
      vertex 89.0555 59.5865 0
    endloop
  endfacet
  facet normal 0.634381 0.773021 0
    outer loop
      vertex 89.0555 59.5865 4
      vertex 89.0555 59.5865 0
      vertex 88.7979 59.7979 4
    endloop
  endfacet
  facet normal 0.773021 0.634381 -0
    outer loop
      vertex 88.5865 60.0555 0
      vertex 88.5865 60.0555 4
      vertex 88.7979 59.7979 0
    endloop
  endfacet
  facet normal 0.773021 0.634381 0
    outer loop
      vertex 88.7979 59.7979 4
      vertex 88.7979 59.7979 0
      vertex 88.5865 60.0555 4
    endloop
  endfacet
  facet normal 0.881912 0.471413 -0
    outer loop
      vertex 88.4294 60.3494 0
      vertex 88.4294 60.3494 4
      vertex 88.5865 60.0555 0
    endloop
  endfacet
  facet normal 0.881912 0.471413 0
    outer loop
      vertex 88.5865 60.0555 4
      vertex 88.5865 60.0555 0
      vertex 88.4294 60.3494 4
    endloop
  endfacet
  facet normal 0.956971 0.290182 -0
    outer loop
      vertex 88.3327 60.6683 0
      vertex 88.3327 60.6683 4
      vertex 88.4294 60.3494 0
    endloop
  endfacet
  facet normal 0.956971 0.290182 0
    outer loop
      vertex 88.4294 60.3494 4
      vertex 88.4294 60.3494 0
      vertex 88.3327 60.6683 4
    endloop
  endfacet
  facet normal 0.995176 0.0981075 -0
    outer loop
      vertex 88.3 61 0
      vertex 88.3 61 4
      vertex 88.3327 60.6683 0
    endloop
  endfacet
  facet normal 0.995176 0.0981075 0
    outer loop
      vertex 88.3327 60.6683 4
      vertex 88.3327 60.6683 0
      vertex 88.3 61 4
    endloop
  endfacet
  facet normal 0.995173 -0.0981368 0
    outer loop
      vertex 88.3327 61.3316 0
      vertex 88.3327 61.3316 4
      vertex 88.3 61 0
    endloop
  endfacet
  facet normal 0.995173 -0.0981368 0
    outer loop
      vertex 88.3 61 4
      vertex 88.3 61 0
      vertex 88.3327 61.3316 4
    endloop
  endfacet
  facet normal 0.956997 -0.290099 0
    outer loop
      vertex 88.4294 61.6506 0
      vertex 88.4294 61.6506 4
      vertex 88.3327 61.3316 0
    endloop
  endfacet
  facet normal 0.956997 -0.290099 0
    outer loop
      vertex 88.3327 61.3316 4
      vertex 88.3327 61.3316 0
      vertex 88.4294 61.6506 4
    endloop
  endfacet
  facet normal 0.881912 -0.471413 0
    outer loop
      vertex 88.5865 61.9445 0
      vertex 88.5865 61.9445 4
      vertex 88.4294 61.6506 0
    endloop
  endfacet
  facet normal 0.881912 -0.471413 0
    outer loop
      vertex 88.4294 61.6506 4
      vertex 88.4294 61.6506 0
      vertex 88.5865 61.9445 4
    endloop
  endfacet
  facet normal 0.773021 -0.634381 0
    outer loop
      vertex 88.7979 62.2021 0
      vertex 88.7979 62.2021 4
      vertex 88.5865 61.9445 0
    endloop
  endfacet
  facet normal 0.773021 -0.634381 0
    outer loop
      vertex 88.5865 61.9445 4
      vertex 88.5865 61.9445 0
      vertex 88.7979 62.2021 4
    endloop
  endfacet
  facet normal 0.634381 -0.773021 0
    outer loop
      vertex 89.0555 62.4135 0
      vertex 89.0555 62.4135 4
      vertex 88.7979 62.2021 0
    endloop
  endfacet
  facet normal 0.634381 -0.773021 0
    outer loop
      vertex 88.7979 62.2021 4
      vertex 88.7979 62.2021 0
      vertex 89.0555 62.4135 4
    endloop
  endfacet
  facet normal 0.471413 -0.881912 0
    outer loop
      vertex 89.3494 62.5706 0
      vertex 89.3494 62.5706 4
      vertex 89.0555 62.4135 0
    endloop
  endfacet
  facet normal 0.471413 -0.881912 0
    outer loop
      vertex 89.0555 62.4135 4
      vertex 89.0555 62.4135 0
      vertex 89.3494 62.5706 4
    endloop
  endfacet
  facet normal 0.290182 -0.956971 0
    outer loop
      vertex 89.6683 62.6673 0
      vertex 89.6683 62.6673 4
      vertex 89.3494 62.5706 0
    endloop
  endfacet
  facet normal 0.290182 -0.956971 0
    outer loop
      vertex 89.3494 62.5706 4
      vertex 89.3494 62.5706 0
      vertex 89.6683 62.6673 4
    endloop
  endfacet
  facet normal 0.0981075 -0.995176 0
    outer loop
      vertex 90 62.7 0
      vertex 90 62.7 4
      vertex 89.6683 62.6673 0
    endloop
  endfacet
  facet normal 0.0981075 -0.995176 0
    outer loop
      vertex 89.6683 62.6673 4
      vertex 89.6683 62.6673 0
      vertex 90 62.7 4
    endloop
  endfacet
  facet normal -0.0981368 -0.995173 0
    outer loop
      vertex 90.3316 62.6673 0
      vertex 90.3316 62.6673 4
      vertex 90 62.7 0
    endloop
  endfacet
  facet normal -0.0981368 -0.995173 -0
    outer loop
      vertex 90 62.7 4
      vertex 90 62.7 0
      vertex 90.3316 62.6673 4
    endloop
  endfacet
  facet normal -0.290099 -0.956997 0
    outer loop
      vertex 90.6506 62.5706 0
      vertex 90.6506 62.5706 4
      vertex 90.3316 62.6673 0
    endloop
  endfacet
  facet normal -0.290099 -0.956997 -0
    outer loop
      vertex 90.3316 62.6673 4
      vertex 90.3316 62.6673 0
      vertex 90.6506 62.5706 4
    endloop
  endfacet
  facet normal -0.471413 -0.881912 0
    outer loop
      vertex 90.9445 62.4135 0
      vertex 90.9445 62.4135 4
      vertex 90.6506 62.5706 0
    endloop
  endfacet
  facet normal -0.471413 -0.881912 -0
    outer loop
      vertex 90.6506 62.5706 4
      vertex 90.6506 62.5706 0
      vertex 90.9445 62.4135 4
    endloop
  endfacet
  facet normal -0.634381 -0.773021 0
    outer loop
      vertex 91.2021 62.2021 0
      vertex 91.2021 62.2021 4
      vertex 90.9445 62.4135 0
    endloop
  endfacet
  facet normal -0.634381 -0.773021 -0
    outer loop
      vertex 90.9445 62.4135 4
      vertex 90.9445 62.4135 0
      vertex 91.2021 62.2021 4
    endloop
  endfacet
  facet normal -0.773021 -0.634381 0
    outer loop
      vertex 91.4135 61.9445 0
      vertex 91.4135 61.9445 4
      vertex 91.2021 62.2021 0
    endloop
  endfacet
  facet normal -0.773021 -0.634381 -0
    outer loop
      vertex 91.2021 62.2021 4
      vertex 91.2021 62.2021 0
      vertex 91.4135 61.9445 4
    endloop
  endfacet
  facet normal -0.881912 -0.471413 0
    outer loop
      vertex 91.5706 61.6506 0
      vertex 91.5706 61.6506 4
      vertex 91.4135 61.9445 0
    endloop
  endfacet
  facet normal -0.881912 -0.471413 -0
    outer loop
      vertex 91.4135 61.9445 4
      vertex 91.4135 61.9445 0
      vertex 91.5706 61.6506 4
    endloop
  endfacet
  facet normal -0.956997 -0.290099 0
    outer loop
      vertex 91.6673 61.3316 0
      vertex 91.6673 61.3316 4
      vertex 91.5706 61.6506 0
    endloop
  endfacet
  facet normal -0.956997 -0.290099 -0
    outer loop
      vertex 91.5706 61.6506 4
      vertex 91.5706 61.6506 0
      vertex 91.6673 61.3316 4
    endloop
  endfacet
  facet normal -0.995173 -0.0981368 0
    outer loop
      vertex 91.7 61 0
      vertex 91.7 61 4
      vertex 91.6673 61.3316 0
    endloop
  endfacet
  facet normal -0.995173 -0.0981368 -0
    outer loop
      vertex 91.6673 61.3316 4
      vertex 91.6673 61.3316 0
      vertex 91.7 61 4
    endloop
  endfacet
  facet normal -0.995176 0.0981075 0
    outer loop
      vertex 91.6673 60.6683 0
      vertex 91.6673 60.6683 4
      vertex 91.7 61 0
    endloop
  endfacet
  facet normal -0.995176 0.0981075 0
    outer loop
      vertex 91.7 61 4
      vertex 91.7 61 0
      vertex 91.6673 60.6683 4
    endloop
  endfacet
  facet normal -0.956971 0.290182 0
    outer loop
      vertex 91.5706 60.3494 0
      vertex 91.5706 60.3494 4
      vertex 91.6673 60.6683 0
    endloop
  endfacet
  facet normal -0.956971 0.290182 0
    outer loop
      vertex 91.6673 60.6683 4
      vertex 91.6673 60.6683 0
      vertex 91.5706 60.3494 4
    endloop
  endfacet
  facet normal -0.881912 0.471413 0
    outer loop
      vertex 91.4135 60.0555 0
      vertex 91.4135 60.0555 4
      vertex 91.5706 60.3494 0
    endloop
  endfacet
  facet normal -0.881912 0.471413 0
    outer loop
      vertex 91.5706 60.3494 4
      vertex 91.5706 60.3494 0
      vertex 91.4135 60.0555 4
    endloop
  endfacet
  facet normal -0.773021 0.634381 0
    outer loop
      vertex 91.2021 59.7979 0
      vertex 91.2021 59.7979 4
      vertex 91.4135 60.0555 0
    endloop
  endfacet
  facet normal -0.773021 0.634381 0
    outer loop
      vertex 91.4135 60.0555 4
      vertex 91.4135 60.0555 0
      vertex 91.2021 59.7979 4
    endloop
  endfacet
  facet normal -0.634381 0.773021 0
    outer loop
      vertex 90.9445 59.5865 0
      vertex 90.9445 59.5865 4
      vertex 91.2021 59.7979 0
    endloop
  endfacet
  facet normal -0.634381 0.773021 0
    outer loop
      vertex 91.2021 59.7979 4
      vertex 91.2021 59.7979 0
      vertex 90.9445 59.5865 4
    endloop
  endfacet
  facet normal -0.471413 0.881912 0
    outer loop
      vertex 90.6506 59.4294 0
      vertex 90.6506 59.4294 4
      vertex 90.9445 59.5865 0
    endloop
  endfacet
  facet normal -0.471413 0.881912 0
    outer loop
      vertex 90.9445 59.5865 4
      vertex 90.9445 59.5865 0
      vertex 90.6506 59.4294 4
    endloop
  endfacet
  facet normal -0.290099 0.956997 0
    outer loop
      vertex 90.3316 59.3327 0
      vertex 90.3316 59.3327 4
      vertex 90.6506 59.4294 0
    endloop
  endfacet
  facet normal -0.290099 0.956997 0
    outer loop
      vertex 90.6506 59.4294 4
      vertex 90.6506 59.4294 0
      vertex 90.3316 59.3327 4
    endloop
  endfacet
  facet normal -0.0981368 0.995173 0
    outer loop
      vertex 90 59.3 0
      vertex 90 59.3 4
      vertex 90.3316 59.3327 0
    endloop
  endfacet
  facet normal -0.0981368 0.995173 0
    outer loop
      vertex 90.3316 59.3327 4
      vertex 90.3316 59.3327 0
      vertex 90 59.3 4
    endloop
  endfacet
  facet normal 0.0981075 0.995176 -0
    outer loop
      vertex 89.6683 59.3327 0
      vertex 89.6683 59.3327 4
      vertex 90 59.3 0
    endloop
  endfacet
  facet normal 0.0981075 0.995176 0
    outer loop
      vertex 90 59.3 4
      vertex 90 59.3 0
      vertex 89.6683 59.3327 4
    endloop
  endfacet
  facet normal 0.290099 0.956997 -0
    outer loop
      vertex -54.6506 59.4294 0
      vertex -54.6506 59.4294 4
      vertex -54.3316 59.3327 0
    endloop
  endfacet
  facet normal 0.290099 0.956997 0
    outer loop
      vertex -54.3316 59.3327 4
      vertex -54.3316 59.3327 0
      vertex -54.6506 59.4294 4
    endloop
  endfacet
  facet normal 0.471413 0.881912 -0
    outer loop
      vertex -54.9445 59.5865 0
      vertex -54.9445 59.5865 4
      vertex -54.6506 59.4294 0
    endloop
  endfacet
  facet normal 0.471413 0.881912 0
    outer loop
      vertex -54.6506 59.4294 4
      vertex -54.6506 59.4294 0
      vertex -54.9445 59.5865 4
    endloop
  endfacet
  facet normal 0.634381 0.773021 -0
    outer loop
      vertex -55.2021 59.7979 0
      vertex -55.2021 59.7979 4
      vertex -54.9445 59.5865 0
    endloop
  endfacet
  facet normal 0.634381 0.773021 0
    outer loop
      vertex -54.9445 59.5865 4
      vertex -54.9445 59.5865 0
      vertex -55.2021 59.7979 4
    endloop
  endfacet
  facet normal 0.773021 0.634381 -0
    outer loop
      vertex -55.4135 60.0555 0
      vertex -55.4135 60.0555 4
      vertex -55.2021 59.7979 0
    endloop
  endfacet
  facet normal 0.773021 0.634381 0
    outer loop
      vertex -55.2021 59.7979 4
      vertex -55.2021 59.7979 0
      vertex -55.4135 60.0555 4
    endloop
  endfacet
  facet normal 0.881912 0.471413 -0
    outer loop
      vertex -55.5706 60.3494 0
      vertex -55.5706 60.3494 4
      vertex -55.4135 60.0555 0
    endloop
  endfacet
  facet normal 0.881912 0.471413 0
    outer loop
      vertex -55.4135 60.0555 4
      vertex -55.4135 60.0555 0
      vertex -55.5706 60.3494 4
    endloop
  endfacet
  facet normal 0.956971 0.290182 -0
    outer loop
      vertex -55.6673 60.6683 0
      vertex -55.6673 60.6683 4
      vertex -55.5706 60.3494 0
    endloop
  endfacet
  facet normal 0.956971 0.290182 0
    outer loop
      vertex -55.5706 60.3494 4
      vertex -55.5706 60.3494 0
      vertex -55.6673 60.6683 4
    endloop
  endfacet
  facet normal 0.995176 0.0981075 -0
    outer loop
      vertex -55.7 61 0
      vertex -55.7 61 4
      vertex -55.6673 60.6683 0
    endloop
  endfacet
  facet normal 0.995176 0.0981075 0
    outer loop
      vertex -55.6673 60.6683 4
      vertex -55.6673 60.6683 0
      vertex -55.7 61 4
    endloop
  endfacet
  facet normal 0.995173 -0.0981368 0
    outer loop
      vertex -55.6673 61.3316 0
      vertex -55.6673 61.3316 4
      vertex -55.7 61 0
    endloop
  endfacet
  facet normal 0.995173 -0.0981368 0
    outer loop
      vertex -55.7 61 4
      vertex -55.7 61 0
      vertex -55.6673 61.3316 4
    endloop
  endfacet
  facet normal 0.956997 -0.290099 0
    outer loop
      vertex -55.5706 61.6506 0
      vertex -55.5706 61.6506 4
      vertex -55.6673 61.3316 0
    endloop
  endfacet
  facet normal 0.956997 -0.290099 0
    outer loop
      vertex -55.6673 61.3316 4
      vertex -55.6673 61.3316 0
      vertex -55.5706 61.6506 4
    endloop
  endfacet
  facet normal 0.881912 -0.471413 0
    outer loop
      vertex -55.4135 61.9445 0
      vertex -55.4135 61.9445 4
      vertex -55.5706 61.6506 0
    endloop
  endfacet
  facet normal 0.881912 -0.471413 0
    outer loop
      vertex -55.5706 61.6506 4
      vertex -55.5706 61.6506 0
      vertex -55.4135 61.9445 4
    endloop
  endfacet
  facet normal 0.773021 -0.634381 0
    outer loop
      vertex -55.2021 62.2021 0
      vertex -55.2021 62.2021 4
      vertex -55.4135 61.9445 0
    endloop
  endfacet
  facet normal 0.773021 -0.634381 0
    outer loop
      vertex -55.4135 61.9445 4
      vertex -55.4135 61.9445 0
      vertex -55.2021 62.2021 4
    endloop
  endfacet
  facet normal 0.634381 -0.773021 0
    outer loop
      vertex -54.9445 62.4135 0
      vertex -54.9445 62.4135 4
      vertex -55.2021 62.2021 0
    endloop
  endfacet
  facet normal 0.634381 -0.773021 0
    outer loop
      vertex -55.2021 62.2021 4
      vertex -55.2021 62.2021 0
      vertex -54.9445 62.4135 4
    endloop
  endfacet
  facet normal 0.471413 -0.881912 0
    outer loop
      vertex -54.6506 62.5706 0
      vertex -54.6506 62.5706 4
      vertex -54.9445 62.4135 0
    endloop
  endfacet
  facet normal 0.471413 -0.881912 0
    outer loop
      vertex -54.9445 62.4135 4
      vertex -54.9445 62.4135 0
      vertex -54.6506 62.5706 4
    endloop
  endfacet
  facet normal 0.290099 -0.956997 0
    outer loop
      vertex -54.3316 62.6673 0
      vertex -54.3316 62.6673 4
      vertex -54.6506 62.5706 0
    endloop
  endfacet
  facet normal 0.290099 -0.956997 0
    outer loop
      vertex -54.6506 62.5706 4
      vertex -54.6506 62.5706 0
      vertex -54.3316 62.6673 4
    endloop
  endfacet
  facet normal 0.0981368 -0.995173 0
    outer loop
      vertex -54 62.7 0
      vertex -54 62.7 4
      vertex -54.3316 62.6673 0
    endloop
  endfacet
  facet normal 0.0981368 -0.995173 0
    outer loop
      vertex -54.3316 62.6673 4
      vertex -54.3316 62.6673 0
      vertex -54 62.7 4
    endloop
  endfacet
  facet normal -0.0981075 -0.995176 0
    outer loop
      vertex -53.6683 62.6673 0
      vertex -53.6683 62.6673 4
      vertex -54 62.7 0
    endloop
  endfacet
  facet normal -0.0981075 -0.995176 -0
    outer loop
      vertex -54 62.7 4
      vertex -54 62.7 0
      vertex -53.6683 62.6673 4
    endloop
  endfacet
  facet normal -0.290182 -0.956971 0
    outer loop
      vertex -53.3494 62.5706 0
      vertex -53.3494 62.5706 4
      vertex -53.6683 62.6673 0
    endloop
  endfacet
  facet normal -0.290182 -0.956971 -0
    outer loop
      vertex -53.6683 62.6673 4
      vertex -53.6683 62.6673 0
      vertex -53.3494 62.5706 4
    endloop
  endfacet
  facet normal -0.471413 -0.881912 0
    outer loop
      vertex -53.0555 62.4135 0
      vertex -53.0555 62.4135 4
      vertex -53.3494 62.5706 0
    endloop
  endfacet
  facet normal -0.471413 -0.881912 -0
    outer loop
      vertex -53.3494 62.5706 4
      vertex -53.3494 62.5706 0
      vertex -53.0555 62.4135 4
    endloop
  endfacet
  facet normal -0.634381 -0.773021 0
    outer loop
      vertex -52.7979 62.2021 0
      vertex -52.7979 62.2021 4
      vertex -53.0555 62.4135 0
    endloop
  endfacet
  facet normal -0.634381 -0.773021 -0
    outer loop
      vertex -53.0555 62.4135 4
      vertex -53.0555 62.4135 0
      vertex -52.7979 62.2021 4
    endloop
  endfacet
  facet normal -0.773021 -0.634381 0
    outer loop
      vertex -52.5865 61.9445 0
      vertex -52.5865 61.9445 4
      vertex -52.7979 62.2021 0
    endloop
  endfacet
  facet normal -0.773021 -0.634381 -0
    outer loop
      vertex -52.7979 62.2021 4
      vertex -52.7979 62.2021 0
      vertex -52.5865 61.9445 4
    endloop
  endfacet
  facet normal -0.881912 -0.471413 0
    outer loop
      vertex -52.4294 61.6506 0
      vertex -52.4294 61.6506 4
      vertex -52.5865 61.9445 0
    endloop
  endfacet
  facet normal -0.881912 -0.471413 -0
    outer loop
      vertex -52.5865 61.9445 4
      vertex -52.5865 61.9445 0
      vertex -52.4294 61.6506 4
    endloop
  endfacet
  facet normal -0.956997 -0.290099 0
    outer loop
      vertex -52.3327 61.3316 0
      vertex -52.3327 61.3316 4
      vertex -52.4294 61.6506 0
    endloop
  endfacet
  facet normal -0.956997 -0.290099 -0
    outer loop
      vertex -52.4294 61.6506 4
      vertex -52.4294 61.6506 0
      vertex -52.3327 61.3316 4
    endloop
  endfacet
  facet normal -0.995173 -0.0981368 0
    outer loop
      vertex -52.3 61 0
      vertex -52.3 61 4
      vertex -52.3327 61.3316 0
    endloop
  endfacet
  facet normal -0.995173 -0.0981368 -0
    outer loop
      vertex -52.3327 61.3316 4
      vertex -52.3327 61.3316 0
      vertex -52.3 61 4
    endloop
  endfacet
  facet normal -0.995176 0.0981075 0
    outer loop
      vertex -52.3327 60.6683 0
      vertex -52.3327 60.6683 4
      vertex -52.3 61 0
    endloop
  endfacet
  facet normal -0.995176 0.0981075 0
    outer loop
      vertex -52.3 61 4
      vertex -52.3 61 0
      vertex -52.3327 60.6683 4
    endloop
  endfacet
  facet normal -0.956971 0.290182 0
    outer loop
      vertex -52.4294 60.3494 0
      vertex -52.4294 60.3494 4
      vertex -52.3327 60.6683 0
    endloop
  endfacet
  facet normal -0.956971 0.290182 0
    outer loop
      vertex -52.3327 60.6683 4
      vertex -52.3327 60.6683 0
      vertex -52.4294 60.3494 4
    endloop
  endfacet
  facet normal -0.881912 0.471413 0
    outer loop
      vertex -52.5865 60.0555 0
      vertex -52.5865 60.0555 4
      vertex -52.4294 60.3494 0
    endloop
  endfacet
  facet normal -0.881912 0.471413 0
    outer loop
      vertex -52.4294 60.3494 4
      vertex -52.4294 60.3494 0
      vertex -52.5865 60.0555 4
    endloop
  endfacet
  facet normal -0.773021 0.634381 0
    outer loop
      vertex -52.7979 59.7979 0
      vertex -52.7979 59.7979 4
      vertex -52.5865 60.0555 0
    endloop
  endfacet
  facet normal -0.773021 0.634381 0
    outer loop
      vertex -52.5865 60.0555 4
      vertex -52.5865 60.0555 0
      vertex -52.7979 59.7979 4
    endloop
  endfacet
  facet normal -0.634381 0.773021 0
    outer loop
      vertex -53.0555 59.5865 0
      vertex -53.0555 59.5865 4
      vertex -52.7979 59.7979 0
    endloop
  endfacet
  facet normal -0.634381 0.773021 0
    outer loop
      vertex -52.7979 59.7979 4
      vertex -52.7979 59.7979 0
      vertex -53.0555 59.5865 4
    endloop
  endfacet
  facet normal -0.471413 0.881912 0
    outer loop
      vertex -53.3494 59.4294 0
      vertex -53.3494 59.4294 4
      vertex -53.0555 59.5865 0
    endloop
  endfacet
  facet normal -0.471413 0.881912 0
    outer loop
      vertex -53.0555 59.5865 4
      vertex -53.0555 59.5865 0
      vertex -53.3494 59.4294 4
    endloop
  endfacet
  facet normal -0.290182 0.956971 0
    outer loop
      vertex -53.6683 59.3327 0
      vertex -53.6683 59.3327 4
      vertex -53.3494 59.4294 0
    endloop
  endfacet
  facet normal -0.290182 0.956971 0
    outer loop
      vertex -53.3494 59.4294 4
      vertex -53.3494 59.4294 0
      vertex -53.6683 59.3327 4
    endloop
  endfacet
  facet normal -0.0981075 0.995176 0
    outer loop
      vertex -54 59.3 0
      vertex -54 59.3 4
      vertex -53.6683 59.3327 0
    endloop
  endfacet
  facet normal -0.0981075 0.995176 0
    outer loop
      vertex -53.6683 59.3327 4
      vertex -53.6683 59.3327 0
      vertex -54 59.3 4
    endloop
  endfacet
  facet normal 0.0981368 0.995173 -0
    outer loop
      vertex -54.3316 59.3327 0
      vertex -54.3316 59.3327 4
      vertex -54 59.3 0
    endloop
  endfacet
  facet normal 0.0981368 0.995173 0
    outer loop
      vertex -54 59.3 4
      vertex -54 59.3 0
      vertex -54.3316 59.3327 4
    endloop
  endfacet
  facet normal 0.290099 0.956997 -0
    outer loop
      vertex -90.6506 59.4294 0
      vertex -90.6506 59.4294 4
      vertex -90.3316 59.3327 0
    endloop
  endfacet
  facet normal 0.290099 0.956997 0
    outer loop
      vertex -90.3316 59.3327 4
      vertex -90.3316 59.3327 0
      vertex -90.6506 59.4294 4
    endloop
  endfacet
  facet normal 0.471413 0.881912 -0
    outer loop
      vertex -90.9445 59.5865 0
      vertex -90.9445 59.5865 4
      vertex -90.6506 59.4294 0
    endloop
  endfacet
  facet normal 0.471413 0.881912 0
    outer loop
      vertex -90.6506 59.4294 4
      vertex -90.6506 59.4294 0
      vertex -90.9445 59.5865 4
    endloop
  endfacet
  facet normal 0.634381 0.773021 -0
    outer loop
      vertex -91.2021 59.7979 0
      vertex -91.2021 59.7979 4
      vertex -90.9445 59.5865 0
    endloop
  endfacet
  facet normal 0.634381 0.773021 0
    outer loop
      vertex -90.9445 59.5865 4
      vertex -90.9445 59.5865 0
      vertex -91.2021 59.7979 4
    endloop
  endfacet
  facet normal 0.773021 0.634381 -0
    outer loop
      vertex -91.4135 60.0555 0
      vertex -91.4135 60.0555 4
      vertex -91.2021 59.7979 0
    endloop
  endfacet
  facet normal 0.773021 0.634381 0
    outer loop
      vertex -91.2021 59.7979 4
      vertex -91.2021 59.7979 0
      vertex -91.4135 60.0555 4
    endloop
  endfacet
  facet normal 0.881912 0.471413 -0
    outer loop
      vertex -91.5706 60.3494 0
      vertex -91.5706 60.3494 4
      vertex -91.4135 60.0555 0
    endloop
  endfacet
  facet normal 0.881912 0.471413 0
    outer loop
      vertex -91.4135 60.0555 4
      vertex -91.4135 60.0555 0
      vertex -91.5706 60.3494 4
    endloop
  endfacet
  facet normal 0.956971 0.290182 -0
    outer loop
      vertex -91.6673 60.6683 0
      vertex -91.6673 60.6683 4
      vertex -91.5706 60.3494 0
    endloop
  endfacet
  facet normal 0.956971 0.290182 0
    outer loop
      vertex -91.5706 60.3494 4
      vertex -91.5706 60.3494 0
      vertex -91.6673 60.6683 4
    endloop
  endfacet
  facet normal 0.995176 0.0981075 -0
    outer loop
      vertex -91.7 61 0
      vertex -91.7 61 4
      vertex -91.6673 60.6683 0
    endloop
  endfacet
  facet normal 0.995176 0.0981075 0
    outer loop
      vertex -91.6673 60.6683 4
      vertex -91.6673 60.6683 0
      vertex -91.7 61 4
    endloop
  endfacet
  facet normal 0.995173 -0.0981368 0
    outer loop
      vertex -91.6673 61.3316 0
      vertex -91.6673 61.3316 4
      vertex -91.7 61 0
    endloop
  endfacet
  facet normal 0.995173 -0.0981368 0
    outer loop
      vertex -91.7 61 4
      vertex -91.7 61 0
      vertex -91.6673 61.3316 4
    endloop
  endfacet
  facet normal 0.956997 -0.290099 0
    outer loop
      vertex -91.5706 61.6506 0
      vertex -91.5706 61.6506 4
      vertex -91.6673 61.3316 0
    endloop
  endfacet
  facet normal 0.956997 -0.290099 0
    outer loop
      vertex -91.6673 61.3316 4
      vertex -91.6673 61.3316 0
      vertex -91.5706 61.6506 4
    endloop
  endfacet
  facet normal 0.881912 -0.471413 0
    outer loop
      vertex -91.4135 61.9445 0
      vertex -91.4135 61.9445 4
      vertex -91.5706 61.6506 0
    endloop
  endfacet
  facet normal 0.881912 -0.471413 0
    outer loop
      vertex -91.5706 61.6506 4
      vertex -91.5706 61.6506 0
      vertex -91.4135 61.9445 4
    endloop
  endfacet
  facet normal 0.773021 -0.634381 0
    outer loop
      vertex -91.2021 62.2021 0
      vertex -91.2021 62.2021 4
      vertex -91.4135 61.9445 0
    endloop
  endfacet
  facet normal 0.773021 -0.634381 0
    outer loop
      vertex -91.4135 61.9445 4
      vertex -91.4135 61.9445 0
      vertex -91.2021 62.2021 4
    endloop
  endfacet
  facet normal 0.634381 -0.773021 0
    outer loop
      vertex -90.9445 62.4135 0
      vertex -90.9445 62.4135 4
      vertex -91.2021 62.2021 0
    endloop
  endfacet
  facet normal 0.634381 -0.773021 0
    outer loop
      vertex -91.2021 62.2021 4
      vertex -91.2021 62.2021 0
      vertex -90.9445 62.4135 4
    endloop
  endfacet
  facet normal 0.471413 -0.881912 0
    outer loop
      vertex -90.6506 62.5706 0
      vertex -90.6506 62.5706 4
      vertex -90.9445 62.4135 0
    endloop
  endfacet
  facet normal 0.471413 -0.881912 0
    outer loop
      vertex -90.9445 62.4135 4
      vertex -90.9445 62.4135 0
      vertex -90.6506 62.5706 4
    endloop
  endfacet
  facet normal 0.290099 -0.956997 0
    outer loop
      vertex -90.3316 62.6673 0
      vertex -90.3316 62.6673 4
      vertex -90.6506 62.5706 0
    endloop
  endfacet
  facet normal 0.290099 -0.956997 0
    outer loop
      vertex -90.6506 62.5706 4
      vertex -90.6506 62.5706 0
      vertex -90.3316 62.6673 4
    endloop
  endfacet
  facet normal 0.0981368 -0.995173 0
    outer loop
      vertex -90 62.7 0
      vertex -90 62.7 4
      vertex -90.3316 62.6673 0
    endloop
  endfacet
  facet normal 0.0981368 -0.995173 0
    outer loop
      vertex -90.3316 62.6673 4
      vertex -90.3316 62.6673 0
      vertex -90 62.7 4
    endloop
  endfacet
  facet normal -0.0981075 -0.995176 0
    outer loop
      vertex -89.6683 62.6673 0
      vertex -89.6683 62.6673 4
      vertex -90 62.7 0
    endloop
  endfacet
  facet normal -0.0981075 -0.995176 -0
    outer loop
      vertex -90 62.7 4
      vertex -90 62.7 0
      vertex -89.6683 62.6673 4
    endloop
  endfacet
  facet normal -0.290182 -0.956971 0
    outer loop
      vertex -89.3494 62.5706 0
      vertex -89.3494 62.5706 4
      vertex -89.6683 62.6673 0
    endloop
  endfacet
  facet normal -0.290182 -0.956971 -0
    outer loop
      vertex -89.6683 62.6673 4
      vertex -89.6683 62.6673 0
      vertex -89.3494 62.5706 4
    endloop
  endfacet
  facet normal -0.471413 -0.881912 0
    outer loop
      vertex -89.0555 62.4135 0
      vertex -89.0555 62.4135 4
      vertex -89.3494 62.5706 0
    endloop
  endfacet
  facet normal -0.471413 -0.881912 -0
    outer loop
      vertex -89.3494 62.5706 4
      vertex -89.3494 62.5706 0
      vertex -89.0555 62.4135 4
    endloop
  endfacet
  facet normal -0.634381 -0.773021 0
    outer loop
      vertex -88.7979 62.2021 0
      vertex -88.7979 62.2021 4
      vertex -89.0555 62.4135 0
    endloop
  endfacet
  facet normal -0.634381 -0.773021 -0
    outer loop
      vertex -89.0555 62.4135 4
      vertex -89.0555 62.4135 0
      vertex -88.7979 62.2021 4
    endloop
  endfacet
  facet normal -0.773021 -0.634381 0
    outer loop
      vertex -88.5865 61.9445 0
      vertex -88.5865 61.9445 4
      vertex -88.7979 62.2021 0
    endloop
  endfacet
  facet normal -0.773021 -0.634381 -0
    outer loop
      vertex -88.7979 62.2021 4
      vertex -88.7979 62.2021 0
      vertex -88.5865 61.9445 4
    endloop
  endfacet
  facet normal -0.881912 -0.471413 0
    outer loop
      vertex -88.4294 61.6506 0
      vertex -88.4294 61.6506 4
      vertex -88.5865 61.9445 0
    endloop
  endfacet
  facet normal -0.881912 -0.471413 -0
    outer loop
      vertex -88.5865 61.9445 4
      vertex -88.5865 61.9445 0
      vertex -88.4294 61.6506 4
    endloop
  endfacet
  facet normal -0.956997 -0.290099 0
    outer loop
      vertex -88.3327 61.3316 0
      vertex -88.3327 61.3316 4
      vertex -88.4294 61.6506 0
    endloop
  endfacet
  facet normal -0.956997 -0.290099 -0
    outer loop
      vertex -88.4294 61.6506 4
      vertex -88.4294 61.6506 0
      vertex -88.3327 61.3316 4
    endloop
  endfacet
  facet normal -0.995173 -0.0981368 0
    outer loop
      vertex -88.3 61 0
      vertex -88.3 61 4
      vertex -88.3327 61.3316 0
    endloop
  endfacet
  facet normal -0.995173 -0.0981368 -0
    outer loop
      vertex -88.3327 61.3316 4
      vertex -88.3327 61.3316 0
      vertex -88.3 61 4
    endloop
  endfacet
  facet normal -0.995176 0.0981075 0
    outer loop
      vertex -88.3327 60.6683 0
      vertex -88.3327 60.6683 4
      vertex -88.3 61 0
    endloop
  endfacet
  facet normal -0.995176 0.0981075 0
    outer loop
      vertex -88.3 61 4
      vertex -88.3 61 0
      vertex -88.3327 60.6683 4
    endloop
  endfacet
  facet normal -0.956971 0.290182 0
    outer loop
      vertex -88.4294 60.3494 0
      vertex -88.4294 60.3494 4
      vertex -88.3327 60.6683 0
    endloop
  endfacet
  facet normal -0.956971 0.290182 0
    outer loop
      vertex -88.3327 60.6683 4
      vertex -88.3327 60.6683 0
      vertex -88.4294 60.3494 4
    endloop
  endfacet
  facet normal -0.881912 0.471413 0
    outer loop
      vertex -88.5865 60.0555 0
      vertex -88.5865 60.0555 4
      vertex -88.4294 60.3494 0
    endloop
  endfacet
  facet normal -0.881912 0.471413 0
    outer loop
      vertex -88.4294 60.3494 4
      vertex -88.4294 60.3494 0
      vertex -88.5865 60.0555 4
    endloop
  endfacet
  facet normal -0.773021 0.634381 0
    outer loop
      vertex -88.7979 59.7979 0
      vertex -88.7979 59.7979 4
      vertex -88.5865 60.0555 0
    endloop
  endfacet
  facet normal -0.773021 0.634381 0
    outer loop
      vertex -88.5865 60.0555 4
      vertex -88.5865 60.0555 0
      vertex -88.7979 59.7979 4
    endloop
  endfacet
  facet normal -0.634381 0.773021 0
    outer loop
      vertex -89.0555 59.5865 0
      vertex -89.0555 59.5865 4
      vertex -88.7979 59.7979 0
    endloop
  endfacet
  facet normal -0.634381 0.773021 0
    outer loop
      vertex -88.7979 59.7979 4
      vertex -88.7979 59.7979 0
      vertex -89.0555 59.5865 4
    endloop
  endfacet
  facet normal -0.471413 0.881912 0
    outer loop
      vertex -89.3494 59.4294 0
      vertex -89.3494 59.4294 4
      vertex -89.0555 59.5865 0
    endloop
  endfacet
  facet normal -0.471413 0.881912 0
    outer loop
      vertex -89.0555 59.5865 4
      vertex -89.0555 59.5865 0
      vertex -89.3494 59.4294 4
    endloop
  endfacet
  facet normal -0.290182 0.956971 0
    outer loop
      vertex -89.6683 59.3327 0
      vertex -89.6683 59.3327 4
      vertex -89.3494 59.4294 0
    endloop
  endfacet
  facet normal -0.290182 0.956971 0
    outer loop
      vertex -89.3494 59.4294 4
      vertex -89.3494 59.4294 0
      vertex -89.6683 59.3327 4
    endloop
  endfacet
  facet normal -0.0981075 0.995176 0
    outer loop
      vertex -90 59.3 0
      vertex -90 59.3 4
      vertex -89.6683 59.3327 0
    endloop
  endfacet
  facet normal -0.0981075 0.995176 0
    outer loop
      vertex -89.6683 59.3327 4
      vertex -89.6683 59.3327 0
      vertex -90 59.3 4
    endloop
  endfacet
  facet normal 0.0981368 0.995173 -0
    outer loop
      vertex -90.3316 59.3327 0
      vertex -90.3316 59.3327 4
      vertex -90 59.3 0
    endloop
  endfacet
  facet normal 0.0981368 0.995173 0
    outer loop
      vertex -90 59.3 4
      vertex -90 59.3 0
      vertex -90.3316 59.3327 4
    endloop
  endfacet
  facet normal 0.290099 0.956997 -0
    outer loop
      vertex 109.349 58.4294 0
      vertex 109.349 58.4294 4
      vertex 109.668 58.3327 0
    endloop
  endfacet
  facet normal 0.290099 0.956997 0
    outer loop
      vertex 109.668 58.3327 4
      vertex 109.668 58.3327 0
      vertex 109.349 58.4294 4
    endloop
  endfacet
  facet normal 0.472539 0.88131 -0
    outer loop
      vertex 109.056 58.5865 0
      vertex 109.056 58.5865 4
      vertex 109.349 58.4294 0
    endloop
  endfacet
  facet normal 0.472539 0.88131 0
    outer loop
      vertex 109.349 58.4294 4
      vertex 109.349 58.4294 0
      vertex 109.056 58.5865 4
    endloop
  endfacet
  facet normal 0.633793 0.773503 -0
    outer loop
      vertex 108.798 58.7979 0
      vertex 108.798 58.7979 4
      vertex 109.056 58.5865 0
    endloop
  endfacet
  facet normal 0.633793 0.773503 0
    outer loop
      vertex 109.056 58.5865 4
      vertex 109.056 58.5865 0
      vertex 108.798 58.7979 4
    endloop
  endfacet
  facet normal 0.772138 0.635455 -0
    outer loop
      vertex 108.586 59.0555 0
      vertex 108.586 59.0555 4
      vertex 108.798 58.7979 0
    endloop
  endfacet
  facet normal 0.772138 0.635455 0
    outer loop
      vertex 108.798 58.7979 4
      vertex 108.798 58.7979 0
      vertex 108.586 59.0555 4
    endloop
  endfacet
  facet normal 0.882037 0.47118 -0
    outer loop
      vertex 108.429 59.3494 0
      vertex 108.429 59.3494 4
      vertex 108.586 59.0555 0
    endloop
  endfacet
  facet normal 0.882037 0.47118 0
    outer loop
      vertex 108.586 59.0555 4
      vertex 108.586 59.0555 0
      vertex 108.429 59.3494 4
    endloop
  endfacet
  facet normal 0.957553 0.288257 -0
    outer loop
      vertex 108.333 59.6683 0
      vertex 108.333 59.6683 4
      vertex 108.429 59.3494 0
    endloop
  endfacet
  facet normal 0.957553 0.288257 0
    outer loop
      vertex 108.429 59.3494 4
      vertex 108.429 59.3494 0
      vertex 108.333 59.6683 4
    endloop
  endfacet
  facet normal 0.995088 0.0989988 -0
    outer loop
      vertex 108.3 60 0
      vertex 108.3 60 4
      vertex 108.333 59.6683 0
    endloop
  endfacet
  facet normal 0.995088 0.0989988 0
    outer loop
      vertex 108.333 59.6683 4
      vertex 108.333 59.6683 0
      vertex 108.3 60 4
    endloop
  endfacet
  facet normal 0.995085 -0.0990283 0
    outer loop
      vertex 108.333 60.3316 0
      vertex 108.333 60.3316 4
      vertex 108.3 60 0
    endloop
  endfacet
  facet normal 0.995085 -0.0990283 0
    outer loop
      vertex 108.3 60 4
      vertex 108.3 60 0
      vertex 108.333 60.3316 4
    endloop
  endfacet
  facet normal 0.957578 -0.288174 0
    outer loop
      vertex 108.429 60.6506 0
      vertex 108.429 60.6506 4
      vertex 108.333 60.3316 0
    endloop
  endfacet
  facet normal 0.957578 -0.288174 0
    outer loop
      vertex 108.333 60.3316 4
      vertex 108.333 60.3316 0
      vertex 108.429 60.6506 4
    endloop
  endfacet
  facet normal 0.882037 -0.47118 0
    outer loop
      vertex 108.586 60.9445 0
      vertex 108.586 60.9445 4
      vertex 108.429 60.6506 0
    endloop
  endfacet
  facet normal 0.882037 -0.47118 0
    outer loop
      vertex 108.429 60.6506 4
      vertex 108.429 60.6506 0
      vertex 108.586 60.9445 4
    endloop
  endfacet
  facet normal 0.772138 -0.635455 0
    outer loop
      vertex 108.798 61.2021 0
      vertex 108.798 61.2021 4
      vertex 108.586 60.9445 0
    endloop
  endfacet
  facet normal 0.772138 -0.635455 0
    outer loop
      vertex 108.586 60.9445 4
      vertex 108.586 60.9445 0
      vertex 108.798 61.2021 4
    endloop
  endfacet
  facet normal 0.633793 -0.773503 0
    outer loop
      vertex 109.056 61.4135 0
      vertex 109.056 61.4135 4
      vertex 108.798 61.2021 0
    endloop
  endfacet
  facet normal 0.633793 -0.773503 0
    outer loop
      vertex 108.798 61.2021 4
      vertex 108.798 61.2021 0
      vertex 109.056 61.4135 4
    endloop
  endfacet
  facet normal 0.472539 -0.88131 0
    outer loop
      vertex 109.349 61.5706 0
      vertex 109.349 61.5706 4
      vertex 109.056 61.4135 0
    endloop
  endfacet
  facet normal 0.472539 -0.88131 0
    outer loop
      vertex 109.056 61.4135 4
      vertex 109.056 61.4135 0
      vertex 109.349 61.5706 4
    endloop
  endfacet
  facet normal 0.290099 -0.956997 0
    outer loop
      vertex 109.668 61.6673 0
      vertex 109.668 61.6673 4
      vertex 109.349 61.5706 0
    endloop
  endfacet
  facet normal 0.290099 -0.956997 0
    outer loop
      vertex 109.349 61.5706 4
      vertex 109.349 61.5706 0
      vertex 109.668 61.6673 4
    endloop
  endfacet
  facet normal 0.0980197 -0.995184 0
    outer loop
      vertex 110 61.7 0
      vertex 110 61.7 4
      vertex 109.668 61.6673 0
    endloop
  endfacet
  facet normal 0.0980197 -0.995184 0
    outer loop
      vertex 109.668 61.6673 4
      vertex 109.668 61.6673 0
      vertex 110 61.7 4
    endloop
  endfacet
  facet normal -0.0980197 -0.995184 0
    outer loop
      vertex 110.332 61.6673 0
      vertex 110.332 61.6673 4
      vertex 110 61.7 0
    endloop
  endfacet
  facet normal -0.0980197 -0.995184 -0
    outer loop
      vertex 110 61.7 4
      vertex 110 61.7 0
      vertex 110.332 61.6673 4
    endloop
  endfacet
  facet normal -0.290099 -0.956997 0
    outer loop
      vertex 110.651 61.5706 0
      vertex 110.651 61.5706 4
      vertex 110.332 61.6673 0
    endloop
  endfacet
  facet normal -0.290099 -0.956997 -0
    outer loop
      vertex 110.332 61.6673 4
      vertex 110.332 61.6673 0
      vertex 110.651 61.5706 4
    endloop
  endfacet
  facet normal -0.472539 -0.88131 0
    outer loop
      vertex 110.944 61.4135 0
      vertex 110.944 61.4135 4
      vertex 110.651 61.5706 0
    endloop
  endfacet
  facet normal -0.472539 -0.88131 -0
    outer loop
      vertex 110.651 61.5706 4
      vertex 110.651 61.5706 0
      vertex 110.944 61.4135 4
    endloop
  endfacet
  facet normal -0.633793 -0.773503 0
    outer loop
      vertex 111.202 61.2021 0
      vertex 111.202 61.2021 4
      vertex 110.944 61.4135 0
    endloop
  endfacet
  facet normal -0.633793 -0.773503 -0
    outer loop
      vertex 110.944 61.4135 4
      vertex 110.944 61.4135 0
      vertex 111.202 61.2021 4
    endloop
  endfacet
  facet normal -0.773609 -0.633663 0
    outer loop
      vertex 111.413 60.9445 0
      vertex 111.413 60.9445 4
      vertex 111.202 61.2021 0
    endloop
  endfacet
  facet normal -0.773609 -0.633663 -0
    outer loop
      vertex 111.202 61.2021 4
      vertex 111.202 61.2021 0
      vertex 111.413 60.9445 4
    endloop
  endfacet
  facet normal -0.880788 -0.47351 0
    outer loop
      vertex 111.571 60.6506 0
      vertex 111.571 60.6506 4
      vertex 111.413 60.9445 0
    endloop
  endfacet
  facet normal -0.880788 -0.47351 -0
    outer loop
      vertex 111.413 60.9445 4
      vertex 111.413 60.9445 0
      vertex 111.571 60.6506 4
    endloop
  endfacet
  facet normal -0.957578 -0.288174 0
    outer loop
      vertex 111.667 60.3316 0
      vertex 111.667 60.3316 4
      vertex 111.571 60.6506 0
    endloop
  endfacet
  facet normal -0.957578 -0.288174 -0
    outer loop
      vertex 111.571 60.6506 4
      vertex 111.571 60.6506 0
      vertex 111.667 60.3316 4
    endloop
  endfacet
  facet normal -0.995085 -0.0990283 0
    outer loop
      vertex 111.7 60 0
      vertex 111.7 60 4
      vertex 111.667 60.3316 0
    endloop
  endfacet
  facet normal -0.995085 -0.0990283 -0
    outer loop
      vertex 111.667 60.3316 4
      vertex 111.667 60.3316 0
      vertex 111.7 60 4
    endloop
  endfacet
  facet normal -0.995088 0.0989988 0
    outer loop
      vertex 111.667 59.6683 0
      vertex 111.667 59.6683 4
      vertex 111.7 60 0
    endloop
  endfacet
  facet normal -0.995088 0.0989988 0
    outer loop
      vertex 111.7 60 4
      vertex 111.7 60 0
      vertex 111.667 59.6683 4
    endloop
  endfacet
  facet normal -0.957553 0.288257 0
    outer loop
      vertex 111.571 59.3494 0
      vertex 111.571 59.3494 4
      vertex 111.667 59.6683 0
    endloop
  endfacet
  facet normal -0.957553 0.288257 0
    outer loop
      vertex 111.667 59.6683 4
      vertex 111.667 59.6683 0
      vertex 111.571 59.3494 4
    endloop
  endfacet
  facet normal -0.880788 0.47351 0
    outer loop
      vertex 111.413 59.0555 0
      vertex 111.413 59.0555 4
      vertex 111.571 59.3494 0
    endloop
  endfacet
  facet normal -0.880788 0.47351 0
    outer loop
      vertex 111.571 59.3494 4
      vertex 111.571 59.3494 0
      vertex 111.413 59.0555 4
    endloop
  endfacet
  facet normal -0.773609 0.633663 0
    outer loop
      vertex 111.202 58.7979 0
      vertex 111.202 58.7979 4
      vertex 111.413 59.0555 0
    endloop
  endfacet
  facet normal -0.773609 0.633663 0
    outer loop
      vertex 111.413 59.0555 4
      vertex 111.413 59.0555 0
      vertex 111.202 58.7979 4
    endloop
  endfacet
  facet normal -0.633793 0.773503 0
    outer loop
      vertex 110.944 58.5865 0
      vertex 110.944 58.5865 4
      vertex 111.202 58.7979 0
    endloop
  endfacet
  facet normal -0.633793 0.773503 0
    outer loop
      vertex 111.202 58.7979 4
      vertex 111.202 58.7979 0
      vertex 110.944 58.5865 4
    endloop
  endfacet
  facet normal -0.472539 0.88131 0
    outer loop
      vertex 110.651 58.4294 0
      vertex 110.651 58.4294 4
      vertex 110.944 58.5865 0
    endloop
  endfacet
  facet normal -0.472539 0.88131 0
    outer loop
      vertex 110.944 58.5865 4
      vertex 110.944 58.5865 0
      vertex 110.651 58.4294 4
    endloop
  endfacet
  facet normal -0.290099 0.956997 0
    outer loop
      vertex 110.332 58.3327 0
      vertex 110.332 58.3327 4
      vertex 110.651 58.4294 0
    endloop
  endfacet
  facet normal -0.290099 0.956997 0
    outer loop
      vertex 110.651 58.4294 4
      vertex 110.651 58.4294 0
      vertex 110.332 58.3327 4
    endloop
  endfacet
  facet normal -0.0980197 0.995184 0
    outer loop
      vertex 110 58.3 0
      vertex 110 58.3 4
      vertex 110.332 58.3327 0
    endloop
  endfacet
  facet normal -0.0980197 0.995184 0
    outer loop
      vertex 110.332 58.3327 4
      vertex 110.332 58.3327 0
      vertex 110 58.3 4
    endloop
  endfacet
  facet normal 0.0980197 0.995184 -0
    outer loop
      vertex 109.668 58.3327 0
      vertex 109.668 58.3327 4
      vertex 110 58.3 0
    endloop
  endfacet
  facet normal 0.0980197 0.995184 0
    outer loop
      vertex 110 58.3 4
      vertex 110 58.3 0
      vertex 109.668 58.3327 4
    endloop
  endfacet
  facet normal 0.290099 0.956997 -0
    outer loop
      vertex -110.651 58.4294 0
      vertex -110.651 58.4294 4
      vertex -110.332 58.3327 0
    endloop
  endfacet
  facet normal 0.290099 0.956997 0
    outer loop
      vertex -110.332 58.3327 4
      vertex -110.332 58.3327 0
      vertex -110.651 58.4294 4
    endloop
  endfacet
  facet normal 0.472539 0.88131 -0
    outer loop
      vertex -110.944 58.5865 0
      vertex -110.944 58.5865 4
      vertex -110.651 58.4294 0
    endloop
  endfacet
  facet normal 0.472539 0.88131 0
    outer loop
      vertex -110.651 58.4294 4
      vertex -110.651 58.4294 0
      vertex -110.944 58.5865 4
    endloop
  endfacet
  facet normal 0.633793 0.773503 -0
    outer loop
      vertex -111.202 58.7979 0
      vertex -111.202 58.7979 4
      vertex -110.944 58.5865 0
    endloop
  endfacet
  facet normal 0.633793 0.773503 0
    outer loop
      vertex -110.944 58.5865 4
      vertex -110.944 58.5865 0
      vertex -111.202 58.7979 4
    endloop
  endfacet
  facet normal 0.773609 0.633663 -0
    outer loop
      vertex -111.413 59.0555 0
      vertex -111.413 59.0555 4
      vertex -111.202 58.7979 0
    endloop
  endfacet
  facet normal 0.773609 0.633663 0
    outer loop
      vertex -111.202 58.7979 4
      vertex -111.202 58.7979 0
      vertex -111.413 59.0555 4
    endloop
  endfacet
  facet normal 0.880788 0.47351 -0
    outer loop
      vertex -111.571 59.3494 0
      vertex -111.571 59.3494 4
      vertex -111.413 59.0555 0
    endloop
  endfacet
  facet normal 0.880788 0.47351 0
    outer loop
      vertex -111.413 59.0555 4
      vertex -111.413 59.0555 0
      vertex -111.571 59.3494 4
    endloop
  endfacet
  facet normal 0.957553 0.288257 -0
    outer loop
      vertex -111.667 59.6683 0
      vertex -111.667 59.6683 4
      vertex -111.571 59.3494 0
    endloop
  endfacet
  facet normal 0.957553 0.288257 0
    outer loop
      vertex -111.571 59.3494 4
      vertex -111.571 59.3494 0
      vertex -111.667 59.6683 4
    endloop
  endfacet
  facet normal 0.995088 0.0989988 -0
    outer loop
      vertex -111.7 60 0
      vertex -111.7 60 4
      vertex -111.667 59.6683 0
    endloop
  endfacet
  facet normal 0.995088 0.0989988 0
    outer loop
      vertex -111.667 59.6683 4
      vertex -111.667 59.6683 0
      vertex -111.7 60 4
    endloop
  endfacet
  facet normal 0.995085 -0.0990283 0
    outer loop
      vertex -111.667 60.3316 0
      vertex -111.667 60.3316 4
      vertex -111.7 60 0
    endloop
  endfacet
  facet normal 0.995085 -0.0990283 0
    outer loop
      vertex -111.7 60 4
      vertex -111.7 60 0
      vertex -111.667 60.3316 4
    endloop
  endfacet
  facet normal 0.957578 -0.288174 0
    outer loop
      vertex -111.571 60.6506 0
      vertex -111.571 60.6506 4
      vertex -111.667 60.3316 0
    endloop
  endfacet
  facet normal 0.957578 -0.288174 0
    outer loop
      vertex -111.667 60.3316 4
      vertex -111.667 60.3316 0
      vertex -111.571 60.6506 4
    endloop
  endfacet
  facet normal 0.880788 -0.47351 0
    outer loop
      vertex -111.413 60.9445 0
      vertex -111.413 60.9445 4
      vertex -111.571 60.6506 0
    endloop
  endfacet
  facet normal 0.880788 -0.47351 0
    outer loop
      vertex -111.571 60.6506 4
      vertex -111.571 60.6506 0
      vertex -111.413 60.9445 4
    endloop
  endfacet
  facet normal 0.773609 -0.633663 0
    outer loop
      vertex -111.202 61.2021 0
      vertex -111.202 61.2021 4
      vertex -111.413 60.9445 0
    endloop
  endfacet
  facet normal 0.773609 -0.633663 0
    outer loop
      vertex -111.413 60.9445 4
      vertex -111.413 60.9445 0
      vertex -111.202 61.2021 4
    endloop
  endfacet
  facet normal 0.633793 -0.773503 0
    outer loop
      vertex -110.944 61.4135 0
      vertex -110.944 61.4135 4
      vertex -111.202 61.2021 0
    endloop
  endfacet
  facet normal 0.633793 -0.773503 0
    outer loop
      vertex -111.202 61.2021 4
      vertex -111.202 61.2021 0
      vertex -110.944 61.4135 4
    endloop
  endfacet
  facet normal 0.472539 -0.88131 0
    outer loop
      vertex -110.651 61.5706 0
      vertex -110.651 61.5706 4
      vertex -110.944 61.4135 0
    endloop
  endfacet
  facet normal 0.472539 -0.88131 0
    outer loop
      vertex -110.944 61.4135 4
      vertex -110.944 61.4135 0
      vertex -110.651 61.5706 4
    endloop
  endfacet
  facet normal 0.290099 -0.956997 0
    outer loop
      vertex -110.332 61.6673 0
      vertex -110.332 61.6673 4
      vertex -110.651 61.5706 0
    endloop
  endfacet
  facet normal 0.290099 -0.956997 0
    outer loop
      vertex -110.651 61.5706 4
      vertex -110.651 61.5706 0
      vertex -110.332 61.6673 4
    endloop
  endfacet
  facet normal 0.0980197 -0.995184 0
    outer loop
      vertex -110 61.7 0
      vertex -110 61.7 4
      vertex -110.332 61.6673 0
    endloop
  endfacet
  facet normal 0.0980197 -0.995184 0
    outer loop
      vertex -110.332 61.6673 4
      vertex -110.332 61.6673 0
      vertex -110 61.7 4
    endloop
  endfacet
  facet normal -0.0980197 -0.995184 0
    outer loop
      vertex -109.668 61.6673 0
      vertex -109.668 61.6673 4
      vertex -110 61.7 0
    endloop
  endfacet
  facet normal -0.0980197 -0.995184 -0
    outer loop
      vertex -110 61.7 4
      vertex -110 61.7 0
      vertex -109.668 61.6673 4
    endloop
  endfacet
  facet normal -0.290099 -0.956997 0
    outer loop
      vertex -109.349 61.5706 0
      vertex -109.349 61.5706 4
      vertex -109.668 61.6673 0
    endloop
  endfacet
  facet normal -0.290099 -0.956997 -0
    outer loop
      vertex -109.668 61.6673 4
      vertex -109.668 61.6673 0
      vertex -109.349 61.5706 4
    endloop
  endfacet
  facet normal -0.472539 -0.88131 0
    outer loop
      vertex -109.056 61.4135 0
      vertex -109.056 61.4135 4
      vertex -109.349 61.5706 0
    endloop
  endfacet
  facet normal -0.472539 -0.88131 -0
    outer loop
      vertex -109.349 61.5706 4
      vertex -109.349 61.5706 0
      vertex -109.056 61.4135 4
    endloop
  endfacet
  facet normal -0.633793 -0.773503 0
    outer loop
      vertex -108.798 61.2021 0
      vertex -108.798 61.2021 4
      vertex -109.056 61.4135 0
    endloop
  endfacet
  facet normal -0.633793 -0.773503 -0
    outer loop
      vertex -109.056 61.4135 4
      vertex -109.056 61.4135 0
      vertex -108.798 61.2021 4
    endloop
  endfacet
  facet normal -0.772138 -0.635455 0
    outer loop
      vertex -108.586 60.9445 0
      vertex -108.586 60.9445 4
      vertex -108.798 61.2021 0
    endloop
  endfacet
  facet normal -0.772138 -0.635455 -0
    outer loop
      vertex -108.798 61.2021 4
      vertex -108.798 61.2021 0
      vertex -108.586 60.9445 4
    endloop
  endfacet
  facet normal -0.882037 -0.47118 0
    outer loop
      vertex -108.429 60.6506 0
      vertex -108.429 60.6506 4
      vertex -108.586 60.9445 0
    endloop
  endfacet
  facet normal -0.882037 -0.47118 -0
    outer loop
      vertex -108.586 60.9445 4
      vertex -108.586 60.9445 0
      vertex -108.429 60.6506 4
    endloop
  endfacet
  facet normal -0.957578 -0.288174 0
    outer loop
      vertex -108.333 60.3316 0
      vertex -108.333 60.3316 4
      vertex -108.429 60.6506 0
    endloop
  endfacet
  facet normal -0.957578 -0.288174 -0
    outer loop
      vertex -108.429 60.6506 4
      vertex -108.429 60.6506 0
      vertex -108.333 60.3316 4
    endloop
  endfacet
  facet normal -0.995085 -0.0990283 0
    outer loop
      vertex -108.3 60 0
      vertex -108.3 60 4
      vertex -108.333 60.3316 0
    endloop
  endfacet
  facet normal -0.995085 -0.0990283 -0
    outer loop
      vertex -108.333 60.3316 4
      vertex -108.333 60.3316 0
      vertex -108.3 60 4
    endloop
  endfacet
  facet normal -0.995088 0.0989988 0
    outer loop
      vertex -108.333 59.6683 0
      vertex -108.333 59.6683 4
      vertex -108.3 60 0
    endloop
  endfacet
  facet normal -0.995088 0.0989988 0
    outer loop
      vertex -108.3 60 4
      vertex -108.3 60 0
      vertex -108.333 59.6683 4
    endloop
  endfacet
  facet normal -0.957553 0.288257 0
    outer loop
      vertex -108.429 59.3494 0
      vertex -108.429 59.3494 4
      vertex -108.333 59.6683 0
    endloop
  endfacet
  facet normal -0.957553 0.288257 0
    outer loop
      vertex -108.333 59.6683 4
      vertex -108.333 59.6683 0
      vertex -108.429 59.3494 4
    endloop
  endfacet
  facet normal -0.882037 0.47118 0
    outer loop
      vertex -108.586 59.0555 0
      vertex -108.586 59.0555 4
      vertex -108.429 59.3494 0
    endloop
  endfacet
  facet normal -0.882037 0.47118 0
    outer loop
      vertex -108.429 59.3494 4
      vertex -108.429 59.3494 0
      vertex -108.586 59.0555 4
    endloop
  endfacet
  facet normal -0.772138 0.635455 0
    outer loop
      vertex -108.798 58.7979 0
      vertex -108.798 58.7979 4
      vertex -108.586 59.0555 0
    endloop
  endfacet
  facet normal -0.772138 0.635455 0
    outer loop
      vertex -108.586 59.0555 4
      vertex -108.586 59.0555 0
      vertex -108.798 58.7979 4
    endloop
  endfacet
  facet normal -0.633793 0.773503 0
    outer loop
      vertex -109.056 58.5865 0
      vertex -109.056 58.5865 4
      vertex -108.798 58.7979 0
    endloop
  endfacet
  facet normal -0.633793 0.773503 0
    outer loop
      vertex -108.798 58.7979 4
      vertex -108.798 58.7979 0
      vertex -109.056 58.5865 4
    endloop
  endfacet
  facet normal -0.472539 0.88131 0
    outer loop
      vertex -109.349 58.4294 0
      vertex -109.349 58.4294 4
      vertex -109.056 58.5865 0
    endloop
  endfacet
  facet normal -0.472539 0.88131 0
    outer loop
      vertex -109.056 58.5865 4
      vertex -109.056 58.5865 0
      vertex -109.349 58.4294 4
    endloop
  endfacet
  facet normal -0.290099 0.956997 0
    outer loop
      vertex -109.668 58.3327 0
      vertex -109.668 58.3327 4
      vertex -109.349 58.4294 0
    endloop
  endfacet
  facet normal -0.290099 0.956997 0
    outer loop
      vertex -109.349 58.4294 4
      vertex -109.349 58.4294 0
      vertex -109.668 58.3327 4
    endloop
  endfacet
  facet normal -0.0980197 0.995184 0
    outer loop
      vertex -110 58.3 0
      vertex -110 58.3 4
      vertex -109.668 58.3327 0
    endloop
  endfacet
  facet normal -0.0980197 0.995184 0
    outer loop
      vertex -109.668 58.3327 4
      vertex -109.668 58.3327 0
      vertex -110 58.3 4
    endloop
  endfacet
  facet normal 0.0980197 0.995184 -0
    outer loop
      vertex -110.332 58.3327 0
      vertex -110.332 58.3327 4
      vertex -110 58.3 0
    endloop
  endfacet
  facet normal 0.0980197 0.995184 0
    outer loop
      vertex -110 58.3 4
      vertex -110 58.3 0
      vertex -110.332 58.3327 4
    endloop
  endfacet
  facet normal 0.290182 0.956971 -0
    outer loop
      vertex 49.3494 28.4294 0
      vertex 49.3494 28.4294 4
      vertex 49.6683 28.3327 0
    endloop
  endfacet
  facet normal 0.290182 0.956971 0
    outer loop
      vertex 49.6683 28.3327 4
      vertex 49.6683 28.3327 0
      vertex 49.3494 28.4294 4
    endloop
  endfacet
  facet normal 0.471413 0.881912 -0
    outer loop
      vertex 49.0555 28.5865 0
      vertex 49.0555 28.5865 4
      vertex 49.3494 28.4294 0
    endloop
  endfacet
  facet normal 0.471413 0.881912 0
    outer loop
      vertex 49.3494 28.4294 4
      vertex 49.3494 28.4294 0
      vertex 49.0555 28.5865 4
    endloop
  endfacet
  facet normal 0.634381 0.773021 -0
    outer loop
      vertex 48.7979 28.7979 0
      vertex 48.7979 28.7979 4
      vertex 49.0555 28.5865 0
    endloop
  endfacet
  facet normal 0.634381 0.773021 0
    outer loop
      vertex 49.0555 28.5865 4
      vertex 49.0555 28.5865 0
      vertex 48.7979 28.7979 4
    endloop
  endfacet
  facet normal 0.773021 0.634381 -0
    outer loop
      vertex 48.5865 29.0555 0
      vertex 48.5865 29.0555 4
      vertex 48.7979 28.7979 0
    endloop
  endfacet
  facet normal 0.773021 0.634381 0
    outer loop
      vertex 48.7979 28.7979 4
      vertex 48.7979 28.7979 0
      vertex 48.5865 29.0555 4
    endloop
  endfacet
  facet normal 0.881912 0.471413 -0
    outer loop
      vertex 48.4294 29.3494 0
      vertex 48.4294 29.3494 4
      vertex 48.5865 29.0555 0
    endloop
  endfacet
  facet normal 0.881912 0.471413 0
    outer loop
      vertex 48.5865 29.0555 4
      vertex 48.5865 29.0555 0
      vertex 48.4294 29.3494 4
    endloop
  endfacet
  facet normal 0.956971 0.290182 -0
    outer loop
      vertex 48.3327 29.6683 0
      vertex 48.3327 29.6683 4
      vertex 48.4294 29.3494 0
    endloop
  endfacet
  facet normal 0.956971 0.290182 0
    outer loop
      vertex 48.4294 29.3494 4
      vertex 48.4294 29.3494 0
      vertex 48.3327 29.6683 4
    endloop
  endfacet
  facet normal 0.995176 0.0981075 -0
    outer loop
      vertex 48.3 30 0
      vertex 48.3 30 4
      vertex 48.3327 29.6683 0
    endloop
  endfacet
  facet normal 0.995176 0.0981075 0
    outer loop
      vertex 48.3327 29.6683 4
      vertex 48.3327 29.6683 0
      vertex 48.3 30 4
    endloop
  endfacet
  facet normal 0.995173 -0.0981368 0
    outer loop
      vertex 48.3327 30.3316 0
      vertex 48.3327 30.3316 4
      vertex 48.3 30 0
    endloop
  endfacet
  facet normal 0.995173 -0.0981368 0
    outer loop
      vertex 48.3 30 4
      vertex 48.3 30 0
      vertex 48.3327 30.3316 4
    endloop
  endfacet
  facet normal 0.956997 -0.290099 0
    outer loop
      vertex 48.4294 30.6506 0
      vertex 48.4294 30.6506 4
      vertex 48.3327 30.3316 0
    endloop
  endfacet
  facet normal 0.956997 -0.290099 0
    outer loop
      vertex 48.3327 30.3316 4
      vertex 48.3327 30.3316 0
      vertex 48.4294 30.6506 4
    endloop
  endfacet
  facet normal 0.881912 -0.471413 0
    outer loop
      vertex 48.5865 30.9445 0
      vertex 48.5865 30.9445 4
      vertex 48.4294 30.6506 0
    endloop
  endfacet
  facet normal 0.881912 -0.471413 0
    outer loop
      vertex 48.4294 30.6506 4
      vertex 48.4294 30.6506 0
      vertex 48.5865 30.9445 4
    endloop
  endfacet
  facet normal 0.773021 -0.634381 0
    outer loop
      vertex 48.7979 31.2021 0
      vertex 48.7979 31.2021 4
      vertex 48.5865 30.9445 0
    endloop
  endfacet
  facet normal 0.773021 -0.634381 0
    outer loop
      vertex 48.5865 30.9445 4
      vertex 48.5865 30.9445 0
      vertex 48.7979 31.2021 4
    endloop
  endfacet
  facet normal 0.634381 -0.773021 0
    outer loop
      vertex 49.0555 31.4135 0
      vertex 49.0555 31.4135 4
      vertex 48.7979 31.2021 0
    endloop
  endfacet
  facet normal 0.634381 -0.773021 0
    outer loop
      vertex 48.7979 31.2021 4
      vertex 48.7979 31.2021 0
      vertex 49.0555 31.4135 4
    endloop
  endfacet
  facet normal 0.471413 -0.881912 0
    outer loop
      vertex 49.3494 31.5706 0
      vertex 49.3494 31.5706 4
      vertex 49.0555 31.4135 0
    endloop
  endfacet
  facet normal 0.471413 -0.881912 0
    outer loop
      vertex 49.0555 31.4135 4
      vertex 49.0555 31.4135 0
      vertex 49.3494 31.5706 4
    endloop
  endfacet
  facet normal 0.290182 -0.956971 0
    outer loop
      vertex 49.6683 31.6673 0
      vertex 49.6683 31.6673 4
      vertex 49.3494 31.5706 0
    endloop
  endfacet
  facet normal 0.290182 -0.956971 0
    outer loop
      vertex 49.3494 31.5706 4
      vertex 49.3494 31.5706 0
      vertex 49.6683 31.6673 4
    endloop
  endfacet
  facet normal 0.0981075 -0.995176 0
    outer loop
      vertex 50 31.7 0
      vertex 50 31.7 4
      vertex 49.6683 31.6673 0
    endloop
  endfacet
  facet normal 0.0981075 -0.995176 0
    outer loop
      vertex 49.6683 31.6673 4
      vertex 49.6683 31.6673 0
      vertex 50 31.7 4
    endloop
  endfacet
  facet normal -0.0981368 -0.995173 0
    outer loop
      vertex 50.3316 31.6673 0
      vertex 50.3316 31.6673 4
      vertex 50 31.7 0
    endloop
  endfacet
  facet normal -0.0981368 -0.995173 -0
    outer loop
      vertex 50 31.7 4
      vertex 50 31.7 0
      vertex 50.3316 31.6673 4
    endloop
  endfacet
  facet normal -0.290099 -0.956997 0
    outer loop
      vertex 50.6506 31.5706 0
      vertex 50.6506 31.5706 4
      vertex 50.3316 31.6673 0
    endloop
  endfacet
  facet normal -0.290099 -0.956997 -0
    outer loop
      vertex 50.3316 31.6673 4
      vertex 50.3316 31.6673 0
      vertex 50.6506 31.5706 4
    endloop
  endfacet
  facet normal -0.471413 -0.881912 0
    outer loop
      vertex 50.9445 31.4135 0
      vertex 50.9445 31.4135 4
      vertex 50.6506 31.5706 0
    endloop
  endfacet
  facet normal -0.471413 -0.881912 -0
    outer loop
      vertex 50.6506 31.5706 4
      vertex 50.6506 31.5706 0
      vertex 50.9445 31.4135 4
    endloop
  endfacet
  facet normal -0.634381 -0.773021 0
    outer loop
      vertex 51.2021 31.2021 0
      vertex 51.2021 31.2021 4
      vertex 50.9445 31.4135 0
    endloop
  endfacet
  facet normal -0.634381 -0.773021 -0
    outer loop
      vertex 50.9445 31.4135 4
      vertex 50.9445 31.4135 0
      vertex 51.2021 31.2021 4
    endloop
  endfacet
  facet normal -0.773021 -0.634381 0
    outer loop
      vertex 51.4135 30.9445 0
      vertex 51.4135 30.9445 4
      vertex 51.2021 31.2021 0
    endloop
  endfacet
  facet normal -0.773021 -0.634381 -0
    outer loop
      vertex 51.2021 31.2021 4
      vertex 51.2021 31.2021 0
      vertex 51.4135 30.9445 4
    endloop
  endfacet
  facet normal -0.881912 -0.471413 0
    outer loop
      vertex 51.5706 30.6506 0
      vertex 51.5706 30.6506 4
      vertex 51.4135 30.9445 0
    endloop
  endfacet
  facet normal -0.881912 -0.471413 -0
    outer loop
      vertex 51.4135 30.9445 4
      vertex 51.4135 30.9445 0
      vertex 51.5706 30.6506 4
    endloop
  endfacet
  facet normal -0.956997 -0.290099 0
    outer loop
      vertex 51.6673 30.3316 0
      vertex 51.6673 30.3316 4
      vertex 51.5706 30.6506 0
    endloop
  endfacet
  facet normal -0.956997 -0.290099 -0
    outer loop
      vertex 51.5706 30.6506 4
      vertex 51.5706 30.6506 0
      vertex 51.6673 30.3316 4
    endloop
  endfacet
  facet normal -0.995173 -0.0981368 0
    outer loop
      vertex 51.7 30 0
      vertex 51.7 30 4
      vertex 51.6673 30.3316 0
    endloop
  endfacet
  facet normal -0.995173 -0.0981368 -0
    outer loop
      vertex 51.6673 30.3316 4
      vertex 51.6673 30.3316 0
      vertex 51.7 30 4
    endloop
  endfacet
  facet normal -0.995176 0.0981075 0
    outer loop
      vertex 51.6673 29.6683 0
      vertex 51.6673 29.6683 4
      vertex 51.7 30 0
    endloop
  endfacet
  facet normal -0.995176 0.0981075 0
    outer loop
      vertex 51.7 30 4
      vertex 51.7 30 0
      vertex 51.6673 29.6683 4
    endloop
  endfacet
  facet normal -0.956971 0.290182 0
    outer loop
      vertex 51.5706 29.3494 0
      vertex 51.5706 29.3494 4
      vertex 51.6673 29.6683 0
    endloop
  endfacet
  facet normal -0.956971 0.290182 0
    outer loop
      vertex 51.6673 29.6683 4
      vertex 51.6673 29.6683 0
      vertex 51.5706 29.3494 4
    endloop
  endfacet
  facet normal -0.881912 0.471413 0
    outer loop
      vertex 51.4135 29.0555 0
      vertex 51.4135 29.0555 4
      vertex 51.5706 29.3494 0
    endloop
  endfacet
  facet normal -0.881912 0.471413 0
    outer loop
      vertex 51.5706 29.3494 4
      vertex 51.5706 29.3494 0
      vertex 51.4135 29.0555 4
    endloop
  endfacet
  facet normal -0.773021 0.634381 0
    outer loop
      vertex 51.2021 28.7979 0
      vertex 51.2021 28.7979 4
      vertex 51.4135 29.0555 0
    endloop
  endfacet
  facet normal -0.773021 0.634381 0
    outer loop
      vertex 51.4135 29.0555 4
      vertex 51.4135 29.0555 0
      vertex 51.2021 28.7979 4
    endloop
  endfacet
  facet normal -0.634381 0.773021 0
    outer loop
      vertex 50.9445 28.5865 0
      vertex 50.9445 28.5865 4
      vertex 51.2021 28.7979 0
    endloop
  endfacet
  facet normal -0.634381 0.773021 0
    outer loop
      vertex 51.2021 28.7979 4
      vertex 51.2021 28.7979 0
      vertex 50.9445 28.5865 4
    endloop
  endfacet
  facet normal -0.471413 0.881912 0
    outer loop
      vertex 50.6506 28.4294 0
      vertex 50.6506 28.4294 4
      vertex 50.9445 28.5865 0
    endloop
  endfacet
  facet normal -0.471413 0.881912 0
    outer loop
      vertex 50.9445 28.5865 4
      vertex 50.9445 28.5865 0
      vertex 50.6506 28.4294 4
    endloop
  endfacet
  facet normal -0.290099 0.956997 0
    outer loop
      vertex 50.3316 28.3327 0
      vertex 50.3316 28.3327 4
      vertex 50.6506 28.4294 0
    endloop
  endfacet
  facet normal -0.290099 0.956997 0
    outer loop
      vertex 50.6506 28.4294 4
      vertex 50.6506 28.4294 0
      vertex 50.3316 28.3327 4
    endloop
  endfacet
  facet normal -0.0981368 0.995173 0
    outer loop
      vertex 50 28.3 0
      vertex 50 28.3 4
      vertex 50.3316 28.3327 0
    endloop
  endfacet
  facet normal -0.0981368 0.995173 0
    outer loop
      vertex 50.3316 28.3327 4
      vertex 50.3316 28.3327 0
      vertex 50 28.3 4
    endloop
  endfacet
  facet normal 0.0981075 0.995176 -0
    outer loop
      vertex 49.6683 28.3327 0
      vertex 49.6683 28.3327 4
      vertex 50 28.3 0
    endloop
  endfacet
  facet normal 0.0981075 0.995176 0
    outer loop
      vertex 50 28.3 4
      vertex 50 28.3 0
      vertex 49.6683 28.3327 4
    endloop
  endfacet
  facet normal 0.290182 0.956971 -0
    outer loop
      vertex 24.3494 28.4294 0
      vertex 24.3494 28.4294 4
      vertex 24.6683 28.3327 0
    endloop
  endfacet
  facet normal 0.290182 0.956971 0
    outer loop
      vertex 24.6683 28.3327 4
      vertex 24.6683 28.3327 0
      vertex 24.3494 28.4294 4
    endloop
  endfacet
  facet normal 0.471413 0.881912 -0
    outer loop
      vertex 24.0555 28.5865 0
      vertex 24.0555 28.5865 4
      vertex 24.3494 28.4294 0
    endloop
  endfacet
  facet normal 0.471413 0.881912 0
    outer loop
      vertex 24.3494 28.4294 4
      vertex 24.3494 28.4294 0
      vertex 24.0555 28.5865 4
    endloop
  endfacet
  facet normal 0.634381 0.773021 -0
    outer loop
      vertex 23.7979 28.7979 0
      vertex 23.7979 28.7979 4
      vertex 24.0555 28.5865 0
    endloop
  endfacet
  facet normal 0.634381 0.773021 0
    outer loop
      vertex 24.0555 28.5865 4
      vertex 24.0555 28.5865 0
      vertex 23.7979 28.7979 4
    endloop
  endfacet
  facet normal 0.773021 0.634381 -0
    outer loop
      vertex 23.5865 29.0555 0
      vertex 23.5865 29.0555 4
      vertex 23.7979 28.7979 0
    endloop
  endfacet
  facet normal 0.773021 0.634381 0
    outer loop
      vertex 23.7979 28.7979 4
      vertex 23.7979 28.7979 0
      vertex 23.5865 29.0555 4
    endloop
  endfacet
  facet normal 0.881912 0.471413 -0
    outer loop
      vertex 23.4294 29.3494 0
      vertex 23.4294 29.3494 4
      vertex 23.5865 29.0555 0
    endloop
  endfacet
  facet normal 0.881912 0.471413 0
    outer loop
      vertex 23.5865 29.0555 4
      vertex 23.5865 29.0555 0
      vertex 23.4294 29.3494 4
    endloop
  endfacet
  facet normal 0.956971 0.290182 -0
    outer loop
      vertex 23.3327 29.6683 0
      vertex 23.3327 29.6683 4
      vertex 23.4294 29.3494 0
    endloop
  endfacet
  facet normal 0.956971 0.290182 0
    outer loop
      vertex 23.4294 29.3494 4
      vertex 23.4294 29.3494 0
      vertex 23.3327 29.6683 4
    endloop
  endfacet
  facet normal 0.995176 0.0981075 -0
    outer loop
      vertex 23.3 30 0
      vertex 23.3 30 4
      vertex 23.3327 29.6683 0
    endloop
  endfacet
  facet normal 0.995176 0.0981075 0
    outer loop
      vertex 23.3327 29.6683 4
      vertex 23.3327 29.6683 0
      vertex 23.3 30 4
    endloop
  endfacet
  facet normal 0.995173 -0.0981368 0
    outer loop
      vertex 23.3327 30.3316 0
      vertex 23.3327 30.3316 4
      vertex 23.3 30 0
    endloop
  endfacet
  facet normal 0.995173 -0.0981368 0
    outer loop
      vertex 23.3 30 4
      vertex 23.3 30 0
      vertex 23.3327 30.3316 4
    endloop
  endfacet
  facet normal 0.956997 -0.290099 0
    outer loop
      vertex 23.4294 30.6506 0
      vertex 23.4294 30.6506 4
      vertex 23.3327 30.3316 0
    endloop
  endfacet
  facet normal 0.956997 -0.290099 0
    outer loop
      vertex 23.3327 30.3316 4
      vertex 23.3327 30.3316 0
      vertex 23.4294 30.6506 4
    endloop
  endfacet
  facet normal 0.881912 -0.471413 0
    outer loop
      vertex 23.5865 30.9445 0
      vertex 23.5865 30.9445 4
      vertex 23.4294 30.6506 0
    endloop
  endfacet
  facet normal 0.881912 -0.471413 0
    outer loop
      vertex 23.4294 30.6506 4
      vertex 23.4294 30.6506 0
      vertex 23.5865 30.9445 4
    endloop
  endfacet
  facet normal 0.773021 -0.634381 0
    outer loop
      vertex 23.7979 31.2021 0
      vertex 23.7979 31.2021 4
      vertex 23.5865 30.9445 0
    endloop
  endfacet
  facet normal 0.773021 -0.634381 0
    outer loop
      vertex 23.5865 30.9445 4
      vertex 23.5865 30.9445 0
      vertex 23.7979 31.2021 4
    endloop
  endfacet
  facet normal 0.634381 -0.773021 0
    outer loop
      vertex 24.0555 31.4135 0
      vertex 24.0555 31.4135 4
      vertex 23.7979 31.2021 0
    endloop
  endfacet
  facet normal 0.634381 -0.773021 0
    outer loop
      vertex 23.7979 31.2021 4
      vertex 23.7979 31.2021 0
      vertex 24.0555 31.4135 4
    endloop
  endfacet
  facet normal 0.471413 -0.881912 0
    outer loop
      vertex 24.3494 31.5706 0
      vertex 24.3494 31.5706 4
      vertex 24.0555 31.4135 0
    endloop
  endfacet
  facet normal 0.471413 -0.881912 0
    outer loop
      vertex 24.0555 31.4135 4
      vertex 24.0555 31.4135 0
      vertex 24.3494 31.5706 4
    endloop
  endfacet
  facet normal 0.290182 -0.956971 0
    outer loop
      vertex 24.6683 31.6673 0
      vertex 24.6683 31.6673 4
      vertex 24.3494 31.5706 0
    endloop
  endfacet
  facet normal 0.290182 -0.956971 0
    outer loop
      vertex 24.3494 31.5706 4
      vertex 24.3494 31.5706 0
      vertex 24.6683 31.6673 4
    endloop
  endfacet
  facet normal 0.0981075 -0.995176 0
    outer loop
      vertex 25 31.7 0
      vertex 25 31.7 4
      vertex 24.6683 31.6673 0
    endloop
  endfacet
  facet normal 0.0981075 -0.995176 0
    outer loop
      vertex 24.6683 31.6673 4
      vertex 24.6683 31.6673 0
      vertex 25 31.7 4
    endloop
  endfacet
  facet normal -0.0981368 -0.995173 0
    outer loop
      vertex 25.3316 31.6673 0
      vertex 25.3316 31.6673 4
      vertex 25 31.7 0
    endloop
  endfacet
  facet normal -0.0981368 -0.995173 -0
    outer loop
      vertex 25 31.7 4
      vertex 25 31.7 0
      vertex 25.3316 31.6673 4
    endloop
  endfacet
  facet normal -0.290099 -0.956997 0
    outer loop
      vertex 25.6506 31.5706 0
      vertex 25.6506 31.5706 4
      vertex 25.3316 31.6673 0
    endloop
  endfacet
  facet normal -0.290099 -0.956997 -0
    outer loop
      vertex 25.3316 31.6673 4
      vertex 25.3316 31.6673 0
      vertex 25.6506 31.5706 4
    endloop
  endfacet
  facet normal -0.471413 -0.881912 0
    outer loop
      vertex 25.9445 31.4135 0
      vertex 25.9445 31.4135 4
      vertex 25.6506 31.5706 0
    endloop
  endfacet
  facet normal -0.471413 -0.881912 -0
    outer loop
      vertex 25.6506 31.5706 4
      vertex 25.6506 31.5706 0
      vertex 25.9445 31.4135 4
    endloop
  endfacet
  facet normal -0.634381 -0.773021 0
    outer loop
      vertex 26.2021 31.2021 0
      vertex 26.2021 31.2021 4
      vertex 25.9445 31.4135 0
    endloop
  endfacet
  facet normal -0.634381 -0.773021 -0
    outer loop
      vertex 25.9445 31.4135 4
      vertex 25.9445 31.4135 0
      vertex 26.2021 31.2021 4
    endloop
  endfacet
  facet normal -0.773021 -0.634381 0
    outer loop
      vertex 26.4135 30.9445 0
      vertex 26.4135 30.9445 4
      vertex 26.2021 31.2021 0
    endloop
  endfacet
  facet normal -0.773021 -0.634381 -0
    outer loop
      vertex 26.2021 31.2021 4
      vertex 26.2021 31.2021 0
      vertex 26.4135 30.9445 4
    endloop
  endfacet
  facet normal -0.881912 -0.471413 0
    outer loop
      vertex 26.5706 30.6506 0
      vertex 26.5706 30.6506 4
      vertex 26.4135 30.9445 0
    endloop
  endfacet
  facet normal -0.881912 -0.471413 -0
    outer loop
      vertex 26.4135 30.9445 4
      vertex 26.4135 30.9445 0
      vertex 26.5706 30.6506 4
    endloop
  endfacet
  facet normal -0.956997 -0.290099 0
    outer loop
      vertex 26.6673 30.3316 0
      vertex 26.6673 30.3316 4
      vertex 26.5706 30.6506 0
    endloop
  endfacet
  facet normal -0.956997 -0.290099 -0
    outer loop
      vertex 26.5706 30.6506 4
      vertex 26.5706 30.6506 0
      vertex 26.6673 30.3316 4
    endloop
  endfacet
  facet normal -0.995173 -0.0981368 0
    outer loop
      vertex 26.7 30 0
      vertex 26.7 30 4
      vertex 26.6673 30.3316 0
    endloop
  endfacet
  facet normal -0.995173 -0.0981368 -0
    outer loop
      vertex 26.6673 30.3316 4
      vertex 26.6673 30.3316 0
      vertex 26.7 30 4
    endloop
  endfacet
  facet normal -0.995176 0.0981075 0
    outer loop
      vertex 26.6673 29.6683 0
      vertex 26.6673 29.6683 4
      vertex 26.7 30 0
    endloop
  endfacet
  facet normal -0.995176 0.0981075 0
    outer loop
      vertex 26.7 30 4
      vertex 26.7 30 0
      vertex 26.6673 29.6683 4
    endloop
  endfacet
  facet normal -0.956971 0.290182 0
    outer loop
      vertex 26.5706 29.3494 0
      vertex 26.5706 29.3494 4
      vertex 26.6673 29.6683 0
    endloop
  endfacet
  facet normal -0.956971 0.290182 0
    outer loop
      vertex 26.6673 29.6683 4
      vertex 26.6673 29.6683 0
      vertex 26.5706 29.3494 4
    endloop
  endfacet
  facet normal -0.881912 0.471413 0
    outer loop
      vertex 26.4135 29.0555 0
      vertex 26.4135 29.0555 4
      vertex 26.5706 29.3494 0
    endloop
  endfacet
  facet normal -0.881912 0.471413 0
    outer loop
      vertex 26.5706 29.3494 4
      vertex 26.5706 29.3494 0
      vertex 26.4135 29.0555 4
    endloop
  endfacet
  facet normal -0.773021 0.634381 0
    outer loop
      vertex 26.2021 28.7979 0
      vertex 26.2021 28.7979 4
      vertex 26.4135 29.0555 0
    endloop
  endfacet
  facet normal -0.773021 0.634381 0
    outer loop
      vertex 26.4135 29.0555 4
      vertex 26.4135 29.0555 0
      vertex 26.2021 28.7979 4
    endloop
  endfacet
  facet normal -0.634381 0.773021 0
    outer loop
      vertex 25.9445 28.5865 0
      vertex 25.9445 28.5865 4
      vertex 26.2021 28.7979 0
    endloop
  endfacet
  facet normal -0.634381 0.773021 0
    outer loop
      vertex 26.2021 28.7979 4
      vertex 26.2021 28.7979 0
      vertex 25.9445 28.5865 4
    endloop
  endfacet
  facet normal -0.471413 0.881912 0
    outer loop
      vertex 25.6506 28.4294 0
      vertex 25.6506 28.4294 4
      vertex 25.9445 28.5865 0
    endloop
  endfacet
  facet normal -0.471413 0.881912 0
    outer loop
      vertex 25.9445 28.5865 4
      vertex 25.9445 28.5865 0
      vertex 25.6506 28.4294 4
    endloop
  endfacet
  facet normal -0.290099 0.956997 0
    outer loop
      vertex 25.3316 28.3327 0
      vertex 25.3316 28.3327 4
      vertex 25.6506 28.4294 0
    endloop
  endfacet
  facet normal -0.290099 0.956997 0
    outer loop
      vertex 25.6506 28.4294 4
      vertex 25.6506 28.4294 0
      vertex 25.3316 28.3327 4
    endloop
  endfacet
  facet normal -0.0981368 0.995173 0
    outer loop
      vertex 25 28.3 0
      vertex 25 28.3 4
      vertex 25.3316 28.3327 0
    endloop
  endfacet
  facet normal -0.0981368 0.995173 0
    outer loop
      vertex 25.3316 28.3327 4
      vertex 25.3316 28.3327 0
      vertex 25 28.3 4
    endloop
  endfacet
  facet normal 0.0981075 0.995176 -0
    outer loop
      vertex 24.6683 28.3327 0
      vertex 24.6683 28.3327 4
      vertex 25 28.3 0
    endloop
  endfacet
  facet normal 0.0981075 0.995176 0
    outer loop
      vertex 25 28.3 4
      vertex 25 28.3 0
      vertex 24.6683 28.3327 4
    endloop
  endfacet
  facet normal 0.290176 0.956973 -0
    outer loop
      vertex -0.650558 28.4294 0
      vertex -0.650558 28.4294 4
      vertex -0.33165 28.3327 0
    endloop
  endfacet
  facet normal 0.290176 0.956973 0
    outer loop
      vertex -0.33165 28.3327 4
      vertex -0.33165 28.3327 0
      vertex -0.650558 28.4294 4
    endloop
  endfacet
  facet normal 0.471413 0.881912 -0
    outer loop
      vertex -0.944458 28.5865 0
      vertex -0.944458 28.5865 4
      vertex -0.650558 28.4294 0
    endloop
  endfacet
  facet normal 0.471413 0.881912 0
    outer loop
      vertex -0.650558 28.4294 4
      vertex -0.650558 28.4294 0
      vertex -0.944458 28.5865 4
    endloop
  endfacet
  facet normal 0.634363 0.773035 -0
    outer loop
      vertex -1.20207 28.7979 0
      vertex -1.20207 28.7979 4
      vertex -0.944458 28.5865 0
    endloop
  endfacet
  facet normal 0.634363 0.773035 0
    outer loop
      vertex -0.944458 28.5865 4
      vertex -0.944458 28.5865 0
      vertex -1.20207 28.7979 4
    endloop
  endfacet
  facet normal 0.772976 0.634435 -0
    outer loop
      vertex -1.4135 29.0555 0
      vertex -1.4135 29.0555 4
      vertex -1.20207 28.7979 0
    endloop
  endfacet
  facet normal 0.772976 0.634435 0
    outer loop
      vertex -1.20207 28.7979 4
      vertex -1.20207 28.7979 0
      vertex -1.4135 29.0555 4
    endloop
  endfacet
  facet normal 0.881925 0.47139 -0
    outer loop
      vertex -1.57059 29.3494 0
      vertex -1.57059 29.3494 4
      vertex -1.4135 29.0555 0
    endloop
  endfacet
  facet normal 0.881925 0.47139 0
    outer loop
      vertex -1.4135 29.0555 4
      vertex -1.4135 29.0555 0
      vertex -1.57059 29.3494 4
    endloop
  endfacet
  facet normal 0.956938 0.290292 -0
    outer loop
      vertex -1.66733 29.6683 0
      vertex -1.66733 29.6683 4
      vertex -1.57059 29.3494 0
    endloop
  endfacet
  facet normal 0.956938 0.290292 0
    outer loop
      vertex -1.57059 29.3494 4
      vertex -1.57059 29.3494 0
      vertex -1.66733 29.6683 4
    endloop
  endfacet
  facet normal 0.995185 0.0980183 -0
    outer loop
      vertex -1.7 30 0
      vertex -1.7 30 4
      vertex -1.66733 29.6683 0
    endloop
  endfacet
  facet normal 0.995185 0.0980183 0
    outer loop
      vertex -1.66733 29.6683 4
      vertex -1.66733 29.6683 0
      vertex -1.7 30 4
    endloop
  endfacet
  facet normal 0.995182 -0.0980476 0
    outer loop
      vertex -1.66733 30.3316 0
      vertex -1.66733 30.3316 4
      vertex -1.7 30 0
    endloop
  endfacet
  facet normal 0.995182 -0.0980476 0
    outer loop
      vertex -1.7 30 4
      vertex -1.7 30 0
      vertex -1.66733 30.3316 4
    endloop
  endfacet
  facet normal 0.956963 -0.290209 0
    outer loop
      vertex -1.57059 30.6506 0
      vertex -1.57059 30.6506 4
      vertex -1.66733 30.3316 0
    endloop
  endfacet
  facet normal 0.956963 -0.290209 0
    outer loop
      vertex -1.66733 30.3316 4
      vertex -1.66733 30.3316 0
      vertex -1.57059 30.6506 4
    endloop
  endfacet
  facet normal 0.881925 -0.47139 0
    outer loop
      vertex -1.4135 30.9445 0
      vertex -1.4135 30.9445 4
      vertex -1.57059 30.6506 0
    endloop
  endfacet
  facet normal 0.881925 -0.47139 0
    outer loop
      vertex -1.57059 30.6506 4
      vertex -1.57059 30.6506 0
      vertex -1.4135 30.9445 4
    endloop
  endfacet
  facet normal 0.772976 -0.634435 0
    outer loop
      vertex -1.20207 31.2021 0
      vertex -1.20207 31.2021 4
      vertex -1.4135 30.9445 0
    endloop
  endfacet
  facet normal 0.772976 -0.634435 0
    outer loop
      vertex -1.4135 30.9445 4
      vertex -1.4135 30.9445 0
      vertex -1.20207 31.2021 4
    endloop
  endfacet
  facet normal 0.634363 -0.773035 0
    outer loop
      vertex -0.944458 31.4135 0
      vertex -0.944458 31.4135 4
      vertex -1.20207 31.2021 0
    endloop
  endfacet
  facet normal 0.634363 -0.773035 0
    outer loop
      vertex -1.20207 31.2021 4
      vertex -1.20207 31.2021 0
      vertex -0.944458 31.4135 4
    endloop
  endfacet
  facet normal 0.471413 -0.881912 0
    outer loop
      vertex -0.650558 31.5706 0
      vertex -0.650558 31.5706 4
      vertex -0.944458 31.4135 0
    endloop
  endfacet
  facet normal 0.471413 -0.881912 0
    outer loop
      vertex -0.944458 31.4135 4
      vertex -0.944458 31.4135 0
      vertex -0.650558 31.5706 4
    endloop
  endfacet
  facet normal 0.290176 -0.956973 0
    outer loop
      vertex -0.33165 31.6673 0
      vertex -0.33165 31.6673 4
      vertex -0.650558 31.5706 0
    endloop
  endfacet
  facet normal 0.290176 -0.956973 0
    outer loop
      vertex -0.650558 31.5706 4
      vertex -0.650558 31.5706 0
      vertex -0.33165 31.6673 4
    endloop
  endfacet
  facet normal 0.0981221 -0.995174 0
    outer loop
      vertex 0 31.7 0
      vertex 0 31.7 4
      vertex -0.33165 31.6673 0
    endloop
  endfacet
  facet normal 0.0981221 -0.995174 0
    outer loop
      vertex -0.33165 31.6673 4
      vertex -0.33165 31.6673 0
      vertex 0 31.7 4
    endloop
  endfacet
  facet normal -0.0981221 -0.995174 0
    outer loop
      vertex 0.33165 31.6673 0
      vertex 0.33165 31.6673 4
      vertex 0 31.7 0
    endloop
  endfacet
  facet normal -0.0981221 -0.995174 -0
    outer loop
      vertex 0 31.7 4
      vertex 0 31.7 0
      vertex 0.33165 31.6673 4
    endloop
  endfacet
  facet normal -0.290176 -0.956973 0
    outer loop
      vertex 0.650558 31.5706 0
      vertex 0.650558 31.5706 4
      vertex 0.33165 31.6673 0
    endloop
  endfacet
  facet normal -0.290176 -0.956973 -0
    outer loop
      vertex 0.33165 31.6673 4
      vertex 0.33165 31.6673 0
      vertex 0.650558 31.5706 4
    endloop
  endfacet
  facet normal -0.471413 -0.881912 0
    outer loop
      vertex 0.944458 31.4135 0
      vertex 0.944458 31.4135 4
      vertex 0.650558 31.5706 0
    endloop
  endfacet
  facet normal -0.471413 -0.881912 -0
    outer loop
      vertex 0.650558 31.5706 4
      vertex 0.650558 31.5706 0
      vertex 0.944458 31.4135 4
    endloop
  endfacet
  facet normal -0.634363 -0.773035 0
    outer loop
      vertex 1.20207 31.2021 0
      vertex 1.20207 31.2021 4
      vertex 0.944458 31.4135 0
    endloop
  endfacet
  facet normal -0.634363 -0.773035 -0
    outer loop
      vertex 0.944458 31.4135 4
      vertex 0.944458 31.4135 0
      vertex 1.20207 31.2021 4
    endloop
  endfacet
  facet normal -0.772976 -0.634435 0
    outer loop
      vertex 1.4135 30.9445 0
      vertex 1.4135 30.9445 4
      vertex 1.20207 31.2021 0
    endloop
  endfacet
  facet normal -0.772976 -0.634435 -0
    outer loop
      vertex 1.20207 31.2021 4
      vertex 1.20207 31.2021 0
      vertex 1.4135 30.9445 4
    endloop
  endfacet
  facet normal -0.881925 -0.47139 0
    outer loop
      vertex 1.57059 30.6506 0
      vertex 1.57059 30.6506 4
      vertex 1.4135 30.9445 0
    endloop
  endfacet
  facet normal -0.881925 -0.47139 -0
    outer loop
      vertex 1.4135 30.9445 4
      vertex 1.4135 30.9445 0
      vertex 1.57059 30.6506 4
    endloop
  endfacet
  facet normal -0.956963 -0.290209 0
    outer loop
      vertex 1.66733 30.3316 0
      vertex 1.66733 30.3316 4
      vertex 1.57059 30.6506 0
    endloop
  endfacet
  facet normal -0.956963 -0.290209 -0
    outer loop
      vertex 1.57059 30.6506 4
      vertex 1.57059 30.6506 0
      vertex 1.66733 30.3316 4
    endloop
  endfacet
  facet normal -0.995182 -0.0980476 0
    outer loop
      vertex 1.7 30 0
      vertex 1.7 30 4
      vertex 1.66733 30.3316 0
    endloop
  endfacet
  facet normal -0.995182 -0.0980476 -0
    outer loop
      vertex 1.66733 30.3316 4
      vertex 1.66733 30.3316 0
      vertex 1.7 30 4
    endloop
  endfacet
  facet normal -0.995185 0.0980183 0
    outer loop
      vertex 1.66733 29.6683 0
      vertex 1.66733 29.6683 4
      vertex 1.7 30 0
    endloop
  endfacet
  facet normal -0.995185 0.0980183 0
    outer loop
      vertex 1.7 30 4
      vertex 1.7 30 0
      vertex 1.66733 29.6683 4
    endloop
  endfacet
  facet normal -0.956938 0.290292 0
    outer loop
      vertex 1.57059 29.3494 0
      vertex 1.57059 29.3494 4
      vertex 1.66733 29.6683 0
    endloop
  endfacet
  facet normal -0.956938 0.290292 0
    outer loop
      vertex 1.66733 29.6683 4
      vertex 1.66733 29.6683 0
      vertex 1.57059 29.3494 4
    endloop
  endfacet
  facet normal -0.881925 0.47139 0
    outer loop
      vertex 1.4135 29.0555 0
      vertex 1.4135 29.0555 4
      vertex 1.57059 29.3494 0
    endloop
  endfacet
  facet normal -0.881925 0.47139 0
    outer loop
      vertex 1.57059 29.3494 4
      vertex 1.57059 29.3494 0
      vertex 1.4135 29.0555 4
    endloop
  endfacet
  facet normal -0.772976 0.634435 0
    outer loop
      vertex 1.20207 28.7979 0
      vertex 1.20207 28.7979 4
      vertex 1.4135 29.0555 0
    endloop
  endfacet
  facet normal -0.772976 0.634435 0
    outer loop
      vertex 1.4135 29.0555 4
      vertex 1.4135 29.0555 0
      vertex 1.20207 28.7979 4
    endloop
  endfacet
  facet normal -0.634363 0.773035 0
    outer loop
      vertex 0.944458 28.5865 0
      vertex 0.944458 28.5865 4
      vertex 1.20207 28.7979 0
    endloop
  endfacet
  facet normal -0.634363 0.773035 0
    outer loop
      vertex 1.20207 28.7979 4
      vertex 1.20207 28.7979 0
      vertex 0.944458 28.5865 4
    endloop
  endfacet
  facet normal -0.471413 0.881912 0
    outer loop
      vertex 0.650558 28.4294 0
      vertex 0.650558 28.4294 4
      vertex 0.944458 28.5865 0
    endloop
  endfacet
  facet normal -0.471413 0.881912 0
    outer loop
      vertex 0.944458 28.5865 4
      vertex 0.944458 28.5865 0
      vertex 0.650558 28.4294 4
    endloop
  endfacet
  facet normal -0.290176 0.956973 0
    outer loop
      vertex 0.33165 28.3327 0
      vertex 0.33165 28.3327 4
      vertex 0.650558 28.4294 0
    endloop
  endfacet
  facet normal -0.290176 0.956973 0
    outer loop
      vertex 0.650558 28.4294 4
      vertex 0.650558 28.4294 0
      vertex 0.33165 28.3327 4
    endloop
  endfacet
  facet normal -0.0981221 0.995174 0
    outer loop
      vertex 0 28.3 0
      vertex 0 28.3 4
      vertex 0.33165 28.3327 0
    endloop
  endfacet
  facet normal -0.0981221 0.995174 0
    outer loop
      vertex 0.33165 28.3327 4
      vertex 0.33165 28.3327 0
      vertex 0 28.3 4
    endloop
  endfacet
  facet normal 0.0981221 0.995174 -0
    outer loop
      vertex -0.33165 28.3327 0
      vertex -0.33165 28.3327 4
      vertex 0 28.3 0
    endloop
  endfacet
  facet normal 0.0981221 0.995174 0
    outer loop
      vertex 0 28.3 4
      vertex 0 28.3 0
      vertex -0.33165 28.3327 4
    endloop
  endfacet
  facet normal 0.290099 0.956997 -0
    outer loop
      vertex -25.6506 28.4294 0
      vertex -25.6506 28.4294 4
      vertex -25.3316 28.3327 0
    endloop
  endfacet
  facet normal 0.290099 0.956997 0
    outer loop
      vertex -25.3316 28.3327 4
      vertex -25.3316 28.3327 0
      vertex -25.6506 28.4294 4
    endloop
  endfacet
  facet normal 0.471413 0.881912 -0
    outer loop
      vertex -25.9445 28.5865 0
      vertex -25.9445 28.5865 4
      vertex -25.6506 28.4294 0
    endloop
  endfacet
  facet normal 0.471413 0.881912 0
    outer loop
      vertex -25.6506 28.4294 4
      vertex -25.6506 28.4294 0
      vertex -25.9445 28.5865 4
    endloop
  endfacet
  facet normal 0.634381 0.773021 -0
    outer loop
      vertex -26.2021 28.7979 0
      vertex -26.2021 28.7979 4
      vertex -25.9445 28.5865 0
    endloop
  endfacet
  facet normal 0.634381 0.773021 0
    outer loop
      vertex -25.9445 28.5865 4
      vertex -25.9445 28.5865 0
      vertex -26.2021 28.7979 4
    endloop
  endfacet
  facet normal 0.773021 0.634381 -0
    outer loop
      vertex -26.4135 29.0555 0
      vertex -26.4135 29.0555 4
      vertex -26.2021 28.7979 0
    endloop
  endfacet
  facet normal 0.773021 0.634381 0
    outer loop
      vertex -26.2021 28.7979 4
      vertex -26.2021 28.7979 0
      vertex -26.4135 29.0555 4
    endloop
  endfacet
  facet normal 0.881912 0.471413 -0
    outer loop
      vertex -26.5706 29.3494 0
      vertex -26.5706 29.3494 4
      vertex -26.4135 29.0555 0
    endloop
  endfacet
  facet normal 0.881912 0.471413 0
    outer loop
      vertex -26.4135 29.0555 4
      vertex -26.4135 29.0555 0
      vertex -26.5706 29.3494 4
    endloop
  endfacet
  facet normal 0.956971 0.290182 -0
    outer loop
      vertex -26.6673 29.6683 0
      vertex -26.6673 29.6683 4
      vertex -26.5706 29.3494 0
    endloop
  endfacet
  facet normal 0.956971 0.290182 0
    outer loop
      vertex -26.5706 29.3494 4
      vertex -26.5706 29.3494 0
      vertex -26.6673 29.6683 4
    endloop
  endfacet
  facet normal 0.995176 0.0981075 -0
    outer loop
      vertex -26.7 30 0
      vertex -26.7 30 4
      vertex -26.6673 29.6683 0
    endloop
  endfacet
  facet normal 0.995176 0.0981075 0
    outer loop
      vertex -26.6673 29.6683 4
      vertex -26.6673 29.6683 0
      vertex -26.7 30 4
    endloop
  endfacet
  facet normal 0.995173 -0.0981368 0
    outer loop
      vertex -26.6673 30.3316 0
      vertex -26.6673 30.3316 4
      vertex -26.7 30 0
    endloop
  endfacet
  facet normal 0.995173 -0.0981368 0
    outer loop
      vertex -26.7 30 4
      vertex -26.7 30 0
      vertex -26.6673 30.3316 4
    endloop
  endfacet
  facet normal 0.956997 -0.290099 0
    outer loop
      vertex -26.5706 30.6506 0
      vertex -26.5706 30.6506 4
      vertex -26.6673 30.3316 0
    endloop
  endfacet
  facet normal 0.956997 -0.290099 0
    outer loop
      vertex -26.6673 30.3316 4
      vertex -26.6673 30.3316 0
      vertex -26.5706 30.6506 4
    endloop
  endfacet
  facet normal 0.881912 -0.471413 0
    outer loop
      vertex -26.4135 30.9445 0
      vertex -26.4135 30.9445 4
      vertex -26.5706 30.6506 0
    endloop
  endfacet
  facet normal 0.881912 -0.471413 0
    outer loop
      vertex -26.5706 30.6506 4
      vertex -26.5706 30.6506 0
      vertex -26.4135 30.9445 4
    endloop
  endfacet
  facet normal 0.773021 -0.634381 0
    outer loop
      vertex -26.2021 31.2021 0
      vertex -26.2021 31.2021 4
      vertex -26.4135 30.9445 0
    endloop
  endfacet
  facet normal 0.773021 -0.634381 0
    outer loop
      vertex -26.4135 30.9445 4
      vertex -26.4135 30.9445 0
      vertex -26.2021 31.2021 4
    endloop
  endfacet
  facet normal 0.634381 -0.773021 0
    outer loop
      vertex -25.9445 31.4135 0
      vertex -25.9445 31.4135 4
      vertex -26.2021 31.2021 0
    endloop
  endfacet
  facet normal 0.634381 -0.773021 0
    outer loop
      vertex -26.2021 31.2021 4
      vertex -26.2021 31.2021 0
      vertex -25.9445 31.4135 4
    endloop
  endfacet
  facet normal 0.471413 -0.881912 0
    outer loop
      vertex -25.6506 31.5706 0
      vertex -25.6506 31.5706 4
      vertex -25.9445 31.4135 0
    endloop
  endfacet
  facet normal 0.471413 -0.881912 0
    outer loop
      vertex -25.9445 31.4135 4
      vertex -25.9445 31.4135 0
      vertex -25.6506 31.5706 4
    endloop
  endfacet
  facet normal 0.290099 -0.956997 0
    outer loop
      vertex -25.3316 31.6673 0
      vertex -25.3316 31.6673 4
      vertex -25.6506 31.5706 0
    endloop
  endfacet
  facet normal 0.290099 -0.956997 0
    outer loop
      vertex -25.6506 31.5706 4
      vertex -25.6506 31.5706 0
      vertex -25.3316 31.6673 4
    endloop
  endfacet
  facet normal 0.0981368 -0.995173 0
    outer loop
      vertex -25 31.7 0
      vertex -25 31.7 4
      vertex -25.3316 31.6673 0
    endloop
  endfacet
  facet normal 0.0981368 -0.995173 0
    outer loop
      vertex -25.3316 31.6673 4
      vertex -25.3316 31.6673 0
      vertex -25 31.7 4
    endloop
  endfacet
  facet normal -0.0981075 -0.995176 0
    outer loop
      vertex -24.6683 31.6673 0
      vertex -24.6683 31.6673 4
      vertex -25 31.7 0
    endloop
  endfacet
  facet normal -0.0981075 -0.995176 -0
    outer loop
      vertex -25 31.7 4
      vertex -25 31.7 0
      vertex -24.6683 31.6673 4
    endloop
  endfacet
  facet normal -0.290182 -0.956971 0
    outer loop
      vertex -24.3494 31.5706 0
      vertex -24.3494 31.5706 4
      vertex -24.6683 31.6673 0
    endloop
  endfacet
  facet normal -0.290182 -0.956971 -0
    outer loop
      vertex -24.6683 31.6673 4
      vertex -24.6683 31.6673 0
      vertex -24.3494 31.5706 4
    endloop
  endfacet
  facet normal -0.471413 -0.881912 0
    outer loop
      vertex -24.0555 31.4135 0
      vertex -24.0555 31.4135 4
      vertex -24.3494 31.5706 0
    endloop
  endfacet
  facet normal -0.471413 -0.881912 -0
    outer loop
      vertex -24.3494 31.5706 4
      vertex -24.3494 31.5706 0
      vertex -24.0555 31.4135 4
    endloop
  endfacet
  facet normal -0.634381 -0.773021 0
    outer loop
      vertex -23.7979 31.2021 0
      vertex -23.7979 31.2021 4
      vertex -24.0555 31.4135 0
    endloop
  endfacet
  facet normal -0.634381 -0.773021 -0
    outer loop
      vertex -24.0555 31.4135 4
      vertex -24.0555 31.4135 0
      vertex -23.7979 31.2021 4
    endloop
  endfacet
  facet normal -0.773021 -0.634381 0
    outer loop
      vertex -23.5865 30.9445 0
      vertex -23.5865 30.9445 4
      vertex -23.7979 31.2021 0
    endloop
  endfacet
  facet normal -0.773021 -0.634381 -0
    outer loop
      vertex -23.7979 31.2021 4
      vertex -23.7979 31.2021 0
      vertex -23.5865 30.9445 4
    endloop
  endfacet
  facet normal -0.881912 -0.471413 0
    outer loop
      vertex -23.4294 30.6506 0
      vertex -23.4294 30.6506 4
      vertex -23.5865 30.9445 0
    endloop
  endfacet
  facet normal -0.881912 -0.471413 -0
    outer loop
      vertex -23.5865 30.9445 4
      vertex -23.5865 30.9445 0
      vertex -23.4294 30.6506 4
    endloop
  endfacet
  facet normal -0.956997 -0.290099 0
    outer loop
      vertex -23.3327 30.3316 0
      vertex -23.3327 30.3316 4
      vertex -23.4294 30.6506 0
    endloop
  endfacet
  facet normal -0.956997 -0.290099 -0
    outer loop
      vertex -23.4294 30.6506 4
      vertex -23.4294 30.6506 0
      vertex -23.3327 30.3316 4
    endloop
  endfacet
  facet normal -0.995173 -0.0981368 0
    outer loop
      vertex -23.3 30 0
      vertex -23.3 30 4
      vertex -23.3327 30.3316 0
    endloop
  endfacet
  facet normal -0.995173 -0.0981368 -0
    outer loop
      vertex -23.3327 30.3316 4
      vertex -23.3327 30.3316 0
      vertex -23.3 30 4
    endloop
  endfacet
  facet normal -0.995176 0.0981075 0
    outer loop
      vertex -23.3327 29.6683 0
      vertex -23.3327 29.6683 4
      vertex -23.3 30 0
    endloop
  endfacet
  facet normal -0.995176 0.0981075 0
    outer loop
      vertex -23.3 30 4
      vertex -23.3 30 0
      vertex -23.3327 29.6683 4
    endloop
  endfacet
  facet normal -0.956971 0.290182 0
    outer loop
      vertex -23.4294 29.3494 0
      vertex -23.4294 29.3494 4
      vertex -23.3327 29.6683 0
    endloop
  endfacet
  facet normal -0.956971 0.290182 0
    outer loop
      vertex -23.3327 29.6683 4
      vertex -23.3327 29.6683 0
      vertex -23.4294 29.3494 4
    endloop
  endfacet
  facet normal -0.881912 0.471413 0
    outer loop
      vertex -23.5865 29.0555 0
      vertex -23.5865 29.0555 4
      vertex -23.4294 29.3494 0
    endloop
  endfacet
  facet normal -0.881912 0.471413 0
    outer loop
      vertex -23.4294 29.3494 4
      vertex -23.4294 29.3494 0
      vertex -23.5865 29.0555 4
    endloop
  endfacet
  facet normal -0.773021 0.634381 0
    outer loop
      vertex -23.7979 28.7979 0
      vertex -23.7979 28.7979 4
      vertex -23.5865 29.0555 0
    endloop
  endfacet
  facet normal -0.773021 0.634381 0
    outer loop
      vertex -23.5865 29.0555 4
      vertex -23.5865 29.0555 0
      vertex -23.7979 28.7979 4
    endloop
  endfacet
  facet normal -0.634381 0.773021 0
    outer loop
      vertex -24.0555 28.5865 0
      vertex -24.0555 28.5865 4
      vertex -23.7979 28.7979 0
    endloop
  endfacet
  facet normal -0.634381 0.773021 0
    outer loop
      vertex -23.7979 28.7979 4
      vertex -23.7979 28.7979 0
      vertex -24.0555 28.5865 4
    endloop
  endfacet
  facet normal -0.471413 0.881912 0
    outer loop
      vertex -24.3494 28.4294 0
      vertex -24.3494 28.4294 4
      vertex -24.0555 28.5865 0
    endloop
  endfacet
  facet normal -0.471413 0.881912 0
    outer loop
      vertex -24.0555 28.5865 4
      vertex -24.0555 28.5865 0
      vertex -24.3494 28.4294 4
    endloop
  endfacet
  facet normal -0.290182 0.956971 0
    outer loop
      vertex -24.6683 28.3327 0
      vertex -24.6683 28.3327 4
      vertex -24.3494 28.4294 0
    endloop
  endfacet
  facet normal -0.290182 0.956971 0
    outer loop
      vertex -24.3494 28.4294 4
      vertex -24.3494 28.4294 0
      vertex -24.6683 28.3327 4
    endloop
  endfacet
  facet normal -0.0981075 0.995176 0
    outer loop
      vertex -25 28.3 0
      vertex -25 28.3 4
      vertex -24.6683 28.3327 0
    endloop
  endfacet
  facet normal -0.0981075 0.995176 0
    outer loop
      vertex -24.6683 28.3327 4
      vertex -24.6683 28.3327 0
      vertex -25 28.3 4
    endloop
  endfacet
  facet normal 0.0981368 0.995173 -0
    outer loop
      vertex -25.3316 28.3327 0
      vertex -25.3316 28.3327 4
      vertex -25 28.3 0
    endloop
  endfacet
  facet normal 0.0981368 0.995173 0
    outer loop
      vertex -25 28.3 4
      vertex -25 28.3 0
      vertex -25.3316 28.3327 4
    endloop
  endfacet
  facet normal 0.290099 0.956997 -0
    outer loop
      vertex -50.6506 28.4294 0
      vertex -50.6506 28.4294 4
      vertex -50.3316 28.3327 0
    endloop
  endfacet
  facet normal 0.290099 0.956997 0
    outer loop
      vertex -50.3316 28.3327 4
      vertex -50.3316 28.3327 0
      vertex -50.6506 28.4294 4
    endloop
  endfacet
  facet normal 0.471413 0.881912 -0
    outer loop
      vertex -50.9445 28.5865 0
      vertex -50.9445 28.5865 4
      vertex -50.6506 28.4294 0
    endloop
  endfacet
  facet normal 0.471413 0.881912 0
    outer loop
      vertex -50.6506 28.4294 4
      vertex -50.6506 28.4294 0
      vertex -50.9445 28.5865 4
    endloop
  endfacet
  facet normal 0.634381 0.773021 -0
    outer loop
      vertex -51.2021 28.7979 0
      vertex -51.2021 28.7979 4
      vertex -50.9445 28.5865 0
    endloop
  endfacet
  facet normal 0.634381 0.773021 0
    outer loop
      vertex -50.9445 28.5865 4
      vertex -50.9445 28.5865 0
      vertex -51.2021 28.7979 4
    endloop
  endfacet
  facet normal 0.773021 0.634381 -0
    outer loop
      vertex -51.4135 29.0555 0
      vertex -51.4135 29.0555 4
      vertex -51.2021 28.7979 0
    endloop
  endfacet
  facet normal 0.773021 0.634381 0
    outer loop
      vertex -51.2021 28.7979 4
      vertex -51.2021 28.7979 0
      vertex -51.4135 29.0555 4
    endloop
  endfacet
  facet normal 0.881912 0.471413 -0
    outer loop
      vertex -51.5706 29.3494 0
      vertex -51.5706 29.3494 4
      vertex -51.4135 29.0555 0
    endloop
  endfacet
  facet normal 0.881912 0.471413 0
    outer loop
      vertex -51.4135 29.0555 4
      vertex -51.4135 29.0555 0
      vertex -51.5706 29.3494 4
    endloop
  endfacet
  facet normal 0.956971 0.290182 -0
    outer loop
      vertex -51.6673 29.6683 0
      vertex -51.6673 29.6683 4
      vertex -51.5706 29.3494 0
    endloop
  endfacet
  facet normal 0.956971 0.290182 0
    outer loop
      vertex -51.5706 29.3494 4
      vertex -51.5706 29.3494 0
      vertex -51.6673 29.6683 4
    endloop
  endfacet
  facet normal 0.995176 0.0981075 -0
    outer loop
      vertex -51.7 30 0
      vertex -51.7 30 4
      vertex -51.6673 29.6683 0
    endloop
  endfacet
  facet normal 0.995176 0.0981075 0
    outer loop
      vertex -51.6673 29.6683 4
      vertex -51.6673 29.6683 0
      vertex -51.7 30 4
    endloop
  endfacet
  facet normal 0.995173 -0.0981368 0
    outer loop
      vertex -51.6673 30.3316 0
      vertex -51.6673 30.3316 4
      vertex -51.7 30 0
    endloop
  endfacet
  facet normal 0.995173 -0.0981368 0
    outer loop
      vertex -51.7 30 4
      vertex -51.7 30 0
      vertex -51.6673 30.3316 4
    endloop
  endfacet
  facet normal 0.956997 -0.290099 0
    outer loop
      vertex -51.5706 30.6506 0
      vertex -51.5706 30.6506 4
      vertex -51.6673 30.3316 0
    endloop
  endfacet
  facet normal 0.956997 -0.290099 0
    outer loop
      vertex -51.6673 30.3316 4
      vertex -51.6673 30.3316 0
      vertex -51.5706 30.6506 4
    endloop
  endfacet
  facet normal 0.881912 -0.471413 0
    outer loop
      vertex -51.4135 30.9445 0
      vertex -51.4135 30.9445 4
      vertex -51.5706 30.6506 0
    endloop
  endfacet
  facet normal 0.881912 -0.471413 0
    outer loop
      vertex -51.5706 30.6506 4
      vertex -51.5706 30.6506 0
      vertex -51.4135 30.9445 4
    endloop
  endfacet
  facet normal 0.773021 -0.634381 0
    outer loop
      vertex -51.2021 31.2021 0
      vertex -51.2021 31.2021 4
      vertex -51.4135 30.9445 0
    endloop
  endfacet
  facet normal 0.773021 -0.634381 0
    outer loop
      vertex -51.4135 30.9445 4
      vertex -51.4135 30.9445 0
      vertex -51.2021 31.2021 4
    endloop
  endfacet
  facet normal 0.634381 -0.773021 0
    outer loop
      vertex -50.9445 31.4135 0
      vertex -50.9445 31.4135 4
      vertex -51.2021 31.2021 0
    endloop
  endfacet
  facet normal 0.634381 -0.773021 0
    outer loop
      vertex -51.2021 31.2021 4
      vertex -51.2021 31.2021 0
      vertex -50.9445 31.4135 4
    endloop
  endfacet
  facet normal 0.471413 -0.881912 0
    outer loop
      vertex -50.6506 31.5706 0
      vertex -50.6506 31.5706 4
      vertex -50.9445 31.4135 0
    endloop
  endfacet
  facet normal 0.471413 -0.881912 0
    outer loop
      vertex -50.9445 31.4135 4
      vertex -50.9445 31.4135 0
      vertex -50.6506 31.5706 4
    endloop
  endfacet
  facet normal 0.290099 -0.956997 0
    outer loop
      vertex -50.3316 31.6673 0
      vertex -50.3316 31.6673 4
      vertex -50.6506 31.5706 0
    endloop
  endfacet
  facet normal 0.290099 -0.956997 0
    outer loop
      vertex -50.6506 31.5706 4
      vertex -50.6506 31.5706 0
      vertex -50.3316 31.6673 4
    endloop
  endfacet
  facet normal 0.0981368 -0.995173 0
    outer loop
      vertex -50 31.7 0
      vertex -50 31.7 4
      vertex -50.3316 31.6673 0
    endloop
  endfacet
  facet normal 0.0981368 -0.995173 0
    outer loop
      vertex -50.3316 31.6673 4
      vertex -50.3316 31.6673 0
      vertex -50 31.7 4
    endloop
  endfacet
  facet normal -0.0981075 -0.995176 0
    outer loop
      vertex -49.6683 31.6673 0
      vertex -49.6683 31.6673 4
      vertex -50 31.7 0
    endloop
  endfacet
  facet normal -0.0981075 -0.995176 -0
    outer loop
      vertex -50 31.7 4
      vertex -50 31.7 0
      vertex -49.6683 31.6673 4
    endloop
  endfacet
  facet normal -0.290182 -0.956971 0
    outer loop
      vertex -49.3494 31.5706 0
      vertex -49.3494 31.5706 4
      vertex -49.6683 31.6673 0
    endloop
  endfacet
  facet normal -0.290182 -0.956971 -0
    outer loop
      vertex -49.6683 31.6673 4
      vertex -49.6683 31.6673 0
      vertex -49.3494 31.5706 4
    endloop
  endfacet
  facet normal -0.471413 -0.881912 0
    outer loop
      vertex -49.0555 31.4135 0
      vertex -49.0555 31.4135 4
      vertex -49.3494 31.5706 0
    endloop
  endfacet
  facet normal -0.471413 -0.881912 -0
    outer loop
      vertex -49.3494 31.5706 4
      vertex -49.3494 31.5706 0
      vertex -49.0555 31.4135 4
    endloop
  endfacet
  facet normal -0.634381 -0.773021 0
    outer loop
      vertex -48.7979 31.2021 0
      vertex -48.7979 31.2021 4
      vertex -49.0555 31.4135 0
    endloop
  endfacet
  facet normal -0.634381 -0.773021 -0
    outer loop
      vertex -49.0555 31.4135 4
      vertex -49.0555 31.4135 0
      vertex -48.7979 31.2021 4
    endloop
  endfacet
  facet normal -0.773021 -0.634381 0
    outer loop
      vertex -48.5865 30.9445 0
      vertex -48.5865 30.9445 4
      vertex -48.7979 31.2021 0
    endloop
  endfacet
  facet normal -0.773021 -0.634381 -0
    outer loop
      vertex -48.7979 31.2021 4
      vertex -48.7979 31.2021 0
      vertex -48.5865 30.9445 4
    endloop
  endfacet
  facet normal -0.881912 -0.471413 0
    outer loop
      vertex -48.4294 30.6506 0
      vertex -48.4294 30.6506 4
      vertex -48.5865 30.9445 0
    endloop
  endfacet
  facet normal -0.881912 -0.471413 -0
    outer loop
      vertex -48.5865 30.9445 4
      vertex -48.5865 30.9445 0
      vertex -48.4294 30.6506 4
    endloop
  endfacet
  facet normal -0.956997 -0.290099 0
    outer loop
      vertex -48.3327 30.3316 0
      vertex -48.3327 30.3316 4
      vertex -48.4294 30.6506 0
    endloop
  endfacet
  facet normal -0.956997 -0.290099 -0
    outer loop
      vertex -48.4294 30.6506 4
      vertex -48.4294 30.6506 0
      vertex -48.3327 30.3316 4
    endloop
  endfacet
  facet normal -0.995173 -0.0981368 0
    outer loop
      vertex -48.3 30 0
      vertex -48.3 30 4
      vertex -48.3327 30.3316 0
    endloop
  endfacet
  facet normal -0.995173 -0.0981368 -0
    outer loop
      vertex -48.3327 30.3316 4
      vertex -48.3327 30.3316 0
      vertex -48.3 30 4
    endloop
  endfacet
  facet normal -0.995176 0.0981075 0
    outer loop
      vertex -48.3327 29.6683 0
      vertex -48.3327 29.6683 4
      vertex -48.3 30 0
    endloop
  endfacet
  facet normal -0.995176 0.0981075 0
    outer loop
      vertex -48.3 30 4
      vertex -48.3 30 0
      vertex -48.3327 29.6683 4
    endloop
  endfacet
  facet normal -0.956971 0.290182 0
    outer loop
      vertex -48.4294 29.3494 0
      vertex -48.4294 29.3494 4
      vertex -48.3327 29.6683 0
    endloop
  endfacet
  facet normal -0.956971 0.290182 0
    outer loop
      vertex -48.3327 29.6683 4
      vertex -48.3327 29.6683 0
      vertex -48.4294 29.3494 4
    endloop
  endfacet
  facet normal -0.881912 0.471413 0
    outer loop
      vertex -48.5865 29.0555 0
      vertex -48.5865 29.0555 4
      vertex -48.4294 29.3494 0
    endloop
  endfacet
  facet normal -0.881912 0.471413 0
    outer loop
      vertex -48.4294 29.3494 4
      vertex -48.4294 29.3494 0
      vertex -48.5865 29.0555 4
    endloop
  endfacet
  facet normal -0.773021 0.634381 0
    outer loop
      vertex -48.7979 28.7979 0
      vertex -48.7979 28.7979 4
      vertex -48.5865 29.0555 0
    endloop
  endfacet
  facet normal -0.773021 0.634381 0
    outer loop
      vertex -48.5865 29.0555 4
      vertex -48.5865 29.0555 0
      vertex -48.7979 28.7979 4
    endloop
  endfacet
  facet normal -0.634381 0.773021 0
    outer loop
      vertex -49.0555 28.5865 0
      vertex -49.0555 28.5865 4
      vertex -48.7979 28.7979 0
    endloop
  endfacet
  facet normal -0.634381 0.773021 0
    outer loop
      vertex -48.7979 28.7979 4
      vertex -48.7979 28.7979 0
      vertex -49.0555 28.5865 4
    endloop
  endfacet
  facet normal -0.471413 0.881912 0
    outer loop
      vertex -49.3494 28.4294 0
      vertex -49.3494 28.4294 4
      vertex -49.0555 28.5865 0
    endloop
  endfacet
  facet normal -0.471413 0.881912 0
    outer loop
      vertex -49.0555 28.5865 4
      vertex -49.0555 28.5865 0
      vertex -49.3494 28.4294 4
    endloop
  endfacet
  facet normal -0.290182 0.956971 0
    outer loop
      vertex -49.6683 28.3327 0
      vertex -49.6683 28.3327 4
      vertex -49.3494 28.4294 0
    endloop
  endfacet
  facet normal -0.290182 0.956971 0
    outer loop
      vertex -49.3494 28.4294 4
      vertex -49.3494 28.4294 0
      vertex -49.6683 28.3327 4
    endloop
  endfacet
  facet normal -0.0981075 0.995176 0
    outer loop
      vertex -50 28.3 0
      vertex -50 28.3 4
      vertex -49.6683 28.3327 0
    endloop
  endfacet
  facet normal -0.0981075 0.995176 0
    outer loop
      vertex -49.6683 28.3327 4
      vertex -49.6683 28.3327 0
      vertex -50 28.3 4
    endloop
  endfacet
  facet normal 0.0981368 0.995173 -0
    outer loop
      vertex -50.3316 28.3327 0
      vertex -50.3316 28.3327 4
      vertex -50 28.3 0
    endloop
  endfacet
  facet normal 0.0981368 0.995173 0
    outer loop
      vertex -50 28.3 4
      vertex -50 28.3 0
      vertex -50.3316 28.3327 4
    endloop
  endfacet
  facet normal 0.290099 0.956997 -0
    outer loop
      vertex 104.349 18.4294 0
      vertex 104.349 18.4294 4
      vertex 104.668 18.3327 0
    endloop
  endfacet
  facet normal 0.290099 0.956997 0
    outer loop
      vertex 104.668 18.3327 4
      vertex 104.668 18.3327 0
      vertex 104.349 18.4294 4
    endloop
  endfacet
  facet normal 0.472539 0.88131 -0
    outer loop
      vertex 104.056 18.5865 0
      vertex 104.056 18.5865 4
      vertex 104.349 18.4294 0
    endloop
  endfacet
  facet normal 0.472539 0.88131 0
    outer loop
      vertex 104.349 18.4294 4
      vertex 104.349 18.4294 0
      vertex 104.056 18.5865 4
    endloop
  endfacet
  facet normal 0.633793 0.773503 -0
    outer loop
      vertex 103.798 18.7979 0
      vertex 103.798 18.7979 4
      vertex 104.056 18.5865 0
    endloop
  endfacet
  facet normal 0.633793 0.773503 0
    outer loop
      vertex 104.056 18.5865 4
      vertex 104.056 18.5865 0
      vertex 103.798 18.7979 4
    endloop
  endfacet
  facet normal 0.772138 0.635455 -0
    outer loop
      vertex 103.586 19.0555 0
      vertex 103.586 19.0555 4
      vertex 103.798 18.7979 0
    endloop
  endfacet
  facet normal 0.772138 0.635455 0
    outer loop
      vertex 103.798 18.7979 4
      vertex 103.798 18.7979 0
      vertex 103.586 19.0555 4
    endloop
  endfacet
  facet normal 0.882037 0.47118 -0
    outer loop
      vertex 103.429 19.3494 0
      vertex 103.429 19.3494 4
      vertex 103.586 19.0555 0
    endloop
  endfacet
  facet normal 0.882037 0.47118 0
    outer loop
      vertex 103.586 19.0555 4
      vertex 103.586 19.0555 0
      vertex 103.429 19.3494 4
    endloop
  endfacet
  facet normal 0.957553 0.288257 -0
    outer loop
      vertex 103.333 19.6683 0
      vertex 103.333 19.6683 4
      vertex 103.429 19.3494 0
    endloop
  endfacet
  facet normal 0.957553 0.288257 0
    outer loop
      vertex 103.429 19.3494 4
      vertex 103.429 19.3494 0
      vertex 103.333 19.6683 4
    endloop
  endfacet
  facet normal 0.995088 0.0989988 -0
    outer loop
      vertex 103.3 20 0
      vertex 103.3 20 4
      vertex 103.333 19.6683 0
    endloop
  endfacet
  facet normal 0.995088 0.0989988 0
    outer loop
      vertex 103.333 19.6683 4
      vertex 103.333 19.6683 0
      vertex 103.3 20 4
    endloop
  endfacet
  facet normal 0.995085 -0.0990283 0
    outer loop
      vertex 103.333 20.3316 0
      vertex 103.333 20.3316 4
      vertex 103.3 20 0
    endloop
  endfacet
  facet normal 0.995085 -0.0990283 0
    outer loop
      vertex 103.3 20 4
      vertex 103.3 20 0
      vertex 103.333 20.3316 4
    endloop
  endfacet
  facet normal 0.957578 -0.288174 0
    outer loop
      vertex 103.429 20.6506 0
      vertex 103.429 20.6506 4
      vertex 103.333 20.3316 0
    endloop
  endfacet
  facet normal 0.957578 -0.288174 0
    outer loop
      vertex 103.333 20.3316 4
      vertex 103.333 20.3316 0
      vertex 103.429 20.6506 4
    endloop
  endfacet
  facet normal 0.882037 -0.47118 0
    outer loop
      vertex 103.586 20.9445 0
      vertex 103.586 20.9445 4
      vertex 103.429 20.6506 0
    endloop
  endfacet
  facet normal 0.882037 -0.47118 0
    outer loop
      vertex 103.429 20.6506 4
      vertex 103.429 20.6506 0
      vertex 103.586 20.9445 4
    endloop
  endfacet
  facet normal 0.772138 -0.635455 0
    outer loop
      vertex 103.798 21.2021 0
      vertex 103.798 21.2021 4
      vertex 103.586 20.9445 0
    endloop
  endfacet
  facet normal 0.772138 -0.635455 0
    outer loop
      vertex 103.586 20.9445 4
      vertex 103.586 20.9445 0
      vertex 103.798 21.2021 4
    endloop
  endfacet
  facet normal 0.633793 -0.773503 0
    outer loop
      vertex 104.056 21.4135 0
      vertex 104.056 21.4135 4
      vertex 103.798 21.2021 0
    endloop
  endfacet
  facet normal 0.633793 -0.773503 0
    outer loop
      vertex 103.798 21.2021 4
      vertex 103.798 21.2021 0
      vertex 104.056 21.4135 4
    endloop
  endfacet
  facet normal 0.472539 -0.88131 0
    outer loop
      vertex 104.349 21.5706 0
      vertex 104.349 21.5706 4
      vertex 104.056 21.4135 0
    endloop
  endfacet
  facet normal 0.472539 -0.88131 0
    outer loop
      vertex 104.056 21.4135 4
      vertex 104.056 21.4135 0
      vertex 104.349 21.5706 4
    endloop
  endfacet
  facet normal 0.290099 -0.956997 0
    outer loop
      vertex 104.668 21.6673 0
      vertex 104.668 21.6673 4
      vertex 104.349 21.5706 0
    endloop
  endfacet
  facet normal 0.290099 -0.956997 0
    outer loop
      vertex 104.349 21.5706 4
      vertex 104.349 21.5706 0
      vertex 104.668 21.6673 4
    endloop
  endfacet
  facet normal 0.0980197 -0.995184 0
    outer loop
      vertex 105 21.7 0
      vertex 105 21.7 4
      vertex 104.668 21.6673 0
    endloop
  endfacet
  facet normal 0.0980197 -0.995184 0
    outer loop
      vertex 104.668 21.6673 4
      vertex 104.668 21.6673 0
      vertex 105 21.7 4
    endloop
  endfacet
  facet normal -0.0980197 -0.995184 0
    outer loop
      vertex 105.332 21.6673 0
      vertex 105.332 21.6673 4
      vertex 105 21.7 0
    endloop
  endfacet
  facet normal -0.0980197 -0.995184 -0
    outer loop
      vertex 105 21.7 4
      vertex 105 21.7 0
      vertex 105.332 21.6673 4
    endloop
  endfacet
  facet normal -0.290099 -0.956997 0
    outer loop
      vertex 105.651 21.5706 0
      vertex 105.651 21.5706 4
      vertex 105.332 21.6673 0
    endloop
  endfacet
  facet normal -0.290099 -0.956997 -0
    outer loop
      vertex 105.332 21.6673 4
      vertex 105.332 21.6673 0
      vertex 105.651 21.5706 4
    endloop
  endfacet
  facet normal -0.472539 -0.88131 0
    outer loop
      vertex 105.944 21.4135 0
      vertex 105.944 21.4135 4
      vertex 105.651 21.5706 0
    endloop
  endfacet
  facet normal -0.472539 -0.88131 -0
    outer loop
      vertex 105.651 21.5706 4
      vertex 105.651 21.5706 0
      vertex 105.944 21.4135 4
    endloop
  endfacet
  facet normal -0.633793 -0.773503 0
    outer loop
      vertex 106.202 21.2021 0
      vertex 106.202 21.2021 4
      vertex 105.944 21.4135 0
    endloop
  endfacet
  facet normal -0.633793 -0.773503 -0
    outer loop
      vertex 105.944 21.4135 4
      vertex 105.944 21.4135 0
      vertex 106.202 21.2021 4
    endloop
  endfacet
  facet normal -0.773609 -0.633663 0
    outer loop
      vertex 106.413 20.9445 0
      vertex 106.413 20.9445 4
      vertex 106.202 21.2021 0
    endloop
  endfacet
  facet normal -0.773609 -0.633663 -0
    outer loop
      vertex 106.202 21.2021 4
      vertex 106.202 21.2021 0
      vertex 106.413 20.9445 4
    endloop
  endfacet
  facet normal -0.880788 -0.47351 0
    outer loop
      vertex 106.571 20.6506 0
      vertex 106.571 20.6506 4
      vertex 106.413 20.9445 0
    endloop
  endfacet
  facet normal -0.880788 -0.47351 -0
    outer loop
      vertex 106.413 20.9445 4
      vertex 106.413 20.9445 0
      vertex 106.571 20.6506 4
    endloop
  endfacet
  facet normal -0.957578 -0.288174 0
    outer loop
      vertex 106.667 20.3316 0
      vertex 106.667 20.3316 4
      vertex 106.571 20.6506 0
    endloop
  endfacet
  facet normal -0.957578 -0.288174 -0
    outer loop
      vertex 106.571 20.6506 4
      vertex 106.571 20.6506 0
      vertex 106.667 20.3316 4
    endloop
  endfacet
  facet normal -0.995085 -0.0990283 0
    outer loop
      vertex 106.7 20 0
      vertex 106.7 20 4
      vertex 106.667 20.3316 0
    endloop
  endfacet
  facet normal -0.995085 -0.0990283 -0
    outer loop
      vertex 106.667 20.3316 4
      vertex 106.667 20.3316 0
      vertex 106.7 20 4
    endloop
  endfacet
  facet normal -0.995088 0.0989988 0
    outer loop
      vertex 106.667 19.6683 0
      vertex 106.667 19.6683 4
      vertex 106.7 20 0
    endloop
  endfacet
  facet normal -0.995088 0.0989988 0
    outer loop
      vertex 106.7 20 4
      vertex 106.7 20 0
      vertex 106.667 19.6683 4
    endloop
  endfacet
  facet normal -0.957553 0.288257 0
    outer loop
      vertex 106.571 19.3494 0
      vertex 106.571 19.3494 4
      vertex 106.667 19.6683 0
    endloop
  endfacet
  facet normal -0.957553 0.288257 0
    outer loop
      vertex 106.667 19.6683 4
      vertex 106.667 19.6683 0
      vertex 106.571 19.3494 4
    endloop
  endfacet
  facet normal -0.880788 0.47351 0
    outer loop
      vertex 106.413 19.0555 0
      vertex 106.413 19.0555 4
      vertex 106.571 19.3494 0
    endloop
  endfacet
  facet normal -0.880788 0.47351 0
    outer loop
      vertex 106.571 19.3494 4
      vertex 106.571 19.3494 0
      vertex 106.413 19.0555 4
    endloop
  endfacet
  facet normal -0.773609 0.633663 0
    outer loop
      vertex 106.202 18.7979 0
      vertex 106.202 18.7979 4
      vertex 106.413 19.0555 0
    endloop
  endfacet
  facet normal -0.773609 0.633663 0
    outer loop
      vertex 106.413 19.0555 4
      vertex 106.413 19.0555 0
      vertex 106.202 18.7979 4
    endloop
  endfacet
  facet normal -0.633793 0.773503 0
    outer loop
      vertex 105.944 18.5865 0
      vertex 105.944 18.5865 4
      vertex 106.202 18.7979 0
    endloop
  endfacet
  facet normal -0.633793 0.773503 0
    outer loop
      vertex 106.202 18.7979 4
      vertex 106.202 18.7979 0
      vertex 105.944 18.5865 4
    endloop
  endfacet
  facet normal -0.472539 0.88131 0
    outer loop
      vertex 105.651 18.4294 0
      vertex 105.651 18.4294 4
      vertex 105.944 18.5865 0
    endloop
  endfacet
  facet normal -0.472539 0.88131 0
    outer loop
      vertex 105.944 18.5865 4
      vertex 105.944 18.5865 0
      vertex 105.651 18.4294 4
    endloop
  endfacet
  facet normal -0.290099 0.956997 0
    outer loop
      vertex 105.332 18.3327 0
      vertex 105.332 18.3327 4
      vertex 105.651 18.4294 0
    endloop
  endfacet
  facet normal -0.290099 0.956997 0
    outer loop
      vertex 105.651 18.4294 4
      vertex 105.651 18.4294 0
      vertex 105.332 18.3327 4
    endloop
  endfacet
  facet normal -0.0980197 0.995184 0
    outer loop
      vertex 105 18.3 0
      vertex 105 18.3 4
      vertex 105.332 18.3327 0
    endloop
  endfacet
  facet normal -0.0980197 0.995184 0
    outer loop
      vertex 105.332 18.3327 4
      vertex 105.332 18.3327 0
      vertex 105 18.3 4
    endloop
  endfacet
  facet normal 0.0980197 0.995184 -0
    outer loop
      vertex 104.668 18.3327 0
      vertex 104.668 18.3327 4
      vertex 105 18.3 0
    endloop
  endfacet
  facet normal 0.0980197 0.995184 0
    outer loop
      vertex 105 18.3 4
      vertex 105 18.3 0
      vertex 104.668 18.3327 4
    endloop
  endfacet
  facet normal 0.290099 0.956997 -0
    outer loop
      vertex -105.651 18.4294 0
      vertex -105.651 18.4294 4
      vertex -105.332 18.3327 0
    endloop
  endfacet
  facet normal 0.290099 0.956997 0
    outer loop
      vertex -105.332 18.3327 4
      vertex -105.332 18.3327 0
      vertex -105.651 18.4294 4
    endloop
  endfacet
  facet normal 0.472539 0.88131 -0
    outer loop
      vertex -105.944 18.5865 0
      vertex -105.944 18.5865 4
      vertex -105.651 18.4294 0
    endloop
  endfacet
  facet normal 0.472539 0.88131 0
    outer loop
      vertex -105.651 18.4294 4
      vertex -105.651 18.4294 0
      vertex -105.944 18.5865 4
    endloop
  endfacet
  facet normal 0.633793 0.773503 -0
    outer loop
      vertex -106.202 18.7979 0
      vertex -106.202 18.7979 4
      vertex -105.944 18.5865 0
    endloop
  endfacet
  facet normal 0.633793 0.773503 0
    outer loop
      vertex -105.944 18.5865 4
      vertex -105.944 18.5865 0
      vertex -106.202 18.7979 4
    endloop
  endfacet
  facet normal 0.773609 0.633663 -0
    outer loop
      vertex -106.413 19.0555 0
      vertex -106.413 19.0555 4
      vertex -106.202 18.7979 0
    endloop
  endfacet
  facet normal 0.773609 0.633663 0
    outer loop
      vertex -106.202 18.7979 4
      vertex -106.202 18.7979 0
      vertex -106.413 19.0555 4
    endloop
  endfacet
  facet normal 0.880788 0.47351 -0
    outer loop
      vertex -106.571 19.3494 0
      vertex -106.571 19.3494 4
      vertex -106.413 19.0555 0
    endloop
  endfacet
  facet normal 0.880788 0.47351 0
    outer loop
      vertex -106.413 19.0555 4
      vertex -106.413 19.0555 0
      vertex -106.571 19.3494 4
    endloop
  endfacet
  facet normal 0.957553 0.288257 -0
    outer loop
      vertex -106.667 19.6683 0
      vertex -106.667 19.6683 4
      vertex -106.571 19.3494 0
    endloop
  endfacet
  facet normal 0.957553 0.288257 0
    outer loop
      vertex -106.571 19.3494 4
      vertex -106.571 19.3494 0
      vertex -106.667 19.6683 4
    endloop
  endfacet
  facet normal 0.995088 0.0989988 -0
    outer loop
      vertex -106.7 20 0
      vertex -106.7 20 4
      vertex -106.667 19.6683 0
    endloop
  endfacet
  facet normal 0.995088 0.0989988 0
    outer loop
      vertex -106.667 19.6683 4
      vertex -106.667 19.6683 0
      vertex -106.7 20 4
    endloop
  endfacet
  facet normal 0.995085 -0.0990283 0
    outer loop
      vertex -106.667 20.3316 0
      vertex -106.667 20.3316 4
      vertex -106.7 20 0
    endloop
  endfacet
  facet normal 0.995085 -0.0990283 0
    outer loop
      vertex -106.7 20 4
      vertex -106.7 20 0
      vertex -106.667 20.3316 4
    endloop
  endfacet
  facet normal 0.957578 -0.288174 0
    outer loop
      vertex -106.571 20.6506 0
      vertex -106.571 20.6506 4
      vertex -106.667 20.3316 0
    endloop
  endfacet
  facet normal 0.957578 -0.288174 0
    outer loop
      vertex -106.667 20.3316 4
      vertex -106.667 20.3316 0
      vertex -106.571 20.6506 4
    endloop
  endfacet
  facet normal 0.880788 -0.47351 0
    outer loop
      vertex -106.413 20.9445 0
      vertex -106.413 20.9445 4
      vertex -106.571 20.6506 0
    endloop
  endfacet
  facet normal 0.880788 -0.47351 0
    outer loop
      vertex -106.571 20.6506 4
      vertex -106.571 20.6506 0
      vertex -106.413 20.9445 4
    endloop
  endfacet
  facet normal 0.773609 -0.633663 0
    outer loop
      vertex -106.202 21.2021 0
      vertex -106.202 21.2021 4
      vertex -106.413 20.9445 0
    endloop
  endfacet
  facet normal 0.773609 -0.633663 0
    outer loop
      vertex -106.413 20.9445 4
      vertex -106.413 20.9445 0
      vertex -106.202 21.2021 4
    endloop
  endfacet
  facet normal 0.633793 -0.773503 0
    outer loop
      vertex -105.944 21.4135 0
      vertex -105.944 21.4135 4
      vertex -106.202 21.2021 0
    endloop
  endfacet
  facet normal 0.633793 -0.773503 0
    outer loop
      vertex -106.202 21.2021 4
      vertex -106.202 21.2021 0
      vertex -105.944 21.4135 4
    endloop
  endfacet
  facet normal 0.472539 -0.88131 0
    outer loop
      vertex -105.651 21.5706 0
      vertex -105.651 21.5706 4
      vertex -105.944 21.4135 0
    endloop
  endfacet
  facet normal 0.472539 -0.88131 0
    outer loop
      vertex -105.944 21.4135 4
      vertex -105.944 21.4135 0
      vertex -105.651 21.5706 4
    endloop
  endfacet
  facet normal 0.290099 -0.956997 0
    outer loop
      vertex -105.332 21.6673 0
      vertex -105.332 21.6673 4
      vertex -105.651 21.5706 0
    endloop
  endfacet
  facet normal 0.290099 -0.956997 0
    outer loop
      vertex -105.651 21.5706 4
      vertex -105.651 21.5706 0
      vertex -105.332 21.6673 4
    endloop
  endfacet
  facet normal 0.0980197 -0.995184 0
    outer loop
      vertex -105 21.7 0
      vertex -105 21.7 4
      vertex -105.332 21.6673 0
    endloop
  endfacet
  facet normal 0.0980197 -0.995184 0
    outer loop
      vertex -105.332 21.6673 4
      vertex -105.332 21.6673 0
      vertex -105 21.7 4
    endloop
  endfacet
  facet normal -0.0980197 -0.995184 0
    outer loop
      vertex -104.668 21.6673 0
      vertex -104.668 21.6673 4
      vertex -105 21.7 0
    endloop
  endfacet
  facet normal -0.0980197 -0.995184 -0
    outer loop
      vertex -105 21.7 4
      vertex -105 21.7 0
      vertex -104.668 21.6673 4
    endloop
  endfacet
  facet normal -0.290099 -0.956997 0
    outer loop
      vertex -104.349 21.5706 0
      vertex -104.349 21.5706 4
      vertex -104.668 21.6673 0
    endloop
  endfacet
  facet normal -0.290099 -0.956997 -0
    outer loop
      vertex -104.668 21.6673 4
      vertex -104.668 21.6673 0
      vertex -104.349 21.5706 4
    endloop
  endfacet
  facet normal -0.472539 -0.88131 0
    outer loop
      vertex -104.056 21.4135 0
      vertex -104.056 21.4135 4
      vertex -104.349 21.5706 0
    endloop
  endfacet
  facet normal -0.472539 -0.88131 -0
    outer loop
      vertex -104.349 21.5706 4
      vertex -104.349 21.5706 0
      vertex -104.056 21.4135 4
    endloop
  endfacet
  facet normal -0.633793 -0.773503 0
    outer loop
      vertex -103.798 21.2021 0
      vertex -103.798 21.2021 4
      vertex -104.056 21.4135 0
    endloop
  endfacet
  facet normal -0.633793 -0.773503 -0
    outer loop
      vertex -104.056 21.4135 4
      vertex -104.056 21.4135 0
      vertex -103.798 21.2021 4
    endloop
  endfacet
  facet normal -0.772138 -0.635455 0
    outer loop
      vertex -103.586 20.9445 0
      vertex -103.586 20.9445 4
      vertex -103.798 21.2021 0
    endloop
  endfacet
  facet normal -0.772138 -0.635455 -0
    outer loop
      vertex -103.798 21.2021 4
      vertex -103.798 21.2021 0
      vertex -103.586 20.9445 4
    endloop
  endfacet
  facet normal -0.882037 -0.47118 0
    outer loop
      vertex -103.429 20.6506 0
      vertex -103.429 20.6506 4
      vertex -103.586 20.9445 0
    endloop
  endfacet
  facet normal -0.882037 -0.47118 -0
    outer loop
      vertex -103.586 20.9445 4
      vertex -103.586 20.9445 0
      vertex -103.429 20.6506 4
    endloop
  endfacet
  facet normal -0.957578 -0.288174 0
    outer loop
      vertex -103.333 20.3316 0
      vertex -103.333 20.3316 4
      vertex -103.429 20.6506 0
    endloop
  endfacet
  facet normal -0.957578 -0.288174 -0
    outer loop
      vertex -103.429 20.6506 4
      vertex -103.429 20.6506 0
      vertex -103.333 20.3316 4
    endloop
  endfacet
  facet normal -0.995085 -0.0990283 0
    outer loop
      vertex -103.3 20 0
      vertex -103.3 20 4
      vertex -103.333 20.3316 0
    endloop
  endfacet
  facet normal -0.995085 -0.0990283 -0
    outer loop
      vertex -103.333 20.3316 4
      vertex -103.333 20.3316 0
      vertex -103.3 20 4
    endloop
  endfacet
  facet normal -0.995088 0.0989988 0
    outer loop
      vertex -103.333 19.6683 0
      vertex -103.333 19.6683 4
      vertex -103.3 20 0
    endloop
  endfacet
  facet normal -0.995088 0.0989988 0
    outer loop
      vertex -103.3 20 4
      vertex -103.3 20 0
      vertex -103.333 19.6683 4
    endloop
  endfacet
  facet normal -0.957553 0.288257 0
    outer loop
      vertex -103.429 19.3494 0
      vertex -103.429 19.3494 4
      vertex -103.333 19.6683 0
    endloop
  endfacet
  facet normal -0.957553 0.288257 0
    outer loop
      vertex -103.333 19.6683 4
      vertex -103.333 19.6683 0
      vertex -103.429 19.3494 4
    endloop
  endfacet
  facet normal -0.882037 0.47118 0
    outer loop
      vertex -103.586 19.0555 0
      vertex -103.586 19.0555 4
      vertex -103.429 19.3494 0
    endloop
  endfacet
  facet normal -0.882037 0.47118 0
    outer loop
      vertex -103.429 19.3494 4
      vertex -103.429 19.3494 0
      vertex -103.586 19.0555 4
    endloop
  endfacet
  facet normal -0.772138 0.635455 0
    outer loop
      vertex -103.798 18.7979 0
      vertex -103.798 18.7979 4
      vertex -103.586 19.0555 0
    endloop
  endfacet
  facet normal -0.772138 0.635455 0
    outer loop
      vertex -103.586 19.0555 4
      vertex -103.586 19.0555 0
      vertex -103.798 18.7979 4
    endloop
  endfacet
  facet normal -0.633793 0.773503 0
    outer loop
      vertex -104.056 18.5865 0
      vertex -104.056 18.5865 4
      vertex -103.798 18.7979 0
    endloop
  endfacet
  facet normal -0.633793 0.773503 0
    outer loop
      vertex -103.798 18.7979 4
      vertex -103.798 18.7979 0
      vertex -104.056 18.5865 4
    endloop
  endfacet
  facet normal -0.472539 0.88131 0
    outer loop
      vertex -104.349 18.4294 0
      vertex -104.349 18.4294 4
      vertex -104.056 18.5865 0
    endloop
  endfacet
  facet normal -0.472539 0.88131 0
    outer loop
      vertex -104.056 18.5865 4
      vertex -104.056 18.5865 0
      vertex -104.349 18.4294 4
    endloop
  endfacet
  facet normal -0.290099 0.956997 0
    outer loop
      vertex -104.668 18.3327 0
      vertex -104.668 18.3327 4
      vertex -104.349 18.4294 0
    endloop
  endfacet
  facet normal -0.290099 0.956997 0
    outer loop
      vertex -104.349 18.4294 4
      vertex -104.349 18.4294 0
      vertex -104.668 18.3327 4
    endloop
  endfacet
  facet normal -0.0980197 0.995184 0
    outer loop
      vertex -105 18.3 0
      vertex -105 18.3 4
      vertex -104.668 18.3327 0
    endloop
  endfacet
  facet normal -0.0980197 0.995184 0
    outer loop
      vertex -104.668 18.3327 4
      vertex -104.668 18.3327 0
      vertex -105 18.3 4
    endloop
  endfacet
  facet normal 0.0980197 0.995184 -0
    outer loop
      vertex -105.332 18.3327 0
      vertex -105.332 18.3327 4
      vertex -105 18.3 0
    endloop
  endfacet
  facet normal 0.0980197 0.995184 0
    outer loop
      vertex -105 18.3 4
      vertex -105 18.3 0
      vertex -105.332 18.3327 4
    endloop
  endfacet
  facet normal 0.233527 0.97235 -0
    outer loop
      vertex -45.7725 -16.8776 0
      vertex -45.7725 -16.8776 4
      vertex -45.3911 -16.9692 0
    endloop
  endfacet
  facet normal 0.233527 0.97235 0
    outer loop
      vertex -45.3911 -16.9692 4
      vertex -45.3911 -16.9692 0
      vertex -45.7725 -16.8776 4
    endloop
  endfacet
  facet normal 0.382569 0.923927 -0
    outer loop
      vertex -46.135 -16.7275 0
      vertex -46.135 -16.7275 4
      vertex -45.7725 -16.8776 0
    endloop
  endfacet
  facet normal 0.382569 0.923927 0
    outer loop
      vertex -45.7725 -16.8776 4
      vertex -45.7725 -16.8776 0
      vertex -46.135 -16.7275 4
    endloop
  endfacet
  facet normal 0.522532 0.85262 -0
    outer loop
      vertex -46.4695 -16.5225 0
      vertex -46.4695 -16.5225 4
      vertex -46.135 -16.7275 0
    endloop
  endfacet
  facet normal 0.522532 0.85262 0
    outer loop
      vertex -46.135 -16.7275 4
      vertex -46.135 -16.7275 0
      vertex -46.4695 -16.5225 4
    endloop
  endfacet
  facet normal 0.649342 0.760497 -0
    outer loop
      vertex -46.7678 -16.2678 0
      vertex -46.7678 -16.2678 4
      vertex -46.4695 -16.5225 0
    endloop
  endfacet
  facet normal 0.649342 0.760497 0
    outer loop
      vertex -46.4695 -16.5225 4
      vertex -46.4695 -16.5225 0
      vertex -46.7678 -16.2678 4
    endloop
  endfacet
  facet normal 0.760497 0.649342 -0
    outer loop
      vertex -47.0225 -15.9695 0
      vertex -47.0225 -15.9695 4
      vertex -46.7678 -16.2678 0
    endloop
  endfacet
  facet normal 0.760497 0.649342 0
    outer loop
      vertex -46.7678 -16.2678 4
      vertex -46.7678 -16.2678 0
      vertex -47.0225 -15.9695 4
    endloop
  endfacet
  facet normal 0.85262 0.522532 -0
    outer loop
      vertex -47.2275 -15.635 0
      vertex -47.2275 -15.635 4
      vertex -47.0225 -15.9695 0
    endloop
  endfacet
  facet normal 0.85262 0.522532 0
    outer loop
      vertex -47.0225 -15.9695 4
      vertex -47.0225 -15.9695 0
      vertex -47.2275 -15.635 4
    endloop
  endfacet
  facet normal 0.923927 0.382569 -0
    outer loop
      vertex -47.3776 -15.2725 0
      vertex -47.3776 -15.2725 4
      vertex -47.2275 -15.635 0
    endloop
  endfacet
  facet normal 0.923927 0.382569 0
    outer loop
      vertex -47.2275 -15.635 4
      vertex -47.2275 -15.635 0
      vertex -47.3776 -15.2725 4
    endloop
  endfacet
  facet normal 0.97235 0.233527 -0
    outer loop
      vertex -47.4692 -14.8911 0
      vertex -47.4692 -14.8911 4
      vertex -47.3776 -15.2725 0
    endloop
  endfacet
  facet normal 0.97235 0.233527 0
    outer loop
      vertex -47.3776 -15.2725 4
      vertex -47.3776 -15.2725 0
      vertex -47.4692 -14.8911 4
    endloop
  endfacet
  facet normal 0.996913 0.0785092 -0
    outer loop
      vertex -47.5 -14.5 0
      vertex -47.5 -14.5 4
      vertex -47.4692 -14.8911 0
    endloop
  endfacet
  facet normal 0.996913 0.0785092 0
    outer loop
      vertex -47.4692 -14.8911 4
      vertex -47.4692 -14.8911 0
      vertex -47.5 -14.5 4
    endloop
  endfacet
  facet normal 1 0 -0
    outer loop
      vertex -47.5 14.5 0
      vertex -47.5 14.5 4
      vertex -47.5 -14.5 0
    endloop
  endfacet
  facet normal 1 -0 0
    outer loop
      vertex -47.5 -14.5 4
      vertex -47.5 -14.5 0
      vertex -47.5 14.5 4
    endloop
  endfacet
  facet normal 0.996913 -0.0785092 0
    outer loop
      vertex -47.4692 14.8911 0
      vertex -47.4692 14.8911 4
      vertex -47.5 14.5 0
    endloop
  endfacet
  facet normal 0.996913 -0.0785092 0
    outer loop
      vertex -47.5 14.5 4
      vertex -47.5 14.5 0
      vertex -47.4692 14.8911 4
    endloop
  endfacet
  facet normal 0.97235 -0.233527 0
    outer loop
      vertex -47.3776 15.2725 0
      vertex -47.3776 15.2725 4
      vertex -47.4692 14.8911 0
    endloop
  endfacet
  facet normal 0.97235 -0.233527 0
    outer loop
      vertex -47.4692 14.8911 4
      vertex -47.4692 14.8911 0
      vertex -47.3776 15.2725 4
    endloop
  endfacet
  facet normal 0.923927 -0.382569 0
    outer loop
      vertex -47.2275 15.635 0
      vertex -47.2275 15.635 4
      vertex -47.3776 15.2725 0
    endloop
  endfacet
  facet normal 0.923927 -0.382569 0
    outer loop
      vertex -47.3776 15.2725 4
      vertex -47.3776 15.2725 0
      vertex -47.2275 15.635 4
    endloop
  endfacet
  facet normal 0.85262 -0.522532 0
    outer loop
      vertex -47.0225 15.9695 0
      vertex -47.0225 15.9695 4
      vertex -47.2275 15.635 0
    endloop
  endfacet
  facet normal 0.85262 -0.522532 0
    outer loop
      vertex -47.2275 15.635 4
      vertex -47.2275 15.635 0
      vertex -47.0225 15.9695 4
    endloop
  endfacet
  facet normal 0.760497 -0.649342 0
    outer loop
      vertex -46.7678 16.2678 0
      vertex -46.7678 16.2678 4
      vertex -47.0225 15.9695 0
    endloop
  endfacet
  facet normal 0.760497 -0.649342 0
    outer loop
      vertex -47.0225 15.9695 4
      vertex -47.0225 15.9695 0
      vertex -46.7678 16.2678 4
    endloop
  endfacet
  facet normal 0.649342 -0.760497 0
    outer loop
      vertex -46.4695 16.5225 0
      vertex -46.4695 16.5225 4
      vertex -46.7678 16.2678 0
    endloop
  endfacet
  facet normal 0.649342 -0.760497 0
    outer loop
      vertex -46.7678 16.2678 4
      vertex -46.7678 16.2678 0
      vertex -46.4695 16.5225 4
    endloop
  endfacet
  facet normal 0.522532 -0.85262 0
    outer loop
      vertex -46.135 16.7275 0
      vertex -46.135 16.7275 4
      vertex -46.4695 16.5225 0
    endloop
  endfacet
  facet normal 0.522532 -0.85262 0
    outer loop
      vertex -46.4695 16.5225 4
      vertex -46.4695 16.5225 0
      vertex -46.135 16.7275 4
    endloop
  endfacet
  facet normal 0.382569 -0.923927 0
    outer loop
      vertex -45.7725 16.8776 0
      vertex -45.7725 16.8776 4
      vertex -46.135 16.7275 0
    endloop
  endfacet
  facet normal 0.382569 -0.923927 0
    outer loop
      vertex -46.135 16.7275 4
      vertex -46.135 16.7275 0
      vertex -45.7725 16.8776 4
    endloop
  endfacet
  facet normal 0.233527 -0.97235 0
    outer loop
      vertex -45.3911 16.9692 0
      vertex -45.3911 16.9692 4
      vertex -45.7725 16.8776 0
    endloop
  endfacet
  facet normal 0.233527 -0.97235 0
    outer loop
      vertex -45.7725 16.8776 4
      vertex -45.7725 16.8776 0
      vertex -45.3911 16.9692 4
    endloop
  endfacet
  facet normal 0.0785092 -0.996913 0
    outer loop
      vertex -45 17 0
      vertex -45 17 4
      vertex -45.3911 16.9692 0
    endloop
  endfacet
  facet normal 0.0785092 -0.996913 0
    outer loop
      vertex -45.3911 16.9692 4
      vertex -45.3911 16.9692 0
      vertex -45 17 4
    endloop
  endfacet
  facet normal -0.0785092 -0.996913 0
    outer loop
      vertex -44.6089 16.9692 0
      vertex -44.6089 16.9692 4
      vertex -45 17 0
    endloop
  endfacet
  facet normal -0.0785092 -0.996913 -0
    outer loop
      vertex -45 17 4
      vertex -45 17 0
      vertex -44.6089 16.9692 4
    endloop
  endfacet
  facet normal -0.233469 -0.972364 0
    outer loop
      vertex -44.2274 16.8776 0
      vertex -44.2274 16.8776 4
      vertex -44.6089 16.9692 0
    endloop
  endfacet
  facet normal -0.233469 -0.972364 -0
    outer loop
      vertex -44.6089 16.9692 4
      vertex -44.6089 16.9692 0
      vertex -44.2274 16.8776 4
    endloop
  endfacet
  facet normal -0.38266 -0.923889 0
    outer loop
      vertex -43.865 16.7275 0
      vertex -43.865 16.7275 4
      vertex -44.2274 16.8776 0
    endloop
  endfacet
  facet normal -0.38266 -0.923889 -0
    outer loop
      vertex -44.2274 16.8776 4
      vertex -44.2274 16.8776 0
      vertex -43.865 16.7275 4
    endloop
  endfacet
  facet normal -0.522532 -0.85262 0
    outer loop
      vertex -43.5305 16.5225 0
      vertex -43.5305 16.5225 4
      vertex -43.865 16.7275 0
    endloop
  endfacet
  facet normal -0.522532 -0.85262 -0
    outer loop
      vertex -43.865 16.7275 4
      vertex -43.865 16.7275 0
      vertex -43.5305 16.5225 4
    endloop
  endfacet
  facet normal -0.649342 -0.760497 0
    outer loop
      vertex -43.2322 16.2678 0
      vertex -43.2322 16.2678 4
      vertex -43.5305 16.5225 0
    endloop
  endfacet
  facet normal -0.649342 -0.760497 -0
    outer loop
      vertex -43.5305 16.5225 4
      vertex -43.5305 16.5225 0
      vertex -43.2322 16.2678 4
    endloop
  endfacet
  facet normal -0.760371 -0.649489 0
    outer loop
      vertex -42.9774 15.9695 0
      vertex -42.9774 15.9695 4
      vertex -43.2322 16.2678 0
    endloop
  endfacet
  facet normal -0.760371 -0.649489 -0
    outer loop
      vertex -43.2322 16.2678 4
      vertex -43.2322 16.2678 0
      vertex -42.9774 15.9695 4
    endloop
  endfacet
  facet normal -0.852733 -0.522347 0
    outer loop
      vertex -42.7725 15.635 0
      vertex -42.7725 15.635 4
      vertex -42.9774 15.9695 0
    endloop
  endfacet
  facet normal -0.852733 -0.522347 -0
    outer loop
      vertex -42.9774 15.9695 4
      vertex -42.9774 15.9695 0
      vertex -42.7725 15.635 4
    endloop
  endfacet
  facet normal -0.923837 -0.382787 0
    outer loop
      vertex -42.6223 15.2725 0
      vertex -42.6223 15.2725 4
      vertex -42.7725 15.635 0
    endloop
  endfacet
  facet normal -0.923837 -0.382787 -0
    outer loop
      vertex -42.7725 15.635 4
      vertex -42.7725 15.635 0
      vertex -42.6223 15.2725 4
    endloop
  endfacet
  facet normal -0.972408 -0.233286 0
    outer loop
      vertex -42.5308 14.8911 0
      vertex -42.5308 14.8911 4
      vertex -42.6223 15.2725 0
    endloop
  endfacet
  facet normal -0.972408 -0.233286 -0
    outer loop
      vertex -42.6223 15.2725 4
      vertex -42.6223 15.2725 0
      vertex -42.5308 14.8911 4
    endloop
  endfacet
  facet normal -0.996913 -0.0785092 0
    outer loop
      vertex -42.5 14.5 0
      vertex -42.5 14.5 4
      vertex -42.5308 14.8911 0
    endloop
  endfacet
  facet normal -0.996913 -0.0785092 -0
    outer loop
      vertex -42.5308 14.8911 4
      vertex -42.5308 14.8911 0
      vertex -42.5 14.5 4
    endloop
  endfacet
  facet normal -1 0 0
    outer loop
      vertex -42.5 -14.5 0
      vertex -42.5 -14.5 4
      vertex -42.5 14.5 0
    endloop
  endfacet
  facet normal -1 -0 -0
    outer loop
      vertex -42.5 14.5 4
      vertex -42.5 14.5 0
      vertex -42.5 -14.5 4
    endloop
  endfacet
  facet normal -0.996913 0.0785092 0
    outer loop
      vertex -42.5308 -14.8911 0
      vertex -42.5308 -14.8911 4
      vertex -42.5 -14.5 0
    endloop
  endfacet
  facet normal -0.996913 0.0785092 0
    outer loop
      vertex -42.5 -14.5 4
      vertex -42.5 -14.5 0
      vertex -42.5308 -14.8911 4
    endloop
  endfacet
  facet normal -0.972408 0.233286 0
    outer loop
      vertex -42.6223 -15.2725 0
      vertex -42.6223 -15.2725 4
      vertex -42.5308 -14.8911 0
    endloop
  endfacet
  facet normal -0.972408 0.233286 0
    outer loop
      vertex -42.5308 -14.8911 4
      vertex -42.5308 -14.8911 0
      vertex -42.6223 -15.2725 4
    endloop
  endfacet
  facet normal -0.923837 0.382787 0
    outer loop
      vertex -42.7725 -15.635 0
      vertex -42.7725 -15.635 4
      vertex -42.6223 -15.2725 0
    endloop
  endfacet
  facet normal -0.923837 0.382787 0
    outer loop
      vertex -42.6223 -15.2725 4
      vertex -42.6223 -15.2725 0
      vertex -42.7725 -15.635 4
    endloop
  endfacet
  facet normal -0.852733 0.522347 0
    outer loop
      vertex -42.9774 -15.9695 0
      vertex -42.9774 -15.9695 4
      vertex -42.7725 -15.635 0
    endloop
  endfacet
  facet normal -0.852733 0.522347 0
    outer loop
      vertex -42.7725 -15.635 4
      vertex -42.7725 -15.635 0
      vertex -42.9774 -15.9695 4
    endloop
  endfacet
  facet normal -0.760371 0.649489 0
    outer loop
      vertex -43.2322 -16.2678 0
      vertex -43.2322 -16.2678 4
      vertex -42.9774 -15.9695 0
    endloop
  endfacet
  facet normal -0.760371 0.649489 0
    outer loop
      vertex -42.9774 -15.9695 4
      vertex -42.9774 -15.9695 0
      vertex -43.2322 -16.2678 4
    endloop
  endfacet
  facet normal -0.649342 0.760497 0
    outer loop
      vertex -43.5305 -16.5225 0
      vertex -43.5305 -16.5225 4
      vertex -43.2322 -16.2678 0
    endloop
  endfacet
  facet normal -0.649342 0.760497 0
    outer loop
      vertex -43.2322 -16.2678 4
      vertex -43.2322 -16.2678 0
      vertex -43.5305 -16.5225 4
    endloop
  endfacet
  facet normal -0.522532 0.85262 0
    outer loop
      vertex -43.865 -16.7275 0
      vertex -43.865 -16.7275 4
      vertex -43.5305 -16.5225 0
    endloop
  endfacet
  facet normal -0.522532 0.85262 0
    outer loop
      vertex -43.5305 -16.5225 4
      vertex -43.5305 -16.5225 0
      vertex -43.865 -16.7275 4
    endloop
  endfacet
  facet normal -0.38266 0.923889 0
    outer loop
      vertex -44.2274 -16.8776 0
      vertex -44.2274 -16.8776 4
      vertex -43.865 -16.7275 0
    endloop
  endfacet
  facet normal -0.38266 0.923889 0
    outer loop
      vertex -43.865 -16.7275 4
      vertex -43.865 -16.7275 0
      vertex -44.2274 -16.8776 4
    endloop
  endfacet
  facet normal -0.233469 0.972364 0
    outer loop
      vertex -44.6089 -16.9692 0
      vertex -44.6089 -16.9692 4
      vertex -44.2274 -16.8776 0
    endloop
  endfacet
  facet normal -0.233469 0.972364 0
    outer loop
      vertex -44.2274 -16.8776 4
      vertex -44.2274 -16.8776 0
      vertex -44.6089 -16.9692 4
    endloop
  endfacet
  facet normal -0.0785092 0.996913 0
    outer loop
      vertex -45 -17 0
      vertex -45 -17 4
      vertex -44.6089 -16.9692 0
    endloop
  endfacet
  facet normal -0.0785092 0.996913 0
    outer loop
      vertex -44.6089 -16.9692 4
      vertex -44.6089 -16.9692 0
      vertex -45 -17 4
    endloop
  endfacet
  facet normal 0.0785092 0.996913 -0
    outer loop
      vertex -45.3911 -16.9692 0
      vertex -45.3911 -16.9692 4
      vertex -45 -17 0
    endloop
  endfacet
  facet normal 0.0785092 0.996913 0
    outer loop
      vertex -45 -17 4
      vertex -45 -17 0
      vertex -45.3911 -16.9692 4
    endloop
  endfacet
  facet normal 0.233469 0.972364 -0
    outer loop
      vertex 44.2274 -16.8776 0
      vertex 44.2274 -16.8776 4
      vertex 44.6089 -16.9692 0
    endloop
  endfacet
  facet normal 0.233469 0.972364 0
    outer loop
      vertex 44.6089 -16.9692 4
      vertex 44.6089 -16.9692 0
      vertex 44.2274 -16.8776 4
    endloop
  endfacet
  facet normal 0.38266 0.923889 -0
    outer loop
      vertex 43.865 -16.7275 0
      vertex 43.865 -16.7275 4
      vertex 44.2274 -16.8776 0
    endloop
  endfacet
  facet normal 0.38266 0.923889 0
    outer loop
      vertex 44.2274 -16.8776 4
      vertex 44.2274 -16.8776 0
      vertex 43.865 -16.7275 4
    endloop
  endfacet
  facet normal 0.522532 0.85262 -0
    outer loop
      vertex 43.5305 -16.5225 0
      vertex 43.5305 -16.5225 4
      vertex 43.865 -16.7275 0
    endloop
  endfacet
  facet normal 0.522532 0.85262 0
    outer loop
      vertex 43.865 -16.7275 4
      vertex 43.865 -16.7275 0
      vertex 43.5305 -16.5225 4
    endloop
  endfacet
  facet normal 0.649342 0.760497 -0
    outer loop
      vertex 43.2322 -16.2678 0
      vertex 43.2322 -16.2678 4
      vertex 43.5305 -16.5225 0
    endloop
  endfacet
  facet normal 0.649342 0.760497 0
    outer loop
      vertex 43.5305 -16.5225 4
      vertex 43.5305 -16.5225 0
      vertex 43.2322 -16.2678 4
    endloop
  endfacet
  facet normal 0.760371 0.649489 -0
    outer loop
      vertex 42.9774 -15.9695 0
      vertex 42.9774 -15.9695 4
      vertex 43.2322 -16.2678 0
    endloop
  endfacet
  facet normal 0.760371 0.649489 0
    outer loop
      vertex 43.2322 -16.2678 4
      vertex 43.2322 -16.2678 0
      vertex 42.9774 -15.9695 4
    endloop
  endfacet
  facet normal 0.852733 0.522347 -0
    outer loop
      vertex 42.7725 -15.635 0
      vertex 42.7725 -15.635 4
      vertex 42.9774 -15.9695 0
    endloop
  endfacet
  facet normal 0.852733 0.522347 0
    outer loop
      vertex 42.9774 -15.9695 4
      vertex 42.9774 -15.9695 0
      vertex 42.7725 -15.635 4
    endloop
  endfacet
  facet normal 0.923837 0.382787 -0
    outer loop
      vertex 42.6223 -15.2725 0
      vertex 42.6223 -15.2725 4
      vertex 42.7725 -15.635 0
    endloop
  endfacet
  facet normal 0.923837 0.382787 0
    outer loop
      vertex 42.7725 -15.635 4
      vertex 42.7725 -15.635 0
      vertex 42.6223 -15.2725 4
    endloop
  endfacet
  facet normal 0.972408 0.233286 -0
    outer loop
      vertex 42.5308 -14.8911 0
      vertex 42.5308 -14.8911 4
      vertex 42.6223 -15.2725 0
    endloop
  endfacet
  facet normal 0.972408 0.233286 0
    outer loop
      vertex 42.6223 -15.2725 4
      vertex 42.6223 -15.2725 0
      vertex 42.5308 -14.8911 4
    endloop
  endfacet
  facet normal 0.996913 0.0785092 -0
    outer loop
      vertex 42.5 -14.5 0
      vertex 42.5 -14.5 4
      vertex 42.5308 -14.8911 0
    endloop
  endfacet
  facet normal 0.996913 0.0785092 0
    outer loop
      vertex 42.5308 -14.8911 4
      vertex 42.5308 -14.8911 0
      vertex 42.5 -14.5 4
    endloop
  endfacet
  facet normal 1 0 -0
    outer loop
      vertex 42.5 14.5 0
      vertex 42.5 14.5 4
      vertex 42.5 -14.5 0
    endloop
  endfacet
  facet normal 1 -0 0
    outer loop
      vertex 42.5 -14.5 4
      vertex 42.5 -14.5 0
      vertex 42.5 14.5 4
    endloop
  endfacet
  facet normal 0.996913 -0.0785092 0
    outer loop
      vertex 42.5308 14.8911 0
      vertex 42.5308 14.8911 4
      vertex 42.5 14.5 0
    endloop
  endfacet
  facet normal 0.996913 -0.0785092 0
    outer loop
      vertex 42.5 14.5 4
      vertex 42.5 14.5 0
      vertex 42.5308 14.8911 4
    endloop
  endfacet
  facet normal 0.972408 -0.233286 0
    outer loop
      vertex 42.6223 15.2725 0
      vertex 42.6223 15.2725 4
      vertex 42.5308 14.8911 0
    endloop
  endfacet
  facet normal 0.972408 -0.233286 0
    outer loop
      vertex 42.5308 14.8911 4
      vertex 42.5308 14.8911 0
      vertex 42.6223 15.2725 4
    endloop
  endfacet
  facet normal 0.923837 -0.382787 0
    outer loop
      vertex 42.7725 15.635 0
      vertex 42.7725 15.635 4
      vertex 42.6223 15.2725 0
    endloop
  endfacet
  facet normal 0.923837 -0.382787 0
    outer loop
      vertex 42.6223 15.2725 4
      vertex 42.6223 15.2725 0
      vertex 42.7725 15.635 4
    endloop
  endfacet
  facet normal 0.852733 -0.522347 0
    outer loop
      vertex 42.9774 15.9695 0
      vertex 42.9774 15.9695 4
      vertex 42.7725 15.635 0
    endloop
  endfacet
  facet normal 0.852733 -0.522347 0
    outer loop
      vertex 42.7725 15.635 4
      vertex 42.7725 15.635 0
      vertex 42.9774 15.9695 4
    endloop
  endfacet
  facet normal 0.760371 -0.649489 0
    outer loop
      vertex 43.2322 16.2678 0
      vertex 43.2322 16.2678 4
      vertex 42.9774 15.9695 0
    endloop
  endfacet
  facet normal 0.760371 -0.649489 0
    outer loop
      vertex 42.9774 15.9695 4
      vertex 42.9774 15.9695 0
      vertex 43.2322 16.2678 4
    endloop
  endfacet
  facet normal 0.649342 -0.760497 0
    outer loop
      vertex 43.5305 16.5225 0
      vertex 43.5305 16.5225 4
      vertex 43.2322 16.2678 0
    endloop
  endfacet
  facet normal 0.649342 -0.760497 0
    outer loop
      vertex 43.2322 16.2678 4
      vertex 43.2322 16.2678 0
      vertex 43.5305 16.5225 4
    endloop
  endfacet
  facet normal 0.522532 -0.85262 0
    outer loop
      vertex 43.865 16.7275 0
      vertex 43.865 16.7275 4
      vertex 43.5305 16.5225 0
    endloop
  endfacet
  facet normal 0.522532 -0.85262 0
    outer loop
      vertex 43.5305 16.5225 4
      vertex 43.5305 16.5225 0
      vertex 43.865 16.7275 4
    endloop
  endfacet
  facet normal 0.38266 -0.923889 0
    outer loop
      vertex 44.2274 16.8776 0
      vertex 44.2274 16.8776 4
      vertex 43.865 16.7275 0
    endloop
  endfacet
  facet normal 0.38266 -0.923889 0
    outer loop
      vertex 43.865 16.7275 4
      vertex 43.865 16.7275 0
      vertex 44.2274 16.8776 4
    endloop
  endfacet
  facet normal 0.233469 -0.972364 0
    outer loop
      vertex 44.6089 16.9692 0
      vertex 44.6089 16.9692 4
      vertex 44.2274 16.8776 0
    endloop
  endfacet
  facet normal 0.233469 -0.972364 0
    outer loop
      vertex 44.2274 16.8776 4
      vertex 44.2274 16.8776 0
      vertex 44.6089 16.9692 4
    endloop
  endfacet
  facet normal 0.0785092 -0.996913 0
    outer loop
      vertex 45 17 0
      vertex 45 17 4
      vertex 44.6089 16.9692 0
    endloop
  endfacet
  facet normal 0.0785092 -0.996913 0
    outer loop
      vertex 44.6089 16.9692 4
      vertex 44.6089 16.9692 0
      vertex 45 17 4
    endloop
  endfacet
  facet normal -0.0785092 -0.996913 0
    outer loop
      vertex 45.3911 16.9692 0
      vertex 45.3911 16.9692 4
      vertex 45 17 0
    endloop
  endfacet
  facet normal -0.0785092 -0.996913 -0
    outer loop
      vertex 45 17 4
      vertex 45 17 0
      vertex 45.3911 16.9692 4
    endloop
  endfacet
  facet normal -0.233527 -0.97235 0
    outer loop
      vertex 45.7725 16.8776 0
      vertex 45.7725 16.8776 4
      vertex 45.3911 16.9692 0
    endloop
  endfacet
  facet normal -0.233527 -0.97235 -0
    outer loop
      vertex 45.3911 16.9692 4
      vertex 45.3911 16.9692 0
      vertex 45.7725 16.8776 4
    endloop
  endfacet
  facet normal -0.382569 -0.923927 0
    outer loop
      vertex 46.135 16.7275 0
      vertex 46.135 16.7275 4
      vertex 45.7725 16.8776 0
    endloop
  endfacet
  facet normal -0.382569 -0.923927 -0
    outer loop
      vertex 45.7725 16.8776 4
      vertex 45.7725 16.8776 0
      vertex 46.135 16.7275 4
    endloop
  endfacet
  facet normal -0.522532 -0.85262 0
    outer loop
      vertex 46.4695 16.5225 0
      vertex 46.4695 16.5225 4
      vertex 46.135 16.7275 0
    endloop
  endfacet
  facet normal -0.522532 -0.85262 -0
    outer loop
      vertex 46.135 16.7275 4
      vertex 46.135 16.7275 0
      vertex 46.4695 16.5225 4
    endloop
  endfacet
  facet normal -0.649342 -0.760497 0
    outer loop
      vertex 46.7678 16.2678 0
      vertex 46.7678 16.2678 4
      vertex 46.4695 16.5225 0
    endloop
  endfacet
  facet normal -0.649342 -0.760497 -0
    outer loop
      vertex 46.4695 16.5225 4
      vertex 46.4695 16.5225 0
      vertex 46.7678 16.2678 4
    endloop
  endfacet
  facet normal -0.760497 -0.649342 0
    outer loop
      vertex 47.0225 15.9695 0
      vertex 47.0225 15.9695 4
      vertex 46.7678 16.2678 0
    endloop
  endfacet
  facet normal -0.760497 -0.649342 -0
    outer loop
      vertex 46.7678 16.2678 4
      vertex 46.7678 16.2678 0
      vertex 47.0225 15.9695 4
    endloop
  endfacet
  facet normal -0.85262 -0.522532 0
    outer loop
      vertex 47.2275 15.635 0
      vertex 47.2275 15.635 4
      vertex 47.0225 15.9695 0
    endloop
  endfacet
  facet normal -0.85262 -0.522532 -0
    outer loop
      vertex 47.0225 15.9695 4
      vertex 47.0225 15.9695 0
      vertex 47.2275 15.635 4
    endloop
  endfacet
  facet normal -0.923927 -0.382569 0
    outer loop
      vertex 47.3776 15.2725 0
      vertex 47.3776 15.2725 4
      vertex 47.2275 15.635 0
    endloop
  endfacet
  facet normal -0.923927 -0.382569 -0
    outer loop
      vertex 47.2275 15.635 4
      vertex 47.2275 15.635 0
      vertex 47.3776 15.2725 4
    endloop
  endfacet
  facet normal -0.97235 -0.233527 0
    outer loop
      vertex 47.4692 14.8911 0
      vertex 47.4692 14.8911 4
      vertex 47.3776 15.2725 0
    endloop
  endfacet
  facet normal -0.97235 -0.233527 -0
    outer loop
      vertex 47.3776 15.2725 4
      vertex 47.3776 15.2725 0
      vertex 47.4692 14.8911 4
    endloop
  endfacet
  facet normal -0.996913 -0.0785092 0
    outer loop
      vertex 47.5 14.5 0
      vertex 47.5 14.5 4
      vertex 47.4692 14.8911 0
    endloop
  endfacet
  facet normal -0.996913 -0.0785092 -0
    outer loop
      vertex 47.4692 14.8911 4
      vertex 47.4692 14.8911 0
      vertex 47.5 14.5 4
    endloop
  endfacet
  facet normal -1 0 0
    outer loop
      vertex 47.5 -14.5 0
      vertex 47.5 -14.5 4
      vertex 47.5 14.5 0
    endloop
  endfacet
  facet normal -1 -0 -0
    outer loop
      vertex 47.5 14.5 4
      vertex 47.5 14.5 0
      vertex 47.5 -14.5 4
    endloop
  endfacet
  facet normal -0.996913 0.0785092 0
    outer loop
      vertex 47.4692 -14.8911 0
      vertex 47.4692 -14.8911 4
      vertex 47.5 -14.5 0
    endloop
  endfacet
  facet normal -0.996913 0.0785092 0
    outer loop
      vertex 47.5 -14.5 4
      vertex 47.5 -14.5 0
      vertex 47.4692 -14.8911 4
    endloop
  endfacet
  facet normal -0.97235 0.233527 0
    outer loop
      vertex 47.3776 -15.2725 0
      vertex 47.3776 -15.2725 4
      vertex 47.4692 -14.8911 0
    endloop
  endfacet
  facet normal -0.97235 0.233527 0
    outer loop
      vertex 47.4692 -14.8911 4
      vertex 47.4692 -14.8911 0
      vertex 47.3776 -15.2725 4
    endloop
  endfacet
  facet normal -0.923927 0.382569 0
    outer loop
      vertex 47.2275 -15.635 0
      vertex 47.2275 -15.635 4
      vertex 47.3776 -15.2725 0
    endloop
  endfacet
  facet normal -0.923927 0.382569 0
    outer loop
      vertex 47.3776 -15.2725 4
      vertex 47.3776 -15.2725 0
      vertex 47.2275 -15.635 4
    endloop
  endfacet
  facet normal -0.85262 0.522532 0
    outer loop
      vertex 47.0225 -15.9695 0
      vertex 47.0225 -15.9695 4
      vertex 47.2275 -15.635 0
    endloop
  endfacet
  facet normal -0.85262 0.522532 0
    outer loop
      vertex 47.2275 -15.635 4
      vertex 47.2275 -15.635 0
      vertex 47.0225 -15.9695 4
    endloop
  endfacet
  facet normal -0.760497 0.649342 0
    outer loop
      vertex 46.7678 -16.2678 0
      vertex 46.7678 -16.2678 4
      vertex 47.0225 -15.9695 0
    endloop
  endfacet
  facet normal -0.760497 0.649342 0
    outer loop
      vertex 47.0225 -15.9695 4
      vertex 47.0225 -15.9695 0
      vertex 46.7678 -16.2678 4
    endloop
  endfacet
  facet normal -0.649342 0.760497 0
    outer loop
      vertex 46.4695 -16.5225 0
      vertex 46.4695 -16.5225 4
      vertex 46.7678 -16.2678 0
    endloop
  endfacet
  facet normal -0.649342 0.760497 0
    outer loop
      vertex 46.7678 -16.2678 4
      vertex 46.7678 -16.2678 0
      vertex 46.4695 -16.5225 4
    endloop
  endfacet
  facet normal -0.522532 0.85262 0
    outer loop
      vertex 46.135 -16.7275 0
      vertex 46.135 -16.7275 4
      vertex 46.4695 -16.5225 0
    endloop
  endfacet
  facet normal -0.522532 0.85262 0
    outer loop
      vertex 46.4695 -16.5225 4
      vertex 46.4695 -16.5225 0
      vertex 46.135 -16.7275 4
    endloop
  endfacet
  facet normal -0.382569 0.923927 0
    outer loop
      vertex 45.7725 -16.8776 0
      vertex 45.7725 -16.8776 4
      vertex 46.135 -16.7275 0
    endloop
  endfacet
  facet normal -0.382569 0.923927 0
    outer loop
      vertex 46.135 -16.7275 4
      vertex 46.135 -16.7275 0
      vertex 45.7725 -16.8776 4
    endloop
  endfacet
  facet normal -0.233527 0.97235 0
    outer loop
      vertex 45.3911 -16.9692 0
      vertex 45.3911 -16.9692 4
      vertex 45.7725 -16.8776 0
    endloop
  endfacet
  facet normal -0.233527 0.97235 0
    outer loop
      vertex 45.7725 -16.8776 4
      vertex 45.7725 -16.8776 0
      vertex 45.3911 -16.9692 4
    endloop
  endfacet
  facet normal -0.0785092 0.996913 0
    outer loop
      vertex 45 -17 0
      vertex 45 -17 4
      vertex 45.3911 -16.9692 0
    endloop
  endfacet
  facet normal -0.0785092 0.996913 0
    outer loop
      vertex 45.3911 -16.9692 4
      vertex 45.3911 -16.9692 0
      vertex 45 -17 4
    endloop
  endfacet
  facet normal 0.0785092 0.996913 -0
    outer loop
      vertex 44.6089 -16.9692 0
      vertex 44.6089 -16.9692 4
      vertex 45 -17 0
    endloop
  endfacet
  facet normal 0.0785092 0.996913 0
    outer loop
      vertex 45 -17 4
      vertex 45 -17 0
      vertex 44.6089 -16.9692 4
    endloop
  endfacet
  facet normal 0.233496 0.972358 -0
    outer loop
      vertex -0.772537 -16.8776 0
      vertex -0.772537 -16.8776 4
      vertex -0.391083 -16.9692 0
    endloop
  endfacet
  facet normal 0.233496 0.972358 0
    outer loop
      vertex -0.391083 -16.9692 4
      vertex -0.391083 -16.9692 0
      vertex -0.772537 -16.8776 4
    endloop
  endfacet
  facet normal 0.382639 0.923898 -0
    outer loop
      vertex -1.13496 -16.7275 0
      vertex -1.13496 -16.7275 4
      vertex -0.772537 -16.8776 0
    endloop
  endfacet
  facet normal 0.382639 0.923898 0
    outer loop
      vertex -0.772537 -16.8776 4
      vertex -0.772537 -16.8776 0
      vertex -1.13496 -16.7275 4
    endloop
  endfacet
  facet normal 0.522544 0.852613 -0
    outer loop
      vertex -1.46945 -16.5225 0
      vertex -1.46945 -16.5225 4
      vertex -1.13496 -16.7275 0
    endloop
  endfacet
  facet normal 0.522544 0.852613 0
    outer loop
      vertex -1.13496 -16.7275 4
      vertex -1.13496 -16.7275 0
      vertex -1.46945 -16.5225 4
    endloop
  endfacet
  facet normal 0.649329 0.760508 -0
    outer loop
      vertex -1.76776 -16.2678 0
      vertex -1.76776 -16.2678 4
      vertex -1.46945 -16.5225 0
    endloop
  endfacet
  facet normal 0.649329 0.760508 0
    outer loop
      vertex -1.46945 -16.5225 4
      vertex -1.46945 -16.5225 0
      vertex -1.76776 -16.2678 4
    endloop
  endfacet
  facet normal 0.760396 0.649459 -0
    outer loop
      vertex -2.02254 -15.9695 0
      vertex -2.02254 -15.9695 4
      vertex -1.76776 -16.2678 0
    endloop
  endfacet
  facet normal 0.760396 0.649459 0
    outer loop
      vertex -1.76776 -16.2678 4
      vertex -1.76776 -16.2678 0
      vertex -2.02254 -15.9695 4
    endloop
  endfacet
  facet normal 0.852654 0.522477 -0
    outer loop
      vertex -2.22751 -15.635 0
      vertex -2.22751 -15.635 4
      vertex -2.02254 -15.9695 0
    endloop
  endfacet
  facet normal 0.852654 0.522477 0
    outer loop
      vertex -2.02254 -15.9695 4
      vertex -2.02254 -15.9695 0
      vertex -2.22751 -15.635 4
    endloop
  endfacet
  facet normal 0.9239 0.382635 -0
    outer loop
      vertex -2.37764 -15.2725 0
      vertex -2.37764 -15.2725 4
      vertex -2.22751 -15.635 0
    endloop
  endfacet
  facet normal 0.9239 0.382635 0
    outer loop
      vertex -2.22751 -15.635 4
      vertex -2.22751 -15.635 0
      vertex -2.37764 -15.2725 4
    endloop
  endfacet
  facet normal 0.972368 0.233455 -0
    outer loop
      vertex -2.46921 -14.8911 0
      vertex -2.46921 -14.8911 4
      vertex -2.37764 -15.2725 0
    endloop
  endfacet
  facet normal 0.972368 0.233455 0
    outer loop
      vertex -2.37764 -15.2725 4
      vertex -2.37764 -15.2725 0
      vertex -2.46921 -14.8911 4
    endloop
  endfacet
  facet normal 0.996915 0.0784838 -0
    outer loop
      vertex -2.5 -14.5 0
      vertex -2.5 -14.5 4
      vertex -2.46921 -14.8911 0
    endloop
  endfacet
  facet normal 0.996915 0.0784838 0
    outer loop
      vertex -2.46921 -14.8911 4
      vertex -2.46921 -14.8911 0
      vertex -2.5 -14.5 4
    endloop
  endfacet
  facet normal 1 0 -0
    outer loop
      vertex -2.5 14.5 0
      vertex -2.5 14.5 4
      vertex -2.5 -14.5 0
    endloop
  endfacet
  facet normal 1 -0 0
    outer loop
      vertex -2.5 -14.5 4
      vertex -2.5 -14.5 0
      vertex -2.5 14.5 4
    endloop
  endfacet
  facet normal 0.996915 -0.0784838 0
    outer loop
      vertex -2.46921 14.8911 0
      vertex -2.46921 14.8911 4
      vertex -2.5 14.5 0
    endloop
  endfacet
  facet normal 0.996915 -0.0784838 0
    outer loop
      vertex -2.5 14.5 4
      vertex -2.5 14.5 0
      vertex -2.46921 14.8911 4
    endloop
  endfacet
  facet normal 0.972368 -0.233455 0
    outer loop
      vertex -2.37764 15.2725 0
      vertex -2.37764 15.2725 4
      vertex -2.46921 14.8911 0
    endloop
  endfacet
  facet normal 0.972368 -0.233455 0
    outer loop
      vertex -2.46921 14.8911 4
      vertex -2.46921 14.8911 0
      vertex -2.37764 15.2725 4
    endloop
  endfacet
  facet normal 0.9239 -0.382635 0
    outer loop
      vertex -2.22751 15.635 0
      vertex -2.22751 15.635 4
      vertex -2.37764 15.2725 0
    endloop
  endfacet
  facet normal 0.9239 -0.382635 0
    outer loop
      vertex -2.37764 15.2725 4
      vertex -2.37764 15.2725 0
      vertex -2.22751 15.635 4
    endloop
  endfacet
  facet normal 0.852654 -0.522477 0
    outer loop
      vertex -2.02254 15.9695 0
      vertex -2.02254 15.9695 4
      vertex -2.22751 15.635 0
    endloop
  endfacet
  facet normal 0.852654 -0.522477 0
    outer loop
      vertex -2.22751 15.635 4
      vertex -2.22751 15.635 0
      vertex -2.02254 15.9695 4
    endloop
  endfacet
  facet normal 0.760396 -0.649459 0
    outer loop
      vertex -1.76776 16.2678 0
      vertex -1.76776 16.2678 4
      vertex -2.02254 15.9695 0
    endloop
  endfacet
  facet normal 0.760396 -0.649459 0
    outer loop
      vertex -2.02254 15.9695 4
      vertex -2.02254 15.9695 0
      vertex -1.76776 16.2678 4
    endloop
  endfacet
  facet normal 0.649329 -0.760508 0
    outer loop
      vertex -1.46945 16.5225 0
      vertex -1.46945 16.5225 4
      vertex -1.76776 16.2678 0
    endloop
  endfacet
  facet normal 0.649329 -0.760508 0
    outer loop
      vertex -1.76776 16.2678 4
      vertex -1.76776 16.2678 0
      vertex -1.46945 16.5225 4
    endloop
  endfacet
  facet normal 0.522544 -0.852613 0
    outer loop
      vertex -1.13496 16.7275 0
      vertex -1.13496 16.7275 4
      vertex -1.46945 16.5225 0
    endloop
  endfacet
  facet normal 0.522544 -0.852613 0
    outer loop
      vertex -1.46945 16.5225 4
      vertex -1.46945 16.5225 0
      vertex -1.13496 16.7275 4
    endloop
  endfacet
  facet normal 0.382639 -0.923898 0
    outer loop
      vertex -0.772537 16.8776 0
      vertex -0.772537 16.8776 4
      vertex -1.13496 16.7275 0
    endloop
  endfacet
  facet normal 0.382639 -0.923898 0
    outer loop
      vertex -1.13496 16.7275 4
      vertex -1.13496 16.7275 0
      vertex -0.772537 16.8776 4
    endloop
  endfacet
  facet normal 0.233496 -0.972358 0
    outer loop
      vertex -0.391083 16.9692 0
      vertex -0.391083 16.9692 4
      vertex -0.772537 16.8776 0
    endloop
  endfacet
  facet normal 0.233496 -0.972358 0
    outer loop
      vertex -0.772537 16.8776 4
      vertex -0.772537 16.8776 0
      vertex -0.391083 16.9692 4
    endloop
  endfacet
  facet normal 0.0785126 -0.996913 0
    outer loop
      vertex 0 17 0
      vertex 0 17 4
      vertex -0.391083 16.9692 0
    endloop
  endfacet
  facet normal 0.0785126 -0.996913 0
    outer loop
      vertex -0.391083 16.9692 4
      vertex -0.391083 16.9692 0
      vertex 0 17 4
    endloop
  endfacet
  facet normal -0.0785126 -0.996913 0
    outer loop
      vertex 0.391083 16.9692 0
      vertex 0.391083 16.9692 4
      vertex 0 17 0
    endloop
  endfacet
  facet normal -0.0785126 -0.996913 -0
    outer loop
      vertex 0 17 4
      vertex 0 17 0
      vertex 0.391083 16.9692 4
    endloop
  endfacet
  facet normal -0.233496 -0.972358 0
    outer loop
      vertex 0.772537 16.8776 0
      vertex 0.772537 16.8776 4
      vertex 0.391083 16.9692 0
    endloop
  endfacet
  facet normal -0.233496 -0.972358 -0
    outer loop
      vertex 0.391083 16.9692 4
      vertex 0.391083 16.9692 0
      vertex 0.772537 16.8776 4
    endloop
  endfacet
  facet normal -0.382639 -0.923898 0
    outer loop
      vertex 1.13496 16.7275 0
      vertex 1.13496 16.7275 4
      vertex 0.772537 16.8776 0
    endloop
  endfacet
  facet normal -0.382639 -0.923898 -0
    outer loop
      vertex 0.772537 16.8776 4
      vertex 0.772537 16.8776 0
      vertex 1.13496 16.7275 4
    endloop
  endfacet
  facet normal -0.522544 -0.852613 0
    outer loop
      vertex 1.46945 16.5225 0
      vertex 1.46945 16.5225 4
      vertex 1.13496 16.7275 0
    endloop
  endfacet
  facet normal -0.522544 -0.852613 -0
    outer loop
      vertex 1.13496 16.7275 4
      vertex 1.13496 16.7275 0
      vertex 1.46945 16.5225 4
    endloop
  endfacet
  facet normal -0.649329 -0.760508 0
    outer loop
      vertex 1.76776 16.2678 0
      vertex 1.76776 16.2678 4
      vertex 1.46945 16.5225 0
    endloop
  endfacet
  facet normal -0.649329 -0.760508 -0
    outer loop
      vertex 1.46945 16.5225 4
      vertex 1.46945 16.5225 0
      vertex 1.76776 16.2678 4
    endloop
  endfacet
  facet normal -0.760396 -0.649459 0
    outer loop
      vertex 2.02254 15.9695 0
      vertex 2.02254 15.9695 4
      vertex 1.76776 16.2678 0
    endloop
  endfacet
  facet normal -0.760396 -0.649459 -0
    outer loop
      vertex 1.76776 16.2678 4
      vertex 1.76776 16.2678 0
      vertex 2.02254 15.9695 4
    endloop
  endfacet
  facet normal -0.852654 -0.522477 0
    outer loop
      vertex 2.22751 15.635 0
      vertex 2.22751 15.635 4
      vertex 2.02254 15.9695 0
    endloop
  endfacet
  facet normal -0.852654 -0.522477 -0
    outer loop
      vertex 2.02254 15.9695 4
      vertex 2.02254 15.9695 0
      vertex 2.22751 15.635 4
    endloop
  endfacet
  facet normal -0.9239 -0.382635 0
    outer loop
      vertex 2.37764 15.2725 0
      vertex 2.37764 15.2725 4
      vertex 2.22751 15.635 0
    endloop
  endfacet
  facet normal -0.9239 -0.382635 -0
    outer loop
      vertex 2.22751 15.635 4
      vertex 2.22751 15.635 0
      vertex 2.37764 15.2725 4
    endloop
  endfacet
  facet normal -0.972368 -0.233455 0
    outer loop
      vertex 2.46921 14.8911 0
      vertex 2.46921 14.8911 4
      vertex 2.37764 15.2725 0
    endloop
  endfacet
  facet normal -0.972368 -0.233455 -0
    outer loop
      vertex 2.37764 15.2725 4
      vertex 2.37764 15.2725 0
      vertex 2.46921 14.8911 4
    endloop
  endfacet
  facet normal -0.996915 -0.0784838 0
    outer loop
      vertex 2.5 14.5 0
      vertex 2.5 14.5 4
      vertex 2.46921 14.8911 0
    endloop
  endfacet
  facet normal -0.996915 -0.0784838 -0
    outer loop
      vertex 2.46921 14.8911 4
      vertex 2.46921 14.8911 0
      vertex 2.5 14.5 4
    endloop
  endfacet
  facet normal -1 0 0
    outer loop
      vertex 2.5 -14.5 0
      vertex 2.5 -14.5 4
      vertex 2.5 14.5 0
    endloop
  endfacet
  facet normal -1 -0 -0
    outer loop
      vertex 2.5 14.5 4
      vertex 2.5 14.5 0
      vertex 2.5 -14.5 4
    endloop
  endfacet
  facet normal -0.996915 0.0784838 0
    outer loop
      vertex 2.46921 -14.8911 0
      vertex 2.46921 -14.8911 4
      vertex 2.5 -14.5 0
    endloop
  endfacet
  facet normal -0.996915 0.0784838 0
    outer loop
      vertex 2.5 -14.5 4
      vertex 2.5 -14.5 0
      vertex 2.46921 -14.8911 4
    endloop
  endfacet
  facet normal -0.972368 0.233455 0
    outer loop
      vertex 2.37764 -15.2725 0
      vertex 2.37764 -15.2725 4
      vertex 2.46921 -14.8911 0
    endloop
  endfacet
  facet normal -0.972368 0.233455 0
    outer loop
      vertex 2.46921 -14.8911 4
      vertex 2.46921 -14.8911 0
      vertex 2.37764 -15.2725 4
    endloop
  endfacet
  facet normal -0.9239 0.382635 0
    outer loop
      vertex 2.22751 -15.635 0
      vertex 2.22751 -15.635 4
      vertex 2.37764 -15.2725 0
    endloop
  endfacet
  facet normal -0.9239 0.382635 0
    outer loop
      vertex 2.37764 -15.2725 4
      vertex 2.37764 -15.2725 0
      vertex 2.22751 -15.635 4
    endloop
  endfacet
  facet normal -0.852654 0.522477 0
    outer loop
      vertex 2.02254 -15.9695 0
      vertex 2.02254 -15.9695 4
      vertex 2.22751 -15.635 0
    endloop
  endfacet
  facet normal -0.852654 0.522477 0
    outer loop
      vertex 2.22751 -15.635 4
      vertex 2.22751 -15.635 0
      vertex 2.02254 -15.9695 4
    endloop
  endfacet
  facet normal -0.760396 0.649459 0
    outer loop
      vertex 1.76776 -16.2678 0
      vertex 1.76776 -16.2678 4
      vertex 2.02254 -15.9695 0
    endloop
  endfacet
  facet normal -0.760396 0.649459 0
    outer loop
      vertex 2.02254 -15.9695 4
      vertex 2.02254 -15.9695 0
      vertex 1.76776 -16.2678 4
    endloop
  endfacet
  facet normal -0.649329 0.760508 0
    outer loop
      vertex 1.46945 -16.5225 0
      vertex 1.46945 -16.5225 4
      vertex 1.76776 -16.2678 0
    endloop
  endfacet
  facet normal -0.649329 0.760508 0
    outer loop
      vertex 1.76776 -16.2678 4
      vertex 1.76776 -16.2678 0
      vertex 1.46945 -16.5225 4
    endloop
  endfacet
  facet normal -0.522544 0.852613 0
    outer loop
      vertex 1.13496 -16.7275 0
      vertex 1.13496 -16.7275 4
      vertex 1.46945 -16.5225 0
    endloop
  endfacet
  facet normal -0.522544 0.852613 0
    outer loop
      vertex 1.46945 -16.5225 4
      vertex 1.46945 -16.5225 0
      vertex 1.13496 -16.7275 4
    endloop
  endfacet
  facet normal -0.382639 0.923898 0
    outer loop
      vertex 0.772537 -16.8776 0
      vertex 0.772537 -16.8776 4
      vertex 1.13496 -16.7275 0
    endloop
  endfacet
  facet normal -0.382639 0.923898 0
    outer loop
      vertex 1.13496 -16.7275 4
      vertex 1.13496 -16.7275 0
      vertex 0.772537 -16.8776 4
    endloop
  endfacet
  facet normal -0.233496 0.972358 0
    outer loop
      vertex 0.391083 -16.9692 0
      vertex 0.391083 -16.9692 4
      vertex 0.772537 -16.8776 0
    endloop
  endfacet
  facet normal -0.233496 0.972358 0
    outer loop
      vertex 0.772537 -16.8776 4
      vertex 0.772537 -16.8776 0
      vertex 0.391083 -16.9692 4
    endloop
  endfacet
  facet normal -0.0785126 0.996913 0
    outer loop
      vertex 0 -17 0
      vertex 0 -17 4
      vertex 0.391083 -16.9692 0
    endloop
  endfacet
  facet normal -0.0785126 0.996913 0
    outer loop
      vertex 0.391083 -16.9692 4
      vertex 0.391083 -16.9692 0
      vertex 0 -17 4
    endloop
  endfacet
  facet normal 0.0785126 0.996913 -0
    outer loop
      vertex -0.391083 -16.9692 0
      vertex -0.391083 -16.9692 4
      vertex 0 -17 0
    endloop
  endfacet
  facet normal 0.0785126 0.996913 0
    outer loop
      vertex 0 -17 4
      vertex 0 -17 0
      vertex -0.391083 -16.9692 4
    endloop
  endfacet
  facet normal 0.290099 0.956997 -0
    outer loop
      vertex 104.349 -21.5706 0
      vertex 104.349 -21.5706 4
      vertex 104.668 -21.6673 0
    endloop
  endfacet
  facet normal 0.290099 0.956997 0
    outer loop
      vertex 104.668 -21.6673 4
      vertex 104.668 -21.6673 0
      vertex 104.349 -21.5706 4
    endloop
  endfacet
  facet normal 0.472539 0.88131 -0
    outer loop
      vertex 104.056 -21.4135 0
      vertex 104.056 -21.4135 4
      vertex 104.349 -21.5706 0
    endloop
  endfacet
  facet normal 0.472539 0.88131 0
    outer loop
      vertex 104.349 -21.5706 4
      vertex 104.349 -21.5706 0
      vertex 104.056 -21.4135 4
    endloop
  endfacet
  facet normal 0.633793 0.773503 -0
    outer loop
      vertex 103.798 -21.2021 0
      vertex 103.798 -21.2021 4
      vertex 104.056 -21.4135 0
    endloop
  endfacet
  facet normal 0.633793 0.773503 0
    outer loop
      vertex 104.056 -21.4135 4
      vertex 104.056 -21.4135 0
      vertex 103.798 -21.2021 4
    endloop
  endfacet
  facet normal 0.772138 0.635455 -0
    outer loop
      vertex 103.586 -20.9445 0
      vertex 103.586 -20.9445 4
      vertex 103.798 -21.2021 0
    endloop
  endfacet
  facet normal 0.772138 0.635455 0
    outer loop
      vertex 103.798 -21.2021 4
      vertex 103.798 -21.2021 0
      vertex 103.586 -20.9445 4
    endloop
  endfacet
  facet normal 0.882037 0.47118 -0
    outer loop
      vertex 103.429 -20.6506 0
      vertex 103.429 -20.6506 4
      vertex 103.586 -20.9445 0
    endloop
  endfacet
  facet normal 0.882037 0.47118 0
    outer loop
      vertex 103.586 -20.9445 4
      vertex 103.586 -20.9445 0
      vertex 103.429 -20.6506 4
    endloop
  endfacet
  facet normal 0.957578 0.288174 -0
    outer loop
      vertex 103.333 -20.3316 0
      vertex 103.333 -20.3316 4
      vertex 103.429 -20.6506 0
    endloop
  endfacet
  facet normal 0.957578 0.288174 0
    outer loop
      vertex 103.429 -20.6506 4
      vertex 103.429 -20.6506 0
      vertex 103.333 -20.3316 4
    endloop
  endfacet
  facet normal 0.995085 0.0990283 -0
    outer loop
      vertex 103.3 -20 0
      vertex 103.3 -20 4
      vertex 103.333 -20.3316 0
    endloop
  endfacet
  facet normal 0.995085 0.0990283 0
    outer loop
      vertex 103.333 -20.3316 4
      vertex 103.333 -20.3316 0
      vertex 103.3 -20 4
    endloop
  endfacet
  facet normal 0.995088 -0.0989988 0
    outer loop
      vertex 103.333 -19.6683 0
      vertex 103.333 -19.6683 4
      vertex 103.3 -20 0
    endloop
  endfacet
  facet normal 0.995088 -0.0989988 0
    outer loop
      vertex 103.3 -20 4
      vertex 103.3 -20 0
      vertex 103.333 -19.6683 4
    endloop
  endfacet
  facet normal 0.957553 -0.288257 0
    outer loop
      vertex 103.429 -19.3494 0
      vertex 103.429 -19.3494 4
      vertex 103.333 -19.6683 0
    endloop
  endfacet
  facet normal 0.957553 -0.288257 0
    outer loop
      vertex 103.333 -19.6683 4
      vertex 103.333 -19.6683 0
      vertex 103.429 -19.3494 4
    endloop
  endfacet
  facet normal 0.882037 -0.47118 0
    outer loop
      vertex 103.586 -19.0555 0
      vertex 103.586 -19.0555 4
      vertex 103.429 -19.3494 0
    endloop
  endfacet
  facet normal 0.882037 -0.47118 0
    outer loop
      vertex 103.429 -19.3494 4
      vertex 103.429 -19.3494 0
      vertex 103.586 -19.0555 4
    endloop
  endfacet
  facet normal 0.772138 -0.635455 0
    outer loop
      vertex 103.798 -18.7979 0
      vertex 103.798 -18.7979 4
      vertex 103.586 -19.0555 0
    endloop
  endfacet
  facet normal 0.772138 -0.635455 0
    outer loop
      vertex 103.586 -19.0555 4
      vertex 103.586 -19.0555 0
      vertex 103.798 -18.7979 4
    endloop
  endfacet
  facet normal 0.633793 -0.773503 0
    outer loop
      vertex 104.056 -18.5865 0
      vertex 104.056 -18.5865 4
      vertex 103.798 -18.7979 0
    endloop
  endfacet
  facet normal 0.633793 -0.773503 0
    outer loop
      vertex 103.798 -18.7979 4
      vertex 103.798 -18.7979 0
      vertex 104.056 -18.5865 4
    endloop
  endfacet
  facet normal 0.472539 -0.88131 0
    outer loop
      vertex 104.349 -18.4294 0
      vertex 104.349 -18.4294 4
      vertex 104.056 -18.5865 0
    endloop
  endfacet
  facet normal 0.472539 -0.88131 0
    outer loop
      vertex 104.056 -18.5865 4
      vertex 104.056 -18.5865 0
      vertex 104.349 -18.4294 4
    endloop
  endfacet
  facet normal 0.290099 -0.956997 0
    outer loop
      vertex 104.668 -18.3327 0
      vertex 104.668 -18.3327 4
      vertex 104.349 -18.4294 0
    endloop
  endfacet
  facet normal 0.290099 -0.956997 0
    outer loop
      vertex 104.349 -18.4294 4
      vertex 104.349 -18.4294 0
      vertex 104.668 -18.3327 4
    endloop
  endfacet
  facet normal 0.0980197 -0.995184 0
    outer loop
      vertex 105 -18.3 0
      vertex 105 -18.3 4
      vertex 104.668 -18.3327 0
    endloop
  endfacet
  facet normal 0.0980197 -0.995184 0
    outer loop
      vertex 104.668 -18.3327 4
      vertex 104.668 -18.3327 0
      vertex 105 -18.3 4
    endloop
  endfacet
  facet normal -0.0980197 -0.995184 0
    outer loop
      vertex 105.332 -18.3327 0
      vertex 105.332 -18.3327 4
      vertex 105 -18.3 0
    endloop
  endfacet
  facet normal -0.0980197 -0.995184 -0
    outer loop
      vertex 105 -18.3 4
      vertex 105 -18.3 0
      vertex 105.332 -18.3327 4
    endloop
  endfacet
  facet normal -0.290099 -0.956997 0
    outer loop
      vertex 105.651 -18.4294 0
      vertex 105.651 -18.4294 4
      vertex 105.332 -18.3327 0
    endloop
  endfacet
  facet normal -0.290099 -0.956997 -0
    outer loop
      vertex 105.332 -18.3327 4
      vertex 105.332 -18.3327 0
      vertex 105.651 -18.4294 4
    endloop
  endfacet
  facet normal -0.472539 -0.88131 0
    outer loop
      vertex 105.944 -18.5865 0
      vertex 105.944 -18.5865 4
      vertex 105.651 -18.4294 0
    endloop
  endfacet
  facet normal -0.472539 -0.88131 -0
    outer loop
      vertex 105.651 -18.4294 4
      vertex 105.651 -18.4294 0
      vertex 105.944 -18.5865 4
    endloop
  endfacet
  facet normal -0.633793 -0.773503 0
    outer loop
      vertex 106.202 -18.7979 0
      vertex 106.202 -18.7979 4
      vertex 105.944 -18.5865 0
    endloop
  endfacet
  facet normal -0.633793 -0.773503 -0
    outer loop
      vertex 105.944 -18.5865 4
      vertex 105.944 -18.5865 0
      vertex 106.202 -18.7979 4
    endloop
  endfacet
  facet normal -0.773609 -0.633663 0
    outer loop
      vertex 106.413 -19.0555 0
      vertex 106.413 -19.0555 4
      vertex 106.202 -18.7979 0
    endloop
  endfacet
  facet normal -0.773609 -0.633663 -0
    outer loop
      vertex 106.202 -18.7979 4
      vertex 106.202 -18.7979 0
      vertex 106.413 -19.0555 4
    endloop
  endfacet
  facet normal -0.880788 -0.47351 0
    outer loop
      vertex 106.571 -19.3494 0
      vertex 106.571 -19.3494 4
      vertex 106.413 -19.0555 0
    endloop
  endfacet
  facet normal -0.880788 -0.47351 -0
    outer loop
      vertex 106.413 -19.0555 4
      vertex 106.413 -19.0555 0
      vertex 106.571 -19.3494 4
    endloop
  endfacet
  facet normal -0.957553 -0.288257 0
    outer loop
      vertex 106.667 -19.6683 0
      vertex 106.667 -19.6683 4
      vertex 106.571 -19.3494 0
    endloop
  endfacet
  facet normal -0.957553 -0.288257 -0
    outer loop
      vertex 106.571 -19.3494 4
      vertex 106.571 -19.3494 0
      vertex 106.667 -19.6683 4
    endloop
  endfacet
  facet normal -0.995088 -0.0989988 0
    outer loop
      vertex 106.7 -20 0
      vertex 106.7 -20 4
      vertex 106.667 -19.6683 0
    endloop
  endfacet
  facet normal -0.995088 -0.0989988 -0
    outer loop
      vertex 106.667 -19.6683 4
      vertex 106.667 -19.6683 0
      vertex 106.7 -20 4
    endloop
  endfacet
  facet normal -0.995085 0.0990283 0
    outer loop
      vertex 106.667 -20.3316 0
      vertex 106.667 -20.3316 4
      vertex 106.7 -20 0
    endloop
  endfacet
  facet normal -0.995085 0.0990283 0
    outer loop
      vertex 106.7 -20 4
      vertex 106.7 -20 0
      vertex 106.667 -20.3316 4
    endloop
  endfacet
  facet normal -0.957578 0.288174 0
    outer loop
      vertex 106.571 -20.6506 0
      vertex 106.571 -20.6506 4
      vertex 106.667 -20.3316 0
    endloop
  endfacet
  facet normal -0.957578 0.288174 0
    outer loop
      vertex 106.667 -20.3316 4
      vertex 106.667 -20.3316 0
      vertex 106.571 -20.6506 4
    endloop
  endfacet
  facet normal -0.880788 0.47351 0
    outer loop
      vertex 106.413 -20.9445 0
      vertex 106.413 -20.9445 4
      vertex 106.571 -20.6506 0
    endloop
  endfacet
  facet normal -0.880788 0.47351 0
    outer loop
      vertex 106.571 -20.6506 4
      vertex 106.571 -20.6506 0
      vertex 106.413 -20.9445 4
    endloop
  endfacet
  facet normal -0.773609 0.633663 0
    outer loop
      vertex 106.202 -21.2021 0
      vertex 106.202 -21.2021 4
      vertex 106.413 -20.9445 0
    endloop
  endfacet
  facet normal -0.773609 0.633663 0
    outer loop
      vertex 106.413 -20.9445 4
      vertex 106.413 -20.9445 0
      vertex 106.202 -21.2021 4
    endloop
  endfacet
  facet normal -0.633793 0.773503 0
    outer loop
      vertex 105.944 -21.4135 0
      vertex 105.944 -21.4135 4
      vertex 106.202 -21.2021 0
    endloop
  endfacet
  facet normal -0.633793 0.773503 0
    outer loop
      vertex 106.202 -21.2021 4
      vertex 106.202 -21.2021 0
      vertex 105.944 -21.4135 4
    endloop
  endfacet
  facet normal -0.472539 0.88131 0
    outer loop
      vertex 105.651 -21.5706 0
      vertex 105.651 -21.5706 4
      vertex 105.944 -21.4135 0
    endloop
  endfacet
  facet normal -0.472539 0.88131 0
    outer loop
      vertex 105.944 -21.4135 4
      vertex 105.944 -21.4135 0
      vertex 105.651 -21.5706 4
    endloop
  endfacet
  facet normal -0.290099 0.956997 0
    outer loop
      vertex 105.332 -21.6673 0
      vertex 105.332 -21.6673 4
      vertex 105.651 -21.5706 0
    endloop
  endfacet
  facet normal -0.290099 0.956997 0
    outer loop
      vertex 105.651 -21.5706 4
      vertex 105.651 -21.5706 0
      vertex 105.332 -21.6673 4
    endloop
  endfacet
  facet normal -0.0980197 0.995184 0
    outer loop
      vertex 105 -21.7 0
      vertex 105 -21.7 4
      vertex 105.332 -21.6673 0
    endloop
  endfacet
  facet normal -0.0980197 0.995184 0
    outer loop
      vertex 105.332 -21.6673 4
      vertex 105.332 -21.6673 0
      vertex 105 -21.7 4
    endloop
  endfacet
  facet normal 0.0980197 0.995184 -0
    outer loop
      vertex 104.668 -21.6673 0
      vertex 104.668 -21.6673 4
      vertex 105 -21.7 0
    endloop
  endfacet
  facet normal 0.0980197 0.995184 0
    outer loop
      vertex 105 -21.7 4
      vertex 105 -21.7 0
      vertex 104.668 -21.6673 4
    endloop
  endfacet
  facet normal 0.290099 0.956997 -0
    outer loop
      vertex -105.651 -21.5706 0
      vertex -105.651 -21.5706 4
      vertex -105.332 -21.6673 0
    endloop
  endfacet
  facet normal 0.290099 0.956997 0
    outer loop
      vertex -105.332 -21.6673 4
      vertex -105.332 -21.6673 0
      vertex -105.651 -21.5706 4
    endloop
  endfacet
  facet normal 0.472539 0.88131 -0
    outer loop
      vertex -105.944 -21.4135 0
      vertex -105.944 -21.4135 4
      vertex -105.651 -21.5706 0
    endloop
  endfacet
  facet normal 0.472539 0.88131 0
    outer loop
      vertex -105.651 -21.5706 4
      vertex -105.651 -21.5706 0
      vertex -105.944 -21.4135 4
    endloop
  endfacet
  facet normal 0.633793 0.773503 -0
    outer loop
      vertex -106.202 -21.2021 0
      vertex -106.202 -21.2021 4
      vertex -105.944 -21.4135 0
    endloop
  endfacet
  facet normal 0.633793 0.773503 0
    outer loop
      vertex -105.944 -21.4135 4
      vertex -105.944 -21.4135 0
      vertex -106.202 -21.2021 4
    endloop
  endfacet
  facet normal 0.773609 0.633663 -0
    outer loop
      vertex -106.413 -20.9445 0
      vertex -106.413 -20.9445 4
      vertex -106.202 -21.2021 0
    endloop
  endfacet
  facet normal 0.773609 0.633663 0
    outer loop
      vertex -106.202 -21.2021 4
      vertex -106.202 -21.2021 0
      vertex -106.413 -20.9445 4
    endloop
  endfacet
  facet normal 0.880788 0.47351 -0
    outer loop
      vertex -106.571 -20.6506 0
      vertex -106.571 -20.6506 4
      vertex -106.413 -20.9445 0
    endloop
  endfacet
  facet normal 0.880788 0.47351 0
    outer loop
      vertex -106.413 -20.9445 4
      vertex -106.413 -20.9445 0
      vertex -106.571 -20.6506 4
    endloop
  endfacet
  facet normal 0.957578 0.288174 -0
    outer loop
      vertex -106.667 -20.3316 0
      vertex -106.667 -20.3316 4
      vertex -106.571 -20.6506 0
    endloop
  endfacet
  facet normal 0.957578 0.288174 0
    outer loop
      vertex -106.571 -20.6506 4
      vertex -106.571 -20.6506 0
      vertex -106.667 -20.3316 4
    endloop
  endfacet
  facet normal 0.995085 0.0990283 -0
    outer loop
      vertex -106.7 -20 0
      vertex -106.7 -20 4
      vertex -106.667 -20.3316 0
    endloop
  endfacet
  facet normal 0.995085 0.0990283 0
    outer loop
      vertex -106.667 -20.3316 4
      vertex -106.667 -20.3316 0
      vertex -106.7 -20 4
    endloop
  endfacet
  facet normal 0.995088 -0.0989988 0
    outer loop
      vertex -106.667 -19.6683 0
      vertex -106.667 -19.6683 4
      vertex -106.7 -20 0
    endloop
  endfacet
  facet normal 0.995088 -0.0989988 0
    outer loop
      vertex -106.7 -20 4
      vertex -106.7 -20 0
      vertex -106.667 -19.6683 4
    endloop
  endfacet
  facet normal 0.957553 -0.288257 0
    outer loop
      vertex -106.571 -19.3494 0
      vertex -106.571 -19.3494 4
      vertex -106.667 -19.6683 0
    endloop
  endfacet
  facet normal 0.957553 -0.288257 0
    outer loop
      vertex -106.667 -19.6683 4
      vertex -106.667 -19.6683 0
      vertex -106.571 -19.3494 4
    endloop
  endfacet
  facet normal 0.880788 -0.47351 0
    outer loop
      vertex -106.413 -19.0555 0
      vertex -106.413 -19.0555 4
      vertex -106.571 -19.3494 0
    endloop
  endfacet
  facet normal 0.880788 -0.47351 0
    outer loop
      vertex -106.571 -19.3494 4
      vertex -106.571 -19.3494 0
      vertex -106.413 -19.0555 4
    endloop
  endfacet
  facet normal 0.773609 -0.633663 0
    outer loop
      vertex -106.202 -18.7979 0
      vertex -106.202 -18.7979 4
      vertex -106.413 -19.0555 0
    endloop
  endfacet
  facet normal 0.773609 -0.633663 0
    outer loop
      vertex -106.413 -19.0555 4
      vertex -106.413 -19.0555 0
      vertex -106.202 -18.7979 4
    endloop
  endfacet
  facet normal 0.633793 -0.773503 0
    outer loop
      vertex -105.944 -18.5865 0
      vertex -105.944 -18.5865 4
      vertex -106.202 -18.7979 0
    endloop
  endfacet
  facet normal 0.633793 -0.773503 0
    outer loop
      vertex -106.202 -18.7979 4
      vertex -106.202 -18.7979 0
      vertex -105.944 -18.5865 4
    endloop
  endfacet
  facet normal 0.472539 -0.88131 0
    outer loop
      vertex -105.651 -18.4294 0
      vertex -105.651 -18.4294 4
      vertex -105.944 -18.5865 0
    endloop
  endfacet
  facet normal 0.472539 -0.88131 0
    outer loop
      vertex -105.944 -18.5865 4
      vertex -105.944 -18.5865 0
      vertex -105.651 -18.4294 4
    endloop
  endfacet
  facet normal 0.290099 -0.956997 0
    outer loop
      vertex -105.332 -18.3327 0
      vertex -105.332 -18.3327 4
      vertex -105.651 -18.4294 0
    endloop
  endfacet
  facet normal 0.290099 -0.956997 0
    outer loop
      vertex -105.651 -18.4294 4
      vertex -105.651 -18.4294 0
      vertex -105.332 -18.3327 4
    endloop
  endfacet
  facet normal 0.0980197 -0.995184 0
    outer loop
      vertex -105 -18.3 0
      vertex -105 -18.3 4
      vertex -105.332 -18.3327 0
    endloop
  endfacet
  facet normal 0.0980197 -0.995184 0
    outer loop
      vertex -105.332 -18.3327 4
      vertex -105.332 -18.3327 0
      vertex -105 -18.3 4
    endloop
  endfacet
  facet normal -0.0980197 -0.995184 0
    outer loop
      vertex -104.668 -18.3327 0
      vertex -104.668 -18.3327 4
      vertex -105 -18.3 0
    endloop
  endfacet
  facet normal -0.0980197 -0.995184 -0
    outer loop
      vertex -105 -18.3 4
      vertex -105 -18.3 0
      vertex -104.668 -18.3327 4
    endloop
  endfacet
  facet normal -0.290099 -0.956997 0
    outer loop
      vertex -104.349 -18.4294 0
      vertex -104.349 -18.4294 4
      vertex -104.668 -18.3327 0
    endloop
  endfacet
  facet normal -0.290099 -0.956997 -0
    outer loop
      vertex -104.668 -18.3327 4
      vertex -104.668 -18.3327 0
      vertex -104.349 -18.4294 4
    endloop
  endfacet
  facet normal -0.472539 -0.88131 0
    outer loop
      vertex -104.056 -18.5865 0
      vertex -104.056 -18.5865 4
      vertex -104.349 -18.4294 0
    endloop
  endfacet
  facet normal -0.472539 -0.88131 -0
    outer loop
      vertex -104.349 -18.4294 4
      vertex -104.349 -18.4294 0
      vertex -104.056 -18.5865 4
    endloop
  endfacet
  facet normal -0.633793 -0.773503 0
    outer loop
      vertex -103.798 -18.7979 0
      vertex -103.798 -18.7979 4
      vertex -104.056 -18.5865 0
    endloop
  endfacet
  facet normal -0.633793 -0.773503 -0
    outer loop
      vertex -104.056 -18.5865 4
      vertex -104.056 -18.5865 0
      vertex -103.798 -18.7979 4
    endloop
  endfacet
  facet normal -0.772138 -0.635455 0
    outer loop
      vertex -103.586 -19.0555 0
      vertex -103.586 -19.0555 4
      vertex -103.798 -18.7979 0
    endloop
  endfacet
  facet normal -0.772138 -0.635455 -0
    outer loop
      vertex -103.798 -18.7979 4
      vertex -103.798 -18.7979 0
      vertex -103.586 -19.0555 4
    endloop
  endfacet
  facet normal -0.882037 -0.47118 0
    outer loop
      vertex -103.429 -19.3494 0
      vertex -103.429 -19.3494 4
      vertex -103.586 -19.0555 0
    endloop
  endfacet
  facet normal -0.882037 -0.47118 -0
    outer loop
      vertex -103.586 -19.0555 4
      vertex -103.586 -19.0555 0
      vertex -103.429 -19.3494 4
    endloop
  endfacet
  facet normal -0.957553 -0.288257 0
    outer loop
      vertex -103.333 -19.6683 0
      vertex -103.333 -19.6683 4
      vertex -103.429 -19.3494 0
    endloop
  endfacet
  facet normal -0.957553 -0.288257 -0
    outer loop
      vertex -103.429 -19.3494 4
      vertex -103.429 -19.3494 0
      vertex -103.333 -19.6683 4
    endloop
  endfacet
  facet normal -0.995088 -0.0989988 0
    outer loop
      vertex -103.3 -20 0
      vertex -103.3 -20 4
      vertex -103.333 -19.6683 0
    endloop
  endfacet
  facet normal -0.995088 -0.0989988 -0
    outer loop
      vertex -103.333 -19.6683 4
      vertex -103.333 -19.6683 0
      vertex -103.3 -20 4
    endloop
  endfacet
  facet normal -0.995085 0.0990283 0
    outer loop
      vertex -103.333 -20.3316 0
      vertex -103.333 -20.3316 4
      vertex -103.3 -20 0
    endloop
  endfacet
  facet normal -0.995085 0.0990283 0
    outer loop
      vertex -103.3 -20 4
      vertex -103.3 -20 0
      vertex -103.333 -20.3316 4
    endloop
  endfacet
  facet normal -0.957578 0.288174 0
    outer loop
      vertex -103.429 -20.6506 0
      vertex -103.429 -20.6506 4
      vertex -103.333 -20.3316 0
    endloop
  endfacet
  facet normal -0.957578 0.288174 0
    outer loop
      vertex -103.333 -20.3316 4
      vertex -103.333 -20.3316 0
      vertex -103.429 -20.6506 4
    endloop
  endfacet
  facet normal -0.882037 0.47118 0
    outer loop
      vertex -103.586 -20.9445 0
      vertex -103.586 -20.9445 4
      vertex -103.429 -20.6506 0
    endloop
  endfacet
  facet normal -0.882037 0.47118 0
    outer loop
      vertex -103.429 -20.6506 4
      vertex -103.429 -20.6506 0
      vertex -103.586 -20.9445 4
    endloop
  endfacet
  facet normal -0.772138 0.635455 0
    outer loop
      vertex -103.798 -21.2021 0
      vertex -103.798 -21.2021 4
      vertex -103.586 -20.9445 0
    endloop
  endfacet
  facet normal -0.772138 0.635455 0
    outer loop
      vertex -103.586 -20.9445 4
      vertex -103.586 -20.9445 0
      vertex -103.798 -21.2021 4
    endloop
  endfacet
  facet normal -0.633793 0.773503 0
    outer loop
      vertex -104.056 -21.4135 0
      vertex -104.056 -21.4135 4
      vertex -103.798 -21.2021 0
    endloop
  endfacet
  facet normal -0.633793 0.773503 0
    outer loop
      vertex -103.798 -21.2021 4
      vertex -103.798 -21.2021 0
      vertex -104.056 -21.4135 4
    endloop
  endfacet
  facet normal -0.472539 0.88131 0
    outer loop
      vertex -104.349 -21.5706 0
      vertex -104.349 -21.5706 4
      vertex -104.056 -21.4135 0
    endloop
  endfacet
  facet normal -0.472539 0.88131 0
    outer loop
      vertex -104.056 -21.4135 4
      vertex -104.056 -21.4135 0
      vertex -104.349 -21.5706 4
    endloop
  endfacet
  facet normal -0.290099 0.956997 0
    outer loop
      vertex -104.668 -21.6673 0
      vertex -104.668 -21.6673 4
      vertex -104.349 -21.5706 0
    endloop
  endfacet
  facet normal -0.290099 0.956997 0
    outer loop
      vertex -104.349 -21.5706 4
      vertex -104.349 -21.5706 0
      vertex -104.668 -21.6673 4
    endloop
  endfacet
  facet normal -0.0980197 0.995184 0
    outer loop
      vertex -105 -21.7 0
      vertex -105 -21.7 4
      vertex -104.668 -21.6673 0
    endloop
  endfacet
  facet normal -0.0980197 0.995184 0
    outer loop
      vertex -104.668 -21.6673 4
      vertex -104.668 -21.6673 0
      vertex -105 -21.7 4
    endloop
  endfacet
  facet normal 0.0980197 0.995184 -0
    outer loop
      vertex -105.332 -21.6673 0
      vertex -105.332 -21.6673 4
      vertex -105 -21.7 0
    endloop
  endfacet
  facet normal 0.0980197 0.995184 0
    outer loop
      vertex -105 -21.7 4
      vertex -105 -21.7 0
      vertex -105.332 -21.6673 4
    endloop
  endfacet
  facet normal 0.290099 0.956997 -0
    outer loop
      vertex -50.6506 -31.5706 0
      vertex -50.6506 -31.5706 4
      vertex -50.3316 -31.6673 0
    endloop
  endfacet
  facet normal 0.290099 0.956997 0
    outer loop
      vertex -50.3316 -31.6673 4
      vertex -50.3316 -31.6673 0
      vertex -50.6506 -31.5706 4
    endloop
  endfacet
  facet normal 0.471413 0.881912 -0
    outer loop
      vertex -50.9445 -31.4135 0
      vertex -50.9445 -31.4135 4
      vertex -50.6506 -31.5706 0
    endloop
  endfacet
  facet normal 0.471413 0.881912 0
    outer loop
      vertex -50.6506 -31.5706 4
      vertex -50.6506 -31.5706 0
      vertex -50.9445 -31.4135 4
    endloop
  endfacet
  facet normal 0.634381 0.773021 -0
    outer loop
      vertex -51.2021 -31.2021 0
      vertex -51.2021 -31.2021 4
      vertex -50.9445 -31.4135 0
    endloop
  endfacet
  facet normal 0.634381 0.773021 0
    outer loop
      vertex -50.9445 -31.4135 4
      vertex -50.9445 -31.4135 0
      vertex -51.2021 -31.2021 4
    endloop
  endfacet
  facet normal 0.773021 0.634381 -0
    outer loop
      vertex -51.4135 -30.9445 0
      vertex -51.4135 -30.9445 4
      vertex -51.2021 -31.2021 0
    endloop
  endfacet
  facet normal 0.773021 0.634381 0
    outer loop
      vertex -51.2021 -31.2021 4
      vertex -51.2021 -31.2021 0
      vertex -51.4135 -30.9445 4
    endloop
  endfacet
  facet normal 0.881912 0.471413 -0
    outer loop
      vertex -51.5706 -30.6506 0
      vertex -51.5706 -30.6506 4
      vertex -51.4135 -30.9445 0
    endloop
  endfacet
  facet normal 0.881912 0.471413 0
    outer loop
      vertex -51.4135 -30.9445 4
      vertex -51.4135 -30.9445 0
      vertex -51.5706 -30.6506 4
    endloop
  endfacet
  facet normal 0.956997 0.290099 -0
    outer loop
      vertex -51.6673 -30.3316 0
      vertex -51.6673 -30.3316 4
      vertex -51.5706 -30.6506 0
    endloop
  endfacet
  facet normal 0.956997 0.290099 0
    outer loop
      vertex -51.5706 -30.6506 4
      vertex -51.5706 -30.6506 0
      vertex -51.6673 -30.3316 4
    endloop
  endfacet
  facet normal 0.995173 0.0981368 -0
    outer loop
      vertex -51.7 -30 0
      vertex -51.7 -30 4
      vertex -51.6673 -30.3316 0
    endloop
  endfacet
  facet normal 0.995173 0.0981368 0
    outer loop
      vertex -51.6673 -30.3316 4
      vertex -51.6673 -30.3316 0
      vertex -51.7 -30 4
    endloop
  endfacet
  facet normal 0.995176 -0.0981075 0
    outer loop
      vertex -51.6673 -29.6683 0
      vertex -51.6673 -29.6683 4
      vertex -51.7 -30 0
    endloop
  endfacet
  facet normal 0.995176 -0.0981075 0
    outer loop
      vertex -51.7 -30 4
      vertex -51.7 -30 0
      vertex -51.6673 -29.6683 4
    endloop
  endfacet
  facet normal 0.956971 -0.290182 0
    outer loop
      vertex -51.5706 -29.3494 0
      vertex -51.5706 -29.3494 4
      vertex -51.6673 -29.6683 0
    endloop
  endfacet
  facet normal 0.956971 -0.290182 0
    outer loop
      vertex -51.6673 -29.6683 4
      vertex -51.6673 -29.6683 0
      vertex -51.5706 -29.3494 4
    endloop
  endfacet
  facet normal 0.881912 -0.471413 0
    outer loop
      vertex -51.4135 -29.0555 0
      vertex -51.4135 -29.0555 4
      vertex -51.5706 -29.3494 0
    endloop
  endfacet
  facet normal 0.881912 -0.471413 0
    outer loop
      vertex -51.5706 -29.3494 4
      vertex -51.5706 -29.3494 0
      vertex -51.4135 -29.0555 4
    endloop
  endfacet
  facet normal 0.773021 -0.634381 0
    outer loop
      vertex -51.2021 -28.7979 0
      vertex -51.2021 -28.7979 4
      vertex -51.4135 -29.0555 0
    endloop
  endfacet
  facet normal 0.773021 -0.634381 0
    outer loop
      vertex -51.4135 -29.0555 4
      vertex -51.4135 -29.0555 0
      vertex -51.2021 -28.7979 4
    endloop
  endfacet
  facet normal 0.634381 -0.773021 0
    outer loop
      vertex -50.9445 -28.5865 0
      vertex -50.9445 -28.5865 4
      vertex -51.2021 -28.7979 0
    endloop
  endfacet
  facet normal 0.634381 -0.773021 0
    outer loop
      vertex -51.2021 -28.7979 4
      vertex -51.2021 -28.7979 0
      vertex -50.9445 -28.5865 4
    endloop
  endfacet
  facet normal 0.471413 -0.881912 0
    outer loop
      vertex -50.6506 -28.4294 0
      vertex -50.6506 -28.4294 4
      vertex -50.9445 -28.5865 0
    endloop
  endfacet
  facet normal 0.471413 -0.881912 0
    outer loop
      vertex -50.9445 -28.5865 4
      vertex -50.9445 -28.5865 0
      vertex -50.6506 -28.4294 4
    endloop
  endfacet
  facet normal 0.290099 -0.956997 0
    outer loop
      vertex -50.3316 -28.3327 0
      vertex -50.3316 -28.3327 4
      vertex -50.6506 -28.4294 0
    endloop
  endfacet
  facet normal 0.290099 -0.956997 0
    outer loop
      vertex -50.6506 -28.4294 4
      vertex -50.6506 -28.4294 0
      vertex -50.3316 -28.3327 4
    endloop
  endfacet
  facet normal 0.0981368 -0.995173 0
    outer loop
      vertex -50 -28.3 0
      vertex -50 -28.3 4
      vertex -50.3316 -28.3327 0
    endloop
  endfacet
  facet normal 0.0981368 -0.995173 0
    outer loop
      vertex -50.3316 -28.3327 4
      vertex -50.3316 -28.3327 0
      vertex -50 -28.3 4
    endloop
  endfacet
  facet normal -0.0981075 -0.995176 0
    outer loop
      vertex -49.6683 -28.3327 0
      vertex -49.6683 -28.3327 4
      vertex -50 -28.3 0
    endloop
  endfacet
  facet normal -0.0981075 -0.995176 -0
    outer loop
      vertex -50 -28.3 4
      vertex -50 -28.3 0
      vertex -49.6683 -28.3327 4
    endloop
  endfacet
  facet normal -0.290182 -0.956971 0
    outer loop
      vertex -49.3494 -28.4294 0
      vertex -49.3494 -28.4294 4
      vertex -49.6683 -28.3327 0
    endloop
  endfacet
  facet normal -0.290182 -0.956971 -0
    outer loop
      vertex -49.6683 -28.3327 4
      vertex -49.6683 -28.3327 0
      vertex -49.3494 -28.4294 4
    endloop
  endfacet
  facet normal -0.471413 -0.881912 0
    outer loop
      vertex -49.0555 -28.5865 0
      vertex -49.0555 -28.5865 4
      vertex -49.3494 -28.4294 0
    endloop
  endfacet
  facet normal -0.471413 -0.881912 -0
    outer loop
      vertex -49.3494 -28.4294 4
      vertex -49.3494 -28.4294 0
      vertex -49.0555 -28.5865 4
    endloop
  endfacet
  facet normal -0.634381 -0.773021 0
    outer loop
      vertex -48.7979 -28.7979 0
      vertex -48.7979 -28.7979 4
      vertex -49.0555 -28.5865 0
    endloop
  endfacet
  facet normal -0.634381 -0.773021 -0
    outer loop
      vertex -49.0555 -28.5865 4
      vertex -49.0555 -28.5865 0
      vertex -48.7979 -28.7979 4
    endloop
  endfacet
  facet normal -0.773021 -0.634381 0
    outer loop
      vertex -48.5865 -29.0555 0
      vertex -48.5865 -29.0555 4
      vertex -48.7979 -28.7979 0
    endloop
  endfacet
  facet normal -0.773021 -0.634381 -0
    outer loop
      vertex -48.7979 -28.7979 4
      vertex -48.7979 -28.7979 0
      vertex -48.5865 -29.0555 4
    endloop
  endfacet
  facet normal -0.881912 -0.471413 0
    outer loop
      vertex -48.4294 -29.3494 0
      vertex -48.4294 -29.3494 4
      vertex -48.5865 -29.0555 0
    endloop
  endfacet
  facet normal -0.881912 -0.471413 -0
    outer loop
      vertex -48.5865 -29.0555 4
      vertex -48.5865 -29.0555 0
      vertex -48.4294 -29.3494 4
    endloop
  endfacet
  facet normal -0.956971 -0.290182 0
    outer loop
      vertex -48.3327 -29.6683 0
      vertex -48.3327 -29.6683 4
      vertex -48.4294 -29.3494 0
    endloop
  endfacet
  facet normal -0.956971 -0.290182 -0
    outer loop
      vertex -48.4294 -29.3494 4
      vertex -48.4294 -29.3494 0
      vertex -48.3327 -29.6683 4
    endloop
  endfacet
  facet normal -0.995176 -0.0981075 0
    outer loop
      vertex -48.3 -30 0
      vertex -48.3 -30 4
      vertex -48.3327 -29.6683 0
    endloop
  endfacet
  facet normal -0.995176 -0.0981075 -0
    outer loop
      vertex -48.3327 -29.6683 4
      vertex -48.3327 -29.6683 0
      vertex -48.3 -30 4
    endloop
  endfacet
  facet normal -0.995173 0.0981368 0
    outer loop
      vertex -48.3327 -30.3316 0
      vertex -48.3327 -30.3316 4
      vertex -48.3 -30 0
    endloop
  endfacet
  facet normal -0.995173 0.0981368 0
    outer loop
      vertex -48.3 -30 4
      vertex -48.3 -30 0
      vertex -48.3327 -30.3316 4
    endloop
  endfacet
  facet normal -0.956997 0.290099 0
    outer loop
      vertex -48.4294 -30.6506 0
      vertex -48.4294 -30.6506 4
      vertex -48.3327 -30.3316 0
    endloop
  endfacet
  facet normal -0.956997 0.290099 0
    outer loop
      vertex -48.3327 -30.3316 4
      vertex -48.3327 -30.3316 0
      vertex -48.4294 -30.6506 4
    endloop
  endfacet
  facet normal -0.881912 0.471413 0
    outer loop
      vertex -48.5865 -30.9445 0
      vertex -48.5865 -30.9445 4
      vertex -48.4294 -30.6506 0
    endloop
  endfacet
  facet normal -0.881912 0.471413 0
    outer loop
      vertex -48.4294 -30.6506 4
      vertex -48.4294 -30.6506 0
      vertex -48.5865 -30.9445 4
    endloop
  endfacet
  facet normal -0.773021 0.634381 0
    outer loop
      vertex -48.7979 -31.2021 0
      vertex -48.7979 -31.2021 4
      vertex -48.5865 -30.9445 0
    endloop
  endfacet
  facet normal -0.773021 0.634381 0
    outer loop
      vertex -48.5865 -30.9445 4
      vertex -48.5865 -30.9445 0
      vertex -48.7979 -31.2021 4
    endloop
  endfacet
  facet normal -0.634381 0.773021 0
    outer loop
      vertex -49.0555 -31.4135 0
      vertex -49.0555 -31.4135 4
      vertex -48.7979 -31.2021 0
    endloop
  endfacet
  facet normal -0.634381 0.773021 0
    outer loop
      vertex -48.7979 -31.2021 4
      vertex -48.7979 -31.2021 0
      vertex -49.0555 -31.4135 4
    endloop
  endfacet
  facet normal -0.471413 0.881912 0
    outer loop
      vertex -49.3494 -31.5706 0
      vertex -49.3494 -31.5706 4
      vertex -49.0555 -31.4135 0
    endloop
  endfacet
  facet normal -0.471413 0.881912 0
    outer loop
      vertex -49.0555 -31.4135 4
      vertex -49.0555 -31.4135 0
      vertex -49.3494 -31.5706 4
    endloop
  endfacet
  facet normal -0.290182 0.956971 0
    outer loop
      vertex -49.6683 -31.6673 0
      vertex -49.6683 -31.6673 4
      vertex -49.3494 -31.5706 0
    endloop
  endfacet
  facet normal -0.290182 0.956971 0
    outer loop
      vertex -49.3494 -31.5706 4
      vertex -49.3494 -31.5706 0
      vertex -49.6683 -31.6673 4
    endloop
  endfacet
  facet normal -0.0981075 0.995176 0
    outer loop
      vertex -50 -31.7 0
      vertex -50 -31.7 4
      vertex -49.6683 -31.6673 0
    endloop
  endfacet
  facet normal -0.0981075 0.995176 0
    outer loop
      vertex -49.6683 -31.6673 4
      vertex -49.6683 -31.6673 0
      vertex -50 -31.7 4
    endloop
  endfacet
  facet normal 0.0981368 0.995173 -0
    outer loop
      vertex -50.3316 -31.6673 0
      vertex -50.3316 -31.6673 4
      vertex -50 -31.7 0
    endloop
  endfacet
  facet normal 0.0981368 0.995173 0
    outer loop
      vertex -50 -31.7 4
      vertex -50 -31.7 0
      vertex -50.3316 -31.6673 4
    endloop
  endfacet
  facet normal 0.290099 0.956997 -0
    outer loop
      vertex -25.6506 -31.5706 0
      vertex -25.6506 -31.5706 4
      vertex -25.3316 -31.6673 0
    endloop
  endfacet
  facet normal 0.290099 0.956997 0
    outer loop
      vertex -25.3316 -31.6673 4
      vertex -25.3316 -31.6673 0
      vertex -25.6506 -31.5706 4
    endloop
  endfacet
  facet normal 0.471413 0.881912 -0
    outer loop
      vertex -25.9445 -31.4135 0
      vertex -25.9445 -31.4135 4
      vertex -25.6506 -31.5706 0
    endloop
  endfacet
  facet normal 0.471413 0.881912 0
    outer loop
      vertex -25.6506 -31.5706 4
      vertex -25.6506 -31.5706 0
      vertex -25.9445 -31.4135 4
    endloop
  endfacet
  facet normal 0.634381 0.773021 -0
    outer loop
      vertex -26.2021 -31.2021 0
      vertex -26.2021 -31.2021 4
      vertex -25.9445 -31.4135 0
    endloop
  endfacet
  facet normal 0.634381 0.773021 0
    outer loop
      vertex -25.9445 -31.4135 4
      vertex -25.9445 -31.4135 0
      vertex -26.2021 -31.2021 4
    endloop
  endfacet
  facet normal 0.773021 0.634381 -0
    outer loop
      vertex -26.4135 -30.9445 0
      vertex -26.4135 -30.9445 4
      vertex -26.2021 -31.2021 0
    endloop
  endfacet
  facet normal 0.773021 0.634381 0
    outer loop
      vertex -26.2021 -31.2021 4
      vertex -26.2021 -31.2021 0
      vertex -26.4135 -30.9445 4
    endloop
  endfacet
  facet normal 0.881912 0.471413 -0
    outer loop
      vertex -26.5706 -30.6506 0
      vertex -26.5706 -30.6506 4
      vertex -26.4135 -30.9445 0
    endloop
  endfacet
  facet normal 0.881912 0.471413 0
    outer loop
      vertex -26.4135 -30.9445 4
      vertex -26.4135 -30.9445 0
      vertex -26.5706 -30.6506 4
    endloop
  endfacet
  facet normal 0.956997 0.290099 -0
    outer loop
      vertex -26.6673 -30.3316 0
      vertex -26.6673 -30.3316 4
      vertex -26.5706 -30.6506 0
    endloop
  endfacet
  facet normal 0.956997 0.290099 0
    outer loop
      vertex -26.5706 -30.6506 4
      vertex -26.5706 -30.6506 0
      vertex -26.6673 -30.3316 4
    endloop
  endfacet
  facet normal 0.995173 0.0981368 -0
    outer loop
      vertex -26.7 -30 0
      vertex -26.7 -30 4
      vertex -26.6673 -30.3316 0
    endloop
  endfacet
  facet normal 0.995173 0.0981368 0
    outer loop
      vertex -26.6673 -30.3316 4
      vertex -26.6673 -30.3316 0
      vertex -26.7 -30 4
    endloop
  endfacet
  facet normal 0.995176 -0.0981075 0
    outer loop
      vertex -26.6673 -29.6683 0
      vertex -26.6673 -29.6683 4
      vertex -26.7 -30 0
    endloop
  endfacet
  facet normal 0.995176 -0.0981075 0
    outer loop
      vertex -26.7 -30 4
      vertex -26.7 -30 0
      vertex -26.6673 -29.6683 4
    endloop
  endfacet
  facet normal 0.956971 -0.290182 0
    outer loop
      vertex -26.5706 -29.3494 0
      vertex -26.5706 -29.3494 4
      vertex -26.6673 -29.6683 0
    endloop
  endfacet
  facet normal 0.956971 -0.290182 0
    outer loop
      vertex -26.6673 -29.6683 4
      vertex -26.6673 -29.6683 0
      vertex -26.5706 -29.3494 4
    endloop
  endfacet
  facet normal 0.881912 -0.471413 0
    outer loop
      vertex -26.4135 -29.0555 0
      vertex -26.4135 -29.0555 4
      vertex -26.5706 -29.3494 0
    endloop
  endfacet
  facet normal 0.881912 -0.471413 0
    outer loop
      vertex -26.5706 -29.3494 4
      vertex -26.5706 -29.3494 0
      vertex -26.4135 -29.0555 4
    endloop
  endfacet
  facet normal 0.773021 -0.634381 0
    outer loop
      vertex -26.2021 -28.7979 0
      vertex -26.2021 -28.7979 4
      vertex -26.4135 -29.0555 0
    endloop
  endfacet
  facet normal 0.773021 -0.634381 0
    outer loop
      vertex -26.4135 -29.0555 4
      vertex -26.4135 -29.0555 0
      vertex -26.2021 -28.7979 4
    endloop
  endfacet
  facet normal 0.634381 -0.773021 0
    outer loop
      vertex -25.9445 -28.5865 0
      vertex -25.9445 -28.5865 4
      vertex -26.2021 -28.7979 0
    endloop
  endfacet
  facet normal 0.634381 -0.773021 0
    outer loop
      vertex -26.2021 -28.7979 4
      vertex -26.2021 -28.7979 0
      vertex -25.9445 -28.5865 4
    endloop
  endfacet
  facet normal 0.471413 -0.881912 0
    outer loop
      vertex -25.6506 -28.4294 0
      vertex -25.6506 -28.4294 4
      vertex -25.9445 -28.5865 0
    endloop
  endfacet
  facet normal 0.471413 -0.881912 0
    outer loop
      vertex -25.9445 -28.5865 4
      vertex -25.9445 -28.5865 0
      vertex -25.6506 -28.4294 4
    endloop
  endfacet
  facet normal 0.290099 -0.956997 0
    outer loop
      vertex -25.3316 -28.3327 0
      vertex -25.3316 -28.3327 4
      vertex -25.6506 -28.4294 0
    endloop
  endfacet
  facet normal 0.290099 -0.956997 0
    outer loop
      vertex -25.6506 -28.4294 4
      vertex -25.6506 -28.4294 0
      vertex -25.3316 -28.3327 4
    endloop
  endfacet
  facet normal 0.0981368 -0.995173 0
    outer loop
      vertex -25 -28.3 0
      vertex -25 -28.3 4
      vertex -25.3316 -28.3327 0
    endloop
  endfacet
  facet normal 0.0981368 -0.995173 0
    outer loop
      vertex -25.3316 -28.3327 4
      vertex -25.3316 -28.3327 0
      vertex -25 -28.3 4
    endloop
  endfacet
  facet normal -0.0981075 -0.995176 0
    outer loop
      vertex -24.6683 -28.3327 0
      vertex -24.6683 -28.3327 4
      vertex -25 -28.3 0
    endloop
  endfacet
  facet normal -0.0981075 -0.995176 -0
    outer loop
      vertex -25 -28.3 4
      vertex -25 -28.3 0
      vertex -24.6683 -28.3327 4
    endloop
  endfacet
  facet normal -0.290182 -0.956971 0
    outer loop
      vertex -24.3494 -28.4294 0
      vertex -24.3494 -28.4294 4
      vertex -24.6683 -28.3327 0
    endloop
  endfacet
  facet normal -0.290182 -0.956971 -0
    outer loop
      vertex -24.6683 -28.3327 4
      vertex -24.6683 -28.3327 0
      vertex -24.3494 -28.4294 4
    endloop
  endfacet
  facet normal -0.471413 -0.881912 0
    outer loop
      vertex -24.0555 -28.5865 0
      vertex -24.0555 -28.5865 4
      vertex -24.3494 -28.4294 0
    endloop
  endfacet
  facet normal -0.471413 -0.881912 -0
    outer loop
      vertex -24.3494 -28.4294 4
      vertex -24.3494 -28.4294 0
      vertex -24.0555 -28.5865 4
    endloop
  endfacet
  facet normal -0.634381 -0.773021 0
    outer loop
      vertex -23.7979 -28.7979 0
      vertex -23.7979 -28.7979 4
      vertex -24.0555 -28.5865 0
    endloop
  endfacet
  facet normal -0.634381 -0.773021 -0
    outer loop
      vertex -24.0555 -28.5865 4
      vertex -24.0555 -28.5865 0
      vertex -23.7979 -28.7979 4
    endloop
  endfacet
  facet normal -0.773021 -0.634381 0
    outer loop
      vertex -23.5865 -29.0555 0
      vertex -23.5865 -29.0555 4
      vertex -23.7979 -28.7979 0
    endloop
  endfacet
  facet normal -0.773021 -0.634381 -0
    outer loop
      vertex -23.7979 -28.7979 4
      vertex -23.7979 -28.7979 0
      vertex -23.5865 -29.0555 4
    endloop
  endfacet
  facet normal -0.881912 -0.471413 0
    outer loop
      vertex -23.4294 -29.3494 0
      vertex -23.4294 -29.3494 4
      vertex -23.5865 -29.0555 0
    endloop
  endfacet
  facet normal -0.881912 -0.471413 -0
    outer loop
      vertex -23.5865 -29.0555 4
      vertex -23.5865 -29.0555 0
      vertex -23.4294 -29.3494 4
    endloop
  endfacet
  facet normal -0.956971 -0.290182 0
    outer loop
      vertex -23.3327 -29.6683 0
      vertex -23.3327 -29.6683 4
      vertex -23.4294 -29.3494 0
    endloop
  endfacet
  facet normal -0.956971 -0.290182 -0
    outer loop
      vertex -23.4294 -29.3494 4
      vertex -23.4294 -29.3494 0
      vertex -23.3327 -29.6683 4
    endloop
  endfacet
  facet normal -0.995176 -0.0981075 0
    outer loop
      vertex -23.3 -30 0
      vertex -23.3 -30 4
      vertex -23.3327 -29.6683 0
    endloop
  endfacet
  facet normal -0.995176 -0.0981075 -0
    outer loop
      vertex -23.3327 -29.6683 4
      vertex -23.3327 -29.6683 0
      vertex -23.3 -30 4
    endloop
  endfacet
  facet normal -0.995173 0.0981368 0
    outer loop
      vertex -23.3327 -30.3316 0
      vertex -23.3327 -30.3316 4
      vertex -23.3 -30 0
    endloop
  endfacet
  facet normal -0.995173 0.0981368 0
    outer loop
      vertex -23.3 -30 4
      vertex -23.3 -30 0
      vertex -23.3327 -30.3316 4
    endloop
  endfacet
  facet normal -0.956997 0.290099 0
    outer loop
      vertex -23.4294 -30.6506 0
      vertex -23.4294 -30.6506 4
      vertex -23.3327 -30.3316 0
    endloop
  endfacet
  facet normal -0.956997 0.290099 0
    outer loop
      vertex -23.3327 -30.3316 4
      vertex -23.3327 -30.3316 0
      vertex -23.4294 -30.6506 4
    endloop
  endfacet
  facet normal -0.881912 0.471413 0
    outer loop
      vertex -23.5865 -30.9445 0
      vertex -23.5865 -30.9445 4
      vertex -23.4294 -30.6506 0
    endloop
  endfacet
  facet normal -0.881912 0.471413 0
    outer loop
      vertex -23.4294 -30.6506 4
      vertex -23.4294 -30.6506 0
      vertex -23.5865 -30.9445 4
    endloop
  endfacet
  facet normal -0.773021 0.634381 0
    outer loop
      vertex -23.7979 -31.2021 0
      vertex -23.7979 -31.2021 4
      vertex -23.5865 -30.9445 0
    endloop
  endfacet
  facet normal -0.773021 0.634381 0
    outer loop
      vertex -23.5865 -30.9445 4
      vertex -23.5865 -30.9445 0
      vertex -23.7979 -31.2021 4
    endloop
  endfacet
  facet normal -0.634381 0.773021 0
    outer loop
      vertex -24.0555 -31.4135 0
      vertex -24.0555 -31.4135 4
      vertex -23.7979 -31.2021 0
    endloop
  endfacet
  facet normal -0.634381 0.773021 0
    outer loop
      vertex -23.7979 -31.2021 4
      vertex -23.7979 -31.2021 0
      vertex -24.0555 -31.4135 4
    endloop
  endfacet
  facet normal -0.471413 0.881912 0
    outer loop
      vertex -24.3494 -31.5706 0
      vertex -24.3494 -31.5706 4
      vertex -24.0555 -31.4135 0
    endloop
  endfacet
  facet normal -0.471413 0.881912 0
    outer loop
      vertex -24.0555 -31.4135 4
      vertex -24.0555 -31.4135 0
      vertex -24.3494 -31.5706 4
    endloop
  endfacet
  facet normal -0.290182 0.956971 0
    outer loop
      vertex -24.6683 -31.6673 0
      vertex -24.6683 -31.6673 4
      vertex -24.3494 -31.5706 0
    endloop
  endfacet
  facet normal -0.290182 0.956971 0
    outer loop
      vertex -24.3494 -31.5706 4
      vertex -24.3494 -31.5706 0
      vertex -24.6683 -31.6673 4
    endloop
  endfacet
  facet normal -0.0981075 0.995176 0
    outer loop
      vertex -25 -31.7 0
      vertex -25 -31.7 4
      vertex -24.6683 -31.6673 0
    endloop
  endfacet
  facet normal -0.0981075 0.995176 0
    outer loop
      vertex -24.6683 -31.6673 4
      vertex -24.6683 -31.6673 0
      vertex -25 -31.7 4
    endloop
  endfacet
  facet normal 0.0981368 0.995173 -0
    outer loop
      vertex -25.3316 -31.6673 0
      vertex -25.3316 -31.6673 4
      vertex -25 -31.7 0
    endloop
  endfacet
  facet normal 0.0981368 0.995173 0
    outer loop
      vertex -25 -31.7 4
      vertex -25 -31.7 0
      vertex -25.3316 -31.6673 4
    endloop
  endfacet
  facet normal 0.290176 0.956973 -0
    outer loop
      vertex -0.650558 -31.5706 0
      vertex -0.650558 -31.5706 4
      vertex -0.33165 -31.6673 0
    endloop
  endfacet
  facet normal 0.290176 0.956973 0
    outer loop
      vertex -0.33165 -31.6673 4
      vertex -0.33165 -31.6673 0
      vertex -0.650558 -31.5706 4
    endloop
  endfacet
  facet normal 0.471413 0.881912 -0
    outer loop
      vertex -0.944458 -31.4135 0
      vertex -0.944458 -31.4135 4
      vertex -0.650558 -31.5706 0
    endloop
  endfacet
  facet normal 0.471413 0.881912 0
    outer loop
      vertex -0.650558 -31.5706 4
      vertex -0.650558 -31.5706 0
      vertex -0.944458 -31.4135 4
    endloop
  endfacet
  facet normal 0.634363 0.773035 -0
    outer loop
      vertex -1.20207 -31.2021 0
      vertex -1.20207 -31.2021 4
      vertex -0.944458 -31.4135 0
    endloop
  endfacet
  facet normal 0.634363 0.773035 0
    outer loop
      vertex -0.944458 -31.4135 4
      vertex -0.944458 -31.4135 0
      vertex -1.20207 -31.2021 4
    endloop
  endfacet
  facet normal 0.772976 0.634435 -0
    outer loop
      vertex -1.4135 -30.9445 0
      vertex -1.4135 -30.9445 4
      vertex -1.20207 -31.2021 0
    endloop
  endfacet
  facet normal 0.772976 0.634435 0
    outer loop
      vertex -1.20207 -31.2021 4
      vertex -1.20207 -31.2021 0
      vertex -1.4135 -30.9445 4
    endloop
  endfacet
  facet normal 0.881925 0.47139 -0
    outer loop
      vertex -1.57059 -30.6506 0
      vertex -1.57059 -30.6506 4
      vertex -1.4135 -30.9445 0
    endloop
  endfacet
  facet normal 0.881925 0.47139 0
    outer loop
      vertex -1.4135 -30.9445 4
      vertex -1.4135 -30.9445 0
      vertex -1.57059 -30.6506 4
    endloop
  endfacet
  facet normal 0.956963 0.290209 -0
    outer loop
      vertex -1.66733 -30.3316 0
      vertex -1.66733 -30.3316 4
      vertex -1.57059 -30.6506 0
    endloop
  endfacet
  facet normal 0.956963 0.290209 0
    outer loop
      vertex -1.57059 -30.6506 4
      vertex -1.57059 -30.6506 0
      vertex -1.66733 -30.3316 4
    endloop
  endfacet
  facet normal 0.995182 0.0980476 -0
    outer loop
      vertex -1.7 -30 0
      vertex -1.7 -30 4
      vertex -1.66733 -30.3316 0
    endloop
  endfacet
  facet normal 0.995182 0.0980476 0
    outer loop
      vertex -1.66733 -30.3316 4
      vertex -1.66733 -30.3316 0
      vertex -1.7 -30 4
    endloop
  endfacet
  facet normal 0.995185 -0.0980183 0
    outer loop
      vertex -1.66733 -29.6683 0
      vertex -1.66733 -29.6683 4
      vertex -1.7 -30 0
    endloop
  endfacet
  facet normal 0.995185 -0.0980183 0
    outer loop
      vertex -1.7 -30 4
      vertex -1.7 -30 0
      vertex -1.66733 -29.6683 4
    endloop
  endfacet
  facet normal 0.956938 -0.290292 0
    outer loop
      vertex -1.57059 -29.3494 0
      vertex -1.57059 -29.3494 4
      vertex -1.66733 -29.6683 0
    endloop
  endfacet
  facet normal 0.956938 -0.290292 0
    outer loop
      vertex -1.66733 -29.6683 4
      vertex -1.66733 -29.6683 0
      vertex -1.57059 -29.3494 4
    endloop
  endfacet
  facet normal 0.881925 -0.47139 0
    outer loop
      vertex -1.4135 -29.0555 0
      vertex -1.4135 -29.0555 4
      vertex -1.57059 -29.3494 0
    endloop
  endfacet
  facet normal 0.881925 -0.47139 0
    outer loop
      vertex -1.57059 -29.3494 4
      vertex -1.57059 -29.3494 0
      vertex -1.4135 -29.0555 4
    endloop
  endfacet
  facet normal 0.772976 -0.634435 0
    outer loop
      vertex -1.20207 -28.7979 0
      vertex -1.20207 -28.7979 4
      vertex -1.4135 -29.0555 0
    endloop
  endfacet
  facet normal 0.772976 -0.634435 0
    outer loop
      vertex -1.4135 -29.0555 4
      vertex -1.4135 -29.0555 0
      vertex -1.20207 -28.7979 4
    endloop
  endfacet
  facet normal 0.634363 -0.773035 0
    outer loop
      vertex -0.944458 -28.5865 0
      vertex -0.944458 -28.5865 4
      vertex -1.20207 -28.7979 0
    endloop
  endfacet
  facet normal 0.634363 -0.773035 0
    outer loop
      vertex -1.20207 -28.7979 4
      vertex -1.20207 -28.7979 0
      vertex -0.944458 -28.5865 4
    endloop
  endfacet
  facet normal 0.471413 -0.881912 0
    outer loop
      vertex -0.650558 -28.4294 0
      vertex -0.650558 -28.4294 4
      vertex -0.944458 -28.5865 0
    endloop
  endfacet
  facet normal 0.471413 -0.881912 0
    outer loop
      vertex -0.944458 -28.5865 4
      vertex -0.944458 -28.5865 0
      vertex -0.650558 -28.4294 4
    endloop
  endfacet
  facet normal 0.290176 -0.956973 0
    outer loop
      vertex -0.33165 -28.3327 0
      vertex -0.33165 -28.3327 4
      vertex -0.650558 -28.4294 0
    endloop
  endfacet
  facet normal 0.290176 -0.956973 0
    outer loop
      vertex -0.650558 -28.4294 4
      vertex -0.650558 -28.4294 0
      vertex -0.33165 -28.3327 4
    endloop
  endfacet
  facet normal 0.0981221 -0.995174 0
    outer loop
      vertex 0 -28.3 0
      vertex 0 -28.3 4
      vertex -0.33165 -28.3327 0
    endloop
  endfacet
  facet normal 0.0981221 -0.995174 0
    outer loop
      vertex -0.33165 -28.3327 4
      vertex -0.33165 -28.3327 0
      vertex 0 -28.3 4
    endloop
  endfacet
  facet normal -0.0981221 -0.995174 0
    outer loop
      vertex 0.33165 -28.3327 0
      vertex 0.33165 -28.3327 4
      vertex 0 -28.3 0
    endloop
  endfacet
  facet normal -0.0981221 -0.995174 -0
    outer loop
      vertex 0 -28.3 4
      vertex 0 -28.3 0
      vertex 0.33165 -28.3327 4
    endloop
  endfacet
  facet normal -0.290176 -0.956973 0
    outer loop
      vertex 0.650558 -28.4294 0
      vertex 0.650558 -28.4294 4
      vertex 0.33165 -28.3327 0
    endloop
  endfacet
  facet normal -0.290176 -0.956973 -0
    outer loop
      vertex 0.33165 -28.3327 4
      vertex 0.33165 -28.3327 0
      vertex 0.650558 -28.4294 4
    endloop
  endfacet
  facet normal -0.471413 -0.881912 0
    outer loop
      vertex 0.944458 -28.5865 0
      vertex 0.944458 -28.5865 4
      vertex 0.650558 -28.4294 0
    endloop
  endfacet
  facet normal -0.471413 -0.881912 -0
    outer loop
      vertex 0.650558 -28.4294 4
      vertex 0.650558 -28.4294 0
      vertex 0.944458 -28.5865 4
    endloop
  endfacet
  facet normal -0.634363 -0.773035 0
    outer loop
      vertex 1.20207 -28.7979 0
      vertex 1.20207 -28.7979 4
      vertex 0.944458 -28.5865 0
    endloop
  endfacet
  facet normal -0.634363 -0.773035 -0
    outer loop
      vertex 0.944458 -28.5865 4
      vertex 0.944458 -28.5865 0
      vertex 1.20207 -28.7979 4
    endloop
  endfacet
  facet normal -0.772976 -0.634435 0
    outer loop
      vertex 1.4135 -29.0555 0
      vertex 1.4135 -29.0555 4
      vertex 1.20207 -28.7979 0
    endloop
  endfacet
  facet normal -0.772976 -0.634435 -0
    outer loop
      vertex 1.20207 -28.7979 4
      vertex 1.20207 -28.7979 0
      vertex 1.4135 -29.0555 4
    endloop
  endfacet
  facet normal -0.881925 -0.47139 0
    outer loop
      vertex 1.57059 -29.3494 0
      vertex 1.57059 -29.3494 4
      vertex 1.4135 -29.0555 0
    endloop
  endfacet
  facet normal -0.881925 -0.47139 -0
    outer loop
      vertex 1.4135 -29.0555 4
      vertex 1.4135 -29.0555 0
      vertex 1.57059 -29.3494 4
    endloop
  endfacet
  facet normal -0.956938 -0.290292 0
    outer loop
      vertex 1.66733 -29.6683 0
      vertex 1.66733 -29.6683 4
      vertex 1.57059 -29.3494 0
    endloop
  endfacet
  facet normal -0.956938 -0.290292 -0
    outer loop
      vertex 1.57059 -29.3494 4
      vertex 1.57059 -29.3494 0
      vertex 1.66733 -29.6683 4
    endloop
  endfacet
  facet normal -0.995185 -0.0980183 0
    outer loop
      vertex 1.7 -30 0
      vertex 1.7 -30 4
      vertex 1.66733 -29.6683 0
    endloop
  endfacet
  facet normal -0.995185 -0.0980183 -0
    outer loop
      vertex 1.66733 -29.6683 4
      vertex 1.66733 -29.6683 0
      vertex 1.7 -30 4
    endloop
  endfacet
  facet normal -0.995182 0.0980476 0
    outer loop
      vertex 1.66733 -30.3316 0
      vertex 1.66733 -30.3316 4
      vertex 1.7 -30 0
    endloop
  endfacet
  facet normal -0.995182 0.0980476 0
    outer loop
      vertex 1.7 -30 4
      vertex 1.7 -30 0
      vertex 1.66733 -30.3316 4
    endloop
  endfacet
  facet normal -0.956963 0.290209 0
    outer loop
      vertex 1.57059 -30.6506 0
      vertex 1.57059 -30.6506 4
      vertex 1.66733 -30.3316 0
    endloop
  endfacet
  facet normal -0.956963 0.290209 0
    outer loop
      vertex 1.66733 -30.3316 4
      vertex 1.66733 -30.3316 0
      vertex 1.57059 -30.6506 4
    endloop
  endfacet
  facet normal -0.881925 0.47139 0
    outer loop
      vertex 1.4135 -30.9445 0
      vertex 1.4135 -30.9445 4
      vertex 1.57059 -30.6506 0
    endloop
  endfacet
  facet normal -0.881925 0.47139 0
    outer loop
      vertex 1.57059 -30.6506 4
      vertex 1.57059 -30.6506 0
      vertex 1.4135 -30.9445 4
    endloop
  endfacet
  facet normal -0.772976 0.634435 0
    outer loop
      vertex 1.20207 -31.2021 0
      vertex 1.20207 -31.2021 4
      vertex 1.4135 -30.9445 0
    endloop
  endfacet
  facet normal -0.772976 0.634435 0
    outer loop
      vertex 1.4135 -30.9445 4
      vertex 1.4135 -30.9445 0
      vertex 1.20207 -31.2021 4
    endloop
  endfacet
  facet normal -0.634363 0.773035 0
    outer loop
      vertex 0.944458 -31.4135 0
      vertex 0.944458 -31.4135 4
      vertex 1.20207 -31.2021 0
    endloop
  endfacet
  facet normal -0.634363 0.773035 0
    outer loop
      vertex 1.20207 -31.2021 4
      vertex 1.20207 -31.2021 0
      vertex 0.944458 -31.4135 4
    endloop
  endfacet
  facet normal -0.471413 0.881912 0
    outer loop
      vertex 0.650558 -31.5706 0
      vertex 0.650558 -31.5706 4
      vertex 0.944458 -31.4135 0
    endloop
  endfacet
  facet normal -0.471413 0.881912 0
    outer loop
      vertex 0.944458 -31.4135 4
      vertex 0.944458 -31.4135 0
      vertex 0.650558 -31.5706 4
    endloop
  endfacet
  facet normal -0.290176 0.956973 0
    outer loop
      vertex 0.33165 -31.6673 0
      vertex 0.33165 -31.6673 4
      vertex 0.650558 -31.5706 0
    endloop
  endfacet
  facet normal -0.290176 0.956973 0
    outer loop
      vertex 0.650558 -31.5706 4
      vertex 0.650558 -31.5706 0
      vertex 0.33165 -31.6673 4
    endloop
  endfacet
  facet normal -0.0981221 0.995174 0
    outer loop
      vertex 0 -31.7 0
      vertex 0 -31.7 4
      vertex 0.33165 -31.6673 0
    endloop
  endfacet
  facet normal -0.0981221 0.995174 0
    outer loop
      vertex 0.33165 -31.6673 4
      vertex 0.33165 -31.6673 0
      vertex 0 -31.7 4
    endloop
  endfacet
  facet normal 0.0981221 0.995174 -0
    outer loop
      vertex -0.33165 -31.6673 0
      vertex -0.33165 -31.6673 4
      vertex 0 -31.7 0
    endloop
  endfacet
  facet normal 0.0981221 0.995174 0
    outer loop
      vertex 0 -31.7 4
      vertex 0 -31.7 0
      vertex -0.33165 -31.6673 4
    endloop
  endfacet
  facet normal 0.290182 0.956971 -0
    outer loop
      vertex 24.3494 -31.5706 0
      vertex 24.3494 -31.5706 4
      vertex 24.6683 -31.6673 0
    endloop
  endfacet
  facet normal 0.290182 0.956971 0
    outer loop
      vertex 24.6683 -31.6673 4
      vertex 24.6683 -31.6673 0
      vertex 24.3494 -31.5706 4
    endloop
  endfacet
  facet normal 0.471413 0.881912 -0
    outer loop
      vertex 24.0555 -31.4135 0
      vertex 24.0555 -31.4135 4
      vertex 24.3494 -31.5706 0
    endloop
  endfacet
  facet normal 0.471413 0.881912 0
    outer loop
      vertex 24.3494 -31.5706 4
      vertex 24.3494 -31.5706 0
      vertex 24.0555 -31.4135 4
    endloop
  endfacet
  facet normal 0.634381 0.773021 -0
    outer loop
      vertex 23.7979 -31.2021 0
      vertex 23.7979 -31.2021 4
      vertex 24.0555 -31.4135 0
    endloop
  endfacet
  facet normal 0.634381 0.773021 0
    outer loop
      vertex 24.0555 -31.4135 4
      vertex 24.0555 -31.4135 0
      vertex 23.7979 -31.2021 4
    endloop
  endfacet
  facet normal 0.773021 0.634381 -0
    outer loop
      vertex 23.5865 -30.9445 0
      vertex 23.5865 -30.9445 4
      vertex 23.7979 -31.2021 0
    endloop
  endfacet
  facet normal 0.773021 0.634381 0
    outer loop
      vertex 23.7979 -31.2021 4
      vertex 23.7979 -31.2021 0
      vertex 23.5865 -30.9445 4
    endloop
  endfacet
  facet normal 0.881912 0.471413 -0
    outer loop
      vertex 23.4294 -30.6506 0
      vertex 23.4294 -30.6506 4
      vertex 23.5865 -30.9445 0
    endloop
  endfacet
  facet normal 0.881912 0.471413 0
    outer loop
      vertex 23.5865 -30.9445 4
      vertex 23.5865 -30.9445 0
      vertex 23.4294 -30.6506 4
    endloop
  endfacet
  facet normal 0.956997 0.290099 -0
    outer loop
      vertex 23.3327 -30.3316 0
      vertex 23.3327 -30.3316 4
      vertex 23.4294 -30.6506 0
    endloop
  endfacet
  facet normal 0.956997 0.290099 0
    outer loop
      vertex 23.4294 -30.6506 4
      vertex 23.4294 -30.6506 0
      vertex 23.3327 -30.3316 4
    endloop
  endfacet
  facet normal 0.995173 0.0981368 -0
    outer loop
      vertex 23.3 -30 0
      vertex 23.3 -30 4
      vertex 23.3327 -30.3316 0
    endloop
  endfacet
  facet normal 0.995173 0.0981368 0
    outer loop
      vertex 23.3327 -30.3316 4
      vertex 23.3327 -30.3316 0
      vertex 23.3 -30 4
    endloop
  endfacet
  facet normal 0.995176 -0.0981075 0
    outer loop
      vertex 23.3327 -29.6683 0
      vertex 23.3327 -29.6683 4
      vertex 23.3 -30 0
    endloop
  endfacet
  facet normal 0.995176 -0.0981075 0
    outer loop
      vertex 23.3 -30 4
      vertex 23.3 -30 0
      vertex 23.3327 -29.6683 4
    endloop
  endfacet
  facet normal 0.956971 -0.290182 0
    outer loop
      vertex 23.4294 -29.3494 0
      vertex 23.4294 -29.3494 4
      vertex 23.3327 -29.6683 0
    endloop
  endfacet
  facet normal 0.956971 -0.290182 0
    outer loop
      vertex 23.3327 -29.6683 4
      vertex 23.3327 -29.6683 0
      vertex 23.4294 -29.3494 4
    endloop
  endfacet
  facet normal 0.881912 -0.471413 0
    outer loop
      vertex 23.5865 -29.0555 0
      vertex 23.5865 -29.0555 4
      vertex 23.4294 -29.3494 0
    endloop
  endfacet
  facet normal 0.881912 -0.471413 0
    outer loop
      vertex 23.4294 -29.3494 4
      vertex 23.4294 -29.3494 0
      vertex 23.5865 -29.0555 4
    endloop
  endfacet
  facet normal 0.773021 -0.634381 0
    outer loop
      vertex 23.7979 -28.7979 0
      vertex 23.7979 -28.7979 4
      vertex 23.5865 -29.0555 0
    endloop
  endfacet
  facet normal 0.773021 -0.634381 0
    outer loop
      vertex 23.5865 -29.0555 4
      vertex 23.5865 -29.0555 0
      vertex 23.7979 -28.7979 4
    endloop
  endfacet
  facet normal 0.634381 -0.773021 0
    outer loop
      vertex 24.0555 -28.5865 0
      vertex 24.0555 -28.5865 4
      vertex 23.7979 -28.7979 0
    endloop
  endfacet
  facet normal 0.634381 -0.773021 0
    outer loop
      vertex 23.7979 -28.7979 4
      vertex 23.7979 -28.7979 0
      vertex 24.0555 -28.5865 4
    endloop
  endfacet
  facet normal 0.471413 -0.881912 0
    outer loop
      vertex 24.3494 -28.4294 0
      vertex 24.3494 -28.4294 4
      vertex 24.0555 -28.5865 0
    endloop
  endfacet
  facet normal 0.471413 -0.881912 0
    outer loop
      vertex 24.0555 -28.5865 4
      vertex 24.0555 -28.5865 0
      vertex 24.3494 -28.4294 4
    endloop
  endfacet
  facet normal 0.290182 -0.956971 0
    outer loop
      vertex 24.6683 -28.3327 0
      vertex 24.6683 -28.3327 4
      vertex 24.3494 -28.4294 0
    endloop
  endfacet
  facet normal 0.290182 -0.956971 0
    outer loop
      vertex 24.3494 -28.4294 4
      vertex 24.3494 -28.4294 0
      vertex 24.6683 -28.3327 4
    endloop
  endfacet
  facet normal 0.0981075 -0.995176 0
    outer loop
      vertex 25 -28.3 0
      vertex 25 -28.3 4
      vertex 24.6683 -28.3327 0
    endloop
  endfacet
  facet normal 0.0981075 -0.995176 0
    outer loop
      vertex 24.6683 -28.3327 4
      vertex 24.6683 -28.3327 0
      vertex 25 -28.3 4
    endloop
  endfacet
  facet normal -0.0981368 -0.995173 0
    outer loop
      vertex 25.3316 -28.3327 0
      vertex 25.3316 -28.3327 4
      vertex 25 -28.3 0
    endloop
  endfacet
  facet normal -0.0981368 -0.995173 -0
    outer loop
      vertex 25 -28.3 4
      vertex 25 -28.3 0
      vertex 25.3316 -28.3327 4
    endloop
  endfacet
  facet normal -0.290099 -0.956997 0
    outer loop
      vertex 25.6506 -28.4294 0
      vertex 25.6506 -28.4294 4
      vertex 25.3316 -28.3327 0
    endloop
  endfacet
  facet normal -0.290099 -0.956997 -0
    outer loop
      vertex 25.3316 -28.3327 4
      vertex 25.3316 -28.3327 0
      vertex 25.6506 -28.4294 4
    endloop
  endfacet
  facet normal -0.471413 -0.881912 0
    outer loop
      vertex 25.9445 -28.5865 0
      vertex 25.9445 -28.5865 4
      vertex 25.6506 -28.4294 0
    endloop
  endfacet
  facet normal -0.471413 -0.881912 -0
    outer loop
      vertex 25.6506 -28.4294 4
      vertex 25.6506 -28.4294 0
      vertex 25.9445 -28.5865 4
    endloop
  endfacet
  facet normal -0.634381 -0.773021 0
    outer loop
      vertex 26.2021 -28.7979 0
      vertex 26.2021 -28.7979 4
      vertex 25.9445 -28.5865 0
    endloop
  endfacet
  facet normal -0.634381 -0.773021 -0
    outer loop
      vertex 25.9445 -28.5865 4
      vertex 25.9445 -28.5865 0
      vertex 26.2021 -28.7979 4
    endloop
  endfacet
  facet normal -0.773021 -0.634381 0
    outer loop
      vertex 26.4135 -29.0555 0
      vertex 26.4135 -29.0555 4
      vertex 26.2021 -28.7979 0
    endloop
  endfacet
  facet normal -0.773021 -0.634381 -0
    outer loop
      vertex 26.2021 -28.7979 4
      vertex 26.2021 -28.7979 0
      vertex 26.4135 -29.0555 4
    endloop
  endfacet
  facet normal -0.881912 -0.471413 0
    outer loop
      vertex 26.5706 -29.3494 0
      vertex 26.5706 -29.3494 4
      vertex 26.4135 -29.0555 0
    endloop
  endfacet
  facet normal -0.881912 -0.471413 -0
    outer loop
      vertex 26.4135 -29.0555 4
      vertex 26.4135 -29.0555 0
      vertex 26.5706 -29.3494 4
    endloop
  endfacet
  facet normal -0.956971 -0.290182 0
    outer loop
      vertex 26.6673 -29.6683 0
      vertex 26.6673 -29.6683 4
      vertex 26.5706 -29.3494 0
    endloop
  endfacet
  facet normal -0.956971 -0.290182 -0
    outer loop
      vertex 26.5706 -29.3494 4
      vertex 26.5706 -29.3494 0
      vertex 26.6673 -29.6683 4
    endloop
  endfacet
  facet normal -0.995176 -0.0981075 0
    outer loop
      vertex 26.7 -30 0
      vertex 26.7 -30 4
      vertex 26.6673 -29.6683 0
    endloop
  endfacet
  facet normal -0.995176 -0.0981075 -0
    outer loop
      vertex 26.6673 -29.6683 4
      vertex 26.6673 -29.6683 0
      vertex 26.7 -30 4
    endloop
  endfacet
  facet normal -0.995173 0.0981368 0
    outer loop
      vertex 26.6673 -30.3316 0
      vertex 26.6673 -30.3316 4
      vertex 26.7 -30 0
    endloop
  endfacet
  facet normal -0.995173 0.0981368 0
    outer loop
      vertex 26.7 -30 4
      vertex 26.7 -30 0
      vertex 26.6673 -30.3316 4
    endloop
  endfacet
  facet normal -0.956997 0.290099 0
    outer loop
      vertex 26.5706 -30.6506 0
      vertex 26.5706 -30.6506 4
      vertex 26.6673 -30.3316 0
    endloop
  endfacet
  facet normal -0.956997 0.290099 0
    outer loop
      vertex 26.6673 -30.3316 4
      vertex 26.6673 -30.3316 0
      vertex 26.5706 -30.6506 4
    endloop
  endfacet
  facet normal -0.881912 0.471413 0
    outer loop
      vertex 26.4135 -30.9445 0
      vertex 26.4135 -30.9445 4
      vertex 26.5706 -30.6506 0
    endloop
  endfacet
  facet normal -0.881912 0.471413 0
    outer loop
      vertex 26.5706 -30.6506 4
      vertex 26.5706 -30.6506 0
      vertex 26.4135 -30.9445 4
    endloop
  endfacet
  facet normal -0.773021 0.634381 0
    outer loop
      vertex 26.2021 -31.2021 0
      vertex 26.2021 -31.2021 4
      vertex 26.4135 -30.9445 0
    endloop
  endfacet
  facet normal -0.773021 0.634381 0
    outer loop
      vertex 26.4135 -30.9445 4
      vertex 26.4135 -30.9445 0
      vertex 26.2021 -31.2021 4
    endloop
  endfacet
  facet normal -0.634381 0.773021 0
    outer loop
      vertex 25.9445 -31.4135 0
      vertex 25.9445 -31.4135 4
      vertex 26.2021 -31.2021 0
    endloop
  endfacet
  facet normal -0.634381 0.773021 0
    outer loop
      vertex 26.2021 -31.2021 4
      vertex 26.2021 -31.2021 0
      vertex 25.9445 -31.4135 4
    endloop
  endfacet
  facet normal -0.471413 0.881912 0
    outer loop
      vertex 25.6506 -31.5706 0
      vertex 25.6506 -31.5706 4
      vertex 25.9445 -31.4135 0
    endloop
  endfacet
  facet normal -0.471413 0.881912 0
    outer loop
      vertex 25.9445 -31.4135 4
      vertex 25.9445 -31.4135 0
      vertex 25.6506 -31.5706 4
    endloop
  endfacet
  facet normal -0.290099 0.956997 0
    outer loop
      vertex 25.3316 -31.6673 0
      vertex 25.3316 -31.6673 4
      vertex 25.6506 -31.5706 0
    endloop
  endfacet
  facet normal -0.290099 0.956997 0
    outer loop
      vertex 25.6506 -31.5706 4
      vertex 25.6506 -31.5706 0
      vertex 25.3316 -31.6673 4
    endloop
  endfacet
  facet normal -0.0981368 0.995173 0
    outer loop
      vertex 25 -31.7 0
      vertex 25 -31.7 4
      vertex 25.3316 -31.6673 0
    endloop
  endfacet
  facet normal -0.0981368 0.995173 0
    outer loop
      vertex 25.3316 -31.6673 4
      vertex 25.3316 -31.6673 0
      vertex 25 -31.7 4
    endloop
  endfacet
  facet normal 0.0981075 0.995176 -0
    outer loop
      vertex 24.6683 -31.6673 0
      vertex 24.6683 -31.6673 4
      vertex 25 -31.7 0
    endloop
  endfacet
  facet normal 0.0981075 0.995176 0
    outer loop
      vertex 25 -31.7 4
      vertex 25 -31.7 0
      vertex 24.6683 -31.6673 4
    endloop
  endfacet
  facet normal 0.290182 0.956971 -0
    outer loop
      vertex 49.3494 -31.5706 0
      vertex 49.3494 -31.5706 4
      vertex 49.6683 -31.6673 0
    endloop
  endfacet
  facet normal 0.290182 0.956971 0
    outer loop
      vertex 49.6683 -31.6673 4
      vertex 49.6683 -31.6673 0
      vertex 49.3494 -31.5706 4
    endloop
  endfacet
  facet normal 0.471413 0.881912 -0
    outer loop
      vertex 49.0555 -31.4135 0
      vertex 49.0555 -31.4135 4
      vertex 49.3494 -31.5706 0
    endloop
  endfacet
  facet normal 0.471413 0.881912 0
    outer loop
      vertex 49.3494 -31.5706 4
      vertex 49.3494 -31.5706 0
      vertex 49.0555 -31.4135 4
    endloop
  endfacet
  facet normal 0.634381 0.773021 -0
    outer loop
      vertex 48.7979 -31.2021 0
      vertex 48.7979 -31.2021 4
      vertex 49.0555 -31.4135 0
    endloop
  endfacet
  facet normal 0.634381 0.773021 0
    outer loop
      vertex 49.0555 -31.4135 4
      vertex 49.0555 -31.4135 0
      vertex 48.7979 -31.2021 4
    endloop
  endfacet
  facet normal 0.773021 0.634381 -0
    outer loop
      vertex 48.5865 -30.9445 0
      vertex 48.5865 -30.9445 4
      vertex 48.7979 -31.2021 0
    endloop
  endfacet
  facet normal 0.773021 0.634381 0
    outer loop
      vertex 48.7979 -31.2021 4
      vertex 48.7979 -31.2021 0
      vertex 48.5865 -30.9445 4
    endloop
  endfacet
  facet normal 0.881912 0.471413 -0
    outer loop
      vertex 48.4294 -30.6506 0
      vertex 48.4294 -30.6506 4
      vertex 48.5865 -30.9445 0
    endloop
  endfacet
  facet normal 0.881912 0.471413 0
    outer loop
      vertex 48.5865 -30.9445 4
      vertex 48.5865 -30.9445 0
      vertex 48.4294 -30.6506 4
    endloop
  endfacet
  facet normal 0.956997 0.290099 -0
    outer loop
      vertex 48.3327 -30.3316 0
      vertex 48.3327 -30.3316 4
      vertex 48.4294 -30.6506 0
    endloop
  endfacet
  facet normal 0.956997 0.290099 0
    outer loop
      vertex 48.4294 -30.6506 4
      vertex 48.4294 -30.6506 0
      vertex 48.3327 -30.3316 4
    endloop
  endfacet
  facet normal 0.995173 0.0981368 -0
    outer loop
      vertex 48.3 -30 0
      vertex 48.3 -30 4
      vertex 48.3327 -30.3316 0
    endloop
  endfacet
  facet normal 0.995173 0.0981368 0
    outer loop
      vertex 48.3327 -30.3316 4
      vertex 48.3327 -30.3316 0
      vertex 48.3 -30 4
    endloop
  endfacet
  facet normal 0.995176 -0.0981075 0
    outer loop
      vertex 48.3327 -29.6683 0
      vertex 48.3327 -29.6683 4
      vertex 48.3 -30 0
    endloop
  endfacet
  facet normal 0.995176 -0.0981075 0
    outer loop
      vertex 48.3 -30 4
      vertex 48.3 -30 0
      vertex 48.3327 -29.6683 4
    endloop
  endfacet
  facet normal 0.956971 -0.290182 0
    outer loop
      vertex 48.4294 -29.3494 0
      vertex 48.4294 -29.3494 4
      vertex 48.3327 -29.6683 0
    endloop
  endfacet
  facet normal 0.956971 -0.290182 0
    outer loop
      vertex 48.3327 -29.6683 4
      vertex 48.3327 -29.6683 0
      vertex 48.4294 -29.3494 4
    endloop
  endfacet
  facet normal 0.881912 -0.471413 0
    outer loop
      vertex 48.5865 -29.0555 0
      vertex 48.5865 -29.0555 4
      vertex 48.4294 -29.3494 0
    endloop
  endfacet
  facet normal 0.881912 -0.471413 0
    outer loop
      vertex 48.4294 -29.3494 4
      vertex 48.4294 -29.3494 0
      vertex 48.5865 -29.0555 4
    endloop
  endfacet
  facet normal 0.773021 -0.634381 0
    outer loop
      vertex 48.7979 -28.7979 0
      vertex 48.7979 -28.7979 4
      vertex 48.5865 -29.0555 0
    endloop
  endfacet
  facet normal 0.773021 -0.634381 0
    outer loop
      vertex 48.5865 -29.0555 4
      vertex 48.5865 -29.0555 0
      vertex 48.7979 -28.7979 4
    endloop
  endfacet
  facet normal 0.634381 -0.773021 0
    outer loop
      vertex 49.0555 -28.5865 0
      vertex 49.0555 -28.5865 4
      vertex 48.7979 -28.7979 0
    endloop
  endfacet
  facet normal 0.634381 -0.773021 0
    outer loop
      vertex 48.7979 -28.7979 4
      vertex 48.7979 -28.7979 0
      vertex 49.0555 -28.5865 4
    endloop
  endfacet
  facet normal 0.471413 -0.881912 0
    outer loop
      vertex 49.3494 -28.4294 0
      vertex 49.3494 -28.4294 4
      vertex 49.0555 -28.5865 0
    endloop
  endfacet
  facet normal 0.471413 -0.881912 0
    outer loop
      vertex 49.0555 -28.5865 4
      vertex 49.0555 -28.5865 0
      vertex 49.3494 -28.4294 4
    endloop
  endfacet
  facet normal 0.290182 -0.956971 0
    outer loop
      vertex 49.6683 -28.3327 0
      vertex 49.6683 -28.3327 4
      vertex 49.3494 -28.4294 0
    endloop
  endfacet
  facet normal 0.290182 -0.956971 0
    outer loop
      vertex 49.3494 -28.4294 4
      vertex 49.3494 -28.4294 0
      vertex 49.6683 -28.3327 4
    endloop
  endfacet
  facet normal 0.0981075 -0.995176 0
    outer loop
      vertex 50 -28.3 0
      vertex 50 -28.3 4
      vertex 49.6683 -28.3327 0
    endloop
  endfacet
  facet normal 0.0981075 -0.995176 0
    outer loop
      vertex 49.6683 -28.3327 4
      vertex 49.6683 -28.3327 0
      vertex 50 -28.3 4
    endloop
  endfacet
  facet normal -0.0981368 -0.995173 0
    outer loop
      vertex 50.3316 -28.3327 0
      vertex 50.3316 -28.3327 4
      vertex 50 -28.3 0
    endloop
  endfacet
  facet normal -0.0981368 -0.995173 -0
    outer loop
      vertex 50 -28.3 4
      vertex 50 -28.3 0
      vertex 50.3316 -28.3327 4
    endloop
  endfacet
  facet normal -0.290099 -0.956997 0
    outer loop
      vertex 50.6506 -28.4294 0
      vertex 50.6506 -28.4294 4
      vertex 50.3316 -28.3327 0
    endloop
  endfacet
  facet normal -0.290099 -0.956997 -0
    outer loop
      vertex 50.3316 -28.3327 4
      vertex 50.3316 -28.3327 0
      vertex 50.6506 -28.4294 4
    endloop
  endfacet
  facet normal -0.471413 -0.881912 0
    outer loop
      vertex 50.9445 -28.5865 0
      vertex 50.9445 -28.5865 4
      vertex 50.6506 -28.4294 0
    endloop
  endfacet
  facet normal -0.471413 -0.881912 -0
    outer loop
      vertex 50.6506 -28.4294 4
      vertex 50.6506 -28.4294 0
      vertex 50.9445 -28.5865 4
    endloop
  endfacet
  facet normal -0.634381 -0.773021 0
    outer loop
      vertex 51.2021 -28.7979 0
      vertex 51.2021 -28.7979 4
      vertex 50.9445 -28.5865 0
    endloop
  endfacet
  facet normal -0.634381 -0.773021 -0
    outer loop
      vertex 50.9445 -28.5865 4
      vertex 50.9445 -28.5865 0
      vertex 51.2021 -28.7979 4
    endloop
  endfacet
  facet normal -0.773021 -0.634381 0
    outer loop
      vertex 51.4135 -29.0555 0
      vertex 51.4135 -29.0555 4
      vertex 51.2021 -28.7979 0
    endloop
  endfacet
  facet normal -0.773021 -0.634381 -0
    outer loop
      vertex 51.2021 -28.7979 4
      vertex 51.2021 -28.7979 0
      vertex 51.4135 -29.0555 4
    endloop
  endfacet
  facet normal -0.881912 -0.471413 0
    outer loop
      vertex 51.5706 -29.3494 0
      vertex 51.5706 -29.3494 4
      vertex 51.4135 -29.0555 0
    endloop
  endfacet
  facet normal -0.881912 -0.471413 -0
    outer loop
      vertex 51.4135 -29.0555 4
      vertex 51.4135 -29.0555 0
      vertex 51.5706 -29.3494 4
    endloop
  endfacet
  facet normal -0.956971 -0.290182 0
    outer loop
      vertex 51.6673 -29.6683 0
      vertex 51.6673 -29.6683 4
      vertex 51.5706 -29.3494 0
    endloop
  endfacet
  facet normal -0.956971 -0.290182 -0
    outer loop
      vertex 51.5706 -29.3494 4
      vertex 51.5706 -29.3494 0
      vertex 51.6673 -29.6683 4
    endloop
  endfacet
  facet normal -0.995176 -0.0981075 0
    outer loop
      vertex 51.7 -30 0
      vertex 51.7 -30 4
      vertex 51.6673 -29.6683 0
    endloop
  endfacet
  facet normal -0.995176 -0.0981075 -0
    outer loop
      vertex 51.6673 -29.6683 4
      vertex 51.6673 -29.6683 0
      vertex 51.7 -30 4
    endloop
  endfacet
  facet normal -0.995173 0.0981368 0
    outer loop
      vertex 51.6673 -30.3316 0
      vertex 51.6673 -30.3316 4
      vertex 51.7 -30 0
    endloop
  endfacet
  facet normal -0.995173 0.0981368 0
    outer loop
      vertex 51.7 -30 4
      vertex 51.7 -30 0
      vertex 51.6673 -30.3316 4
    endloop
  endfacet
  facet normal -0.956997 0.290099 0
    outer loop
      vertex 51.5706 -30.6506 0
      vertex 51.5706 -30.6506 4
      vertex 51.6673 -30.3316 0
    endloop
  endfacet
  facet normal -0.956997 0.290099 0
    outer loop
      vertex 51.6673 -30.3316 4
      vertex 51.6673 -30.3316 0
      vertex 51.5706 -30.6506 4
    endloop
  endfacet
  facet normal -0.881912 0.471413 0
    outer loop
      vertex 51.4135 -30.9445 0
      vertex 51.4135 -30.9445 4
      vertex 51.5706 -30.6506 0
    endloop
  endfacet
  facet normal -0.881912 0.471413 0
    outer loop
      vertex 51.5706 -30.6506 4
      vertex 51.5706 -30.6506 0
      vertex 51.4135 -30.9445 4
    endloop
  endfacet
  facet normal -0.773021 0.634381 0
    outer loop
      vertex 51.2021 -31.2021 0
      vertex 51.2021 -31.2021 4
      vertex 51.4135 -30.9445 0
    endloop
  endfacet
  facet normal -0.773021 0.634381 0
    outer loop
      vertex 51.4135 -30.9445 4
      vertex 51.4135 -30.9445 0
      vertex 51.2021 -31.2021 4
    endloop
  endfacet
  facet normal -0.634381 0.773021 0
    outer loop
      vertex 50.9445 -31.4135 0
      vertex 50.9445 -31.4135 4
      vertex 51.2021 -31.2021 0
    endloop
  endfacet
  facet normal -0.634381 0.773021 0
    outer loop
      vertex 51.2021 -31.2021 4
      vertex 51.2021 -31.2021 0
      vertex 50.9445 -31.4135 4
    endloop
  endfacet
  facet normal -0.471413 0.881912 0
    outer loop
      vertex 50.6506 -31.5706 0
      vertex 50.6506 -31.5706 4
      vertex 50.9445 -31.4135 0
    endloop
  endfacet
  facet normal -0.471413 0.881912 0
    outer loop
      vertex 50.9445 -31.4135 4
      vertex 50.9445 -31.4135 0
      vertex 50.6506 -31.5706 4
    endloop
  endfacet
  facet normal -0.290099 0.956997 0
    outer loop
      vertex 50.3316 -31.6673 0
      vertex 50.3316 -31.6673 4
      vertex 50.6506 -31.5706 0
    endloop
  endfacet
  facet normal -0.290099 0.956997 0
    outer loop
      vertex 50.6506 -31.5706 4
      vertex 50.6506 -31.5706 0
      vertex 50.3316 -31.6673 4
    endloop
  endfacet
  facet normal -0.0981368 0.995173 0
    outer loop
      vertex 50 -31.7 0
      vertex 50 -31.7 4
      vertex 50.3316 -31.6673 0
    endloop
  endfacet
  facet normal -0.0981368 0.995173 0
    outer loop
      vertex 50.3316 -31.6673 4
      vertex 50.3316 -31.6673 0
      vertex 50 -31.7 4
    endloop
  endfacet
  facet normal 0.0981075 0.995176 -0
    outer loop
      vertex 49.6683 -31.6673 0
      vertex 49.6683 -31.6673 4
      vertex 50 -31.7 0
    endloop
  endfacet
  facet normal 0.0981075 0.995176 0
    outer loop
      vertex 50 -31.7 4
      vertex 50 -31.7 0
      vertex 49.6683 -31.6673 4
    endloop
  endfacet
  facet normal 0.290099 0.956997 -0
    outer loop
      vertex 109.349 -61.5706 0
      vertex 109.349 -61.5706 4
      vertex 109.668 -61.6673 0
    endloop
  endfacet
  facet normal 0.290099 0.956997 0
    outer loop
      vertex 109.668 -61.6673 4
      vertex 109.668 -61.6673 0
      vertex 109.349 -61.5706 4
    endloop
  endfacet
  facet normal 0.472539 0.88131 -0
    outer loop
      vertex 109.056 -61.4135 0
      vertex 109.056 -61.4135 4
      vertex 109.349 -61.5706 0
    endloop
  endfacet
  facet normal 0.472539 0.88131 0
    outer loop
      vertex 109.349 -61.5706 4
      vertex 109.349 -61.5706 0
      vertex 109.056 -61.4135 4
    endloop
  endfacet
  facet normal 0.633793 0.773503 -0
    outer loop
      vertex 108.798 -61.2021 0
      vertex 108.798 -61.2021 4
      vertex 109.056 -61.4135 0
    endloop
  endfacet
  facet normal 0.633793 0.773503 0
    outer loop
      vertex 109.056 -61.4135 4
      vertex 109.056 -61.4135 0
      vertex 108.798 -61.2021 4
    endloop
  endfacet
  facet normal 0.772138 0.635455 -0
    outer loop
      vertex 108.586 -60.9445 0
      vertex 108.586 -60.9445 4
      vertex 108.798 -61.2021 0
    endloop
  endfacet
  facet normal 0.772138 0.635455 0
    outer loop
      vertex 108.798 -61.2021 4
      vertex 108.798 -61.2021 0
      vertex 108.586 -60.9445 4
    endloop
  endfacet
  facet normal 0.882037 0.47118 -0
    outer loop
      vertex 108.429 -60.6506 0
      vertex 108.429 -60.6506 4
      vertex 108.586 -60.9445 0
    endloop
  endfacet
  facet normal 0.882037 0.47118 0
    outer loop
      vertex 108.586 -60.9445 4
      vertex 108.586 -60.9445 0
      vertex 108.429 -60.6506 4
    endloop
  endfacet
  facet normal 0.957578 0.288174 -0
    outer loop
      vertex 108.333 -60.3316 0
      vertex 108.333 -60.3316 4
      vertex 108.429 -60.6506 0
    endloop
  endfacet
  facet normal 0.957578 0.288174 0
    outer loop
      vertex 108.429 -60.6506 4
      vertex 108.429 -60.6506 0
      vertex 108.333 -60.3316 4
    endloop
  endfacet
  facet normal 0.995085 0.0990283 -0
    outer loop
      vertex 108.3 -60 0
      vertex 108.3 -60 4
      vertex 108.333 -60.3316 0
    endloop
  endfacet
  facet normal 0.995085 0.0990283 0
    outer loop
      vertex 108.333 -60.3316 4
      vertex 108.333 -60.3316 0
      vertex 108.3 -60 4
    endloop
  endfacet
  facet normal 0.995088 -0.0989988 0
    outer loop
      vertex 108.333 -59.6683 0
      vertex 108.333 -59.6683 4
      vertex 108.3 -60 0
    endloop
  endfacet
  facet normal 0.995088 -0.0989988 0
    outer loop
      vertex 108.3 -60 4
      vertex 108.3 -60 0
      vertex 108.333 -59.6683 4
    endloop
  endfacet
  facet normal 0.957553 -0.288257 0
    outer loop
      vertex 108.429 -59.3494 0
      vertex 108.429 -59.3494 4
      vertex 108.333 -59.6683 0
    endloop
  endfacet
  facet normal 0.957553 -0.288257 0
    outer loop
      vertex 108.333 -59.6683 4
      vertex 108.333 -59.6683 0
      vertex 108.429 -59.3494 4
    endloop
  endfacet
  facet normal 0.882037 -0.47118 0
    outer loop
      vertex 108.586 -59.0555 0
      vertex 108.586 -59.0555 4
      vertex 108.429 -59.3494 0
    endloop
  endfacet
  facet normal 0.882037 -0.47118 0
    outer loop
      vertex 108.429 -59.3494 4
      vertex 108.429 -59.3494 0
      vertex 108.586 -59.0555 4
    endloop
  endfacet
  facet normal 0.772138 -0.635455 0
    outer loop
      vertex 108.798 -58.7979 0
      vertex 108.798 -58.7979 4
      vertex 108.586 -59.0555 0
    endloop
  endfacet
  facet normal 0.772138 -0.635455 0
    outer loop
      vertex 108.586 -59.0555 4
      vertex 108.586 -59.0555 0
      vertex 108.798 -58.7979 4
    endloop
  endfacet
  facet normal 0.633793 -0.773503 0
    outer loop
      vertex 109.056 -58.5865 0
      vertex 109.056 -58.5865 4
      vertex 108.798 -58.7979 0
    endloop
  endfacet
  facet normal 0.633793 -0.773503 0
    outer loop
      vertex 108.798 -58.7979 4
      vertex 108.798 -58.7979 0
      vertex 109.056 -58.5865 4
    endloop
  endfacet
  facet normal 0.472539 -0.88131 0
    outer loop
      vertex 109.349 -58.4294 0
      vertex 109.349 -58.4294 4
      vertex 109.056 -58.5865 0
    endloop
  endfacet
  facet normal 0.472539 -0.88131 0
    outer loop
      vertex 109.056 -58.5865 4
      vertex 109.056 -58.5865 0
      vertex 109.349 -58.4294 4
    endloop
  endfacet
  facet normal 0.290099 -0.956997 0
    outer loop
      vertex 109.668 -58.3327 0
      vertex 109.668 -58.3327 4
      vertex 109.349 -58.4294 0
    endloop
  endfacet
  facet normal 0.290099 -0.956997 0
    outer loop
      vertex 109.349 -58.4294 4
      vertex 109.349 -58.4294 0
      vertex 109.668 -58.3327 4
    endloop
  endfacet
  facet normal 0.0980197 -0.995184 0
    outer loop
      vertex 110 -58.3 0
      vertex 110 -58.3 4
      vertex 109.668 -58.3327 0
    endloop
  endfacet
  facet normal 0.0980197 -0.995184 0
    outer loop
      vertex 109.668 -58.3327 4
      vertex 109.668 -58.3327 0
      vertex 110 -58.3 4
    endloop
  endfacet
  facet normal -0.0980197 -0.995184 0
    outer loop
      vertex 110.332 -58.3327 0
      vertex 110.332 -58.3327 4
      vertex 110 -58.3 0
    endloop
  endfacet
  facet normal -0.0980197 -0.995184 -0
    outer loop
      vertex 110 -58.3 4
      vertex 110 -58.3 0
      vertex 110.332 -58.3327 4
    endloop
  endfacet
  facet normal -0.290099 -0.956997 0
    outer loop
      vertex 110.651 -58.4294 0
      vertex 110.651 -58.4294 4
      vertex 110.332 -58.3327 0
    endloop
  endfacet
  facet normal -0.290099 -0.956997 -0
    outer loop
      vertex 110.332 -58.3327 4
      vertex 110.332 -58.3327 0
      vertex 110.651 -58.4294 4
    endloop
  endfacet
  facet normal -0.472539 -0.88131 0
    outer loop
      vertex 110.944 -58.5865 0
      vertex 110.944 -58.5865 4
      vertex 110.651 -58.4294 0
    endloop
  endfacet
  facet normal -0.472539 -0.88131 -0
    outer loop
      vertex 110.651 -58.4294 4
      vertex 110.651 -58.4294 0
      vertex 110.944 -58.5865 4
    endloop
  endfacet
  facet normal -0.633793 -0.773503 0
    outer loop
      vertex 111.202 -58.7979 0
      vertex 111.202 -58.7979 4
      vertex 110.944 -58.5865 0
    endloop
  endfacet
  facet normal -0.633793 -0.773503 -0
    outer loop
      vertex 110.944 -58.5865 4
      vertex 110.944 -58.5865 0
      vertex 111.202 -58.7979 4
    endloop
  endfacet
  facet normal -0.773609 -0.633663 0
    outer loop
      vertex 111.413 -59.0555 0
      vertex 111.413 -59.0555 4
      vertex 111.202 -58.7979 0
    endloop
  endfacet
  facet normal -0.773609 -0.633663 -0
    outer loop
      vertex 111.202 -58.7979 4
      vertex 111.202 -58.7979 0
      vertex 111.413 -59.0555 4
    endloop
  endfacet
  facet normal -0.880788 -0.47351 0
    outer loop
      vertex 111.571 -59.3494 0
      vertex 111.571 -59.3494 4
      vertex 111.413 -59.0555 0
    endloop
  endfacet
  facet normal -0.880788 -0.47351 -0
    outer loop
      vertex 111.413 -59.0555 4
      vertex 111.413 -59.0555 0
      vertex 111.571 -59.3494 4
    endloop
  endfacet
  facet normal -0.957553 -0.288257 0
    outer loop
      vertex 111.667 -59.6683 0
      vertex 111.667 -59.6683 4
      vertex 111.571 -59.3494 0
    endloop
  endfacet
  facet normal -0.957553 -0.288257 -0
    outer loop
      vertex 111.571 -59.3494 4
      vertex 111.571 -59.3494 0
      vertex 111.667 -59.6683 4
    endloop
  endfacet
  facet normal -0.995088 -0.0989988 0
    outer loop
      vertex 111.7 -60 0
      vertex 111.7 -60 4
      vertex 111.667 -59.6683 0
    endloop
  endfacet
  facet normal -0.995088 -0.0989988 -0
    outer loop
      vertex 111.667 -59.6683 4
      vertex 111.667 -59.6683 0
      vertex 111.7 -60 4
    endloop
  endfacet
  facet normal -0.995085 0.0990283 0
    outer loop
      vertex 111.667 -60.3316 0
      vertex 111.667 -60.3316 4
      vertex 111.7 -60 0
    endloop
  endfacet
  facet normal -0.995085 0.0990283 0
    outer loop
      vertex 111.7 -60 4
      vertex 111.7 -60 0
      vertex 111.667 -60.3316 4
    endloop
  endfacet
  facet normal -0.957578 0.288174 0
    outer loop
      vertex 111.571 -60.6506 0
      vertex 111.571 -60.6506 4
      vertex 111.667 -60.3316 0
    endloop
  endfacet
  facet normal -0.957578 0.288174 0
    outer loop
      vertex 111.667 -60.3316 4
      vertex 111.667 -60.3316 0
      vertex 111.571 -60.6506 4
    endloop
  endfacet
  facet normal -0.880788 0.47351 0
    outer loop
      vertex 111.413 -60.9445 0
      vertex 111.413 -60.9445 4
      vertex 111.571 -60.6506 0
    endloop
  endfacet
  facet normal -0.880788 0.47351 0
    outer loop
      vertex 111.571 -60.6506 4
      vertex 111.571 -60.6506 0
      vertex 111.413 -60.9445 4
    endloop
  endfacet
  facet normal -0.773609 0.633663 0
    outer loop
      vertex 111.202 -61.2021 0
      vertex 111.202 -61.2021 4
      vertex 111.413 -60.9445 0
    endloop
  endfacet
  facet normal -0.773609 0.633663 0
    outer loop
      vertex 111.413 -60.9445 4
      vertex 111.413 -60.9445 0
      vertex 111.202 -61.2021 4
    endloop
  endfacet
  facet normal -0.633793 0.773503 0
    outer loop
      vertex 110.944 -61.4135 0
      vertex 110.944 -61.4135 4
      vertex 111.202 -61.2021 0
    endloop
  endfacet
  facet normal -0.633793 0.773503 0
    outer loop
      vertex 111.202 -61.2021 4
      vertex 111.202 -61.2021 0
      vertex 110.944 -61.4135 4
    endloop
  endfacet
  facet normal -0.472539 0.88131 0
    outer loop
      vertex 110.651 -61.5706 0
      vertex 110.651 -61.5706 4
      vertex 110.944 -61.4135 0
    endloop
  endfacet
  facet normal -0.472539 0.88131 0
    outer loop
      vertex 110.944 -61.4135 4
      vertex 110.944 -61.4135 0
      vertex 110.651 -61.5706 4
    endloop
  endfacet
  facet normal -0.290099 0.956997 0
    outer loop
      vertex 110.332 -61.6673 0
      vertex 110.332 -61.6673 4
      vertex 110.651 -61.5706 0
    endloop
  endfacet
  facet normal -0.290099 0.956997 0
    outer loop
      vertex 110.651 -61.5706 4
      vertex 110.651 -61.5706 0
      vertex 110.332 -61.6673 4
    endloop
  endfacet
  facet normal -0.0980197 0.995184 0
    outer loop
      vertex 110 -61.7 0
      vertex 110 -61.7 4
      vertex 110.332 -61.6673 0
    endloop
  endfacet
  facet normal -0.0980197 0.995184 0
    outer loop
      vertex 110.332 -61.6673 4
      vertex 110.332 -61.6673 0
      vertex 110 -61.7 4
    endloop
  endfacet
  facet normal 0.0980197 0.995184 -0
    outer loop
      vertex 109.668 -61.6673 0
      vertex 109.668 -61.6673 4
      vertex 110 -61.7 0
    endloop
  endfacet
  facet normal 0.0980197 0.995184 0
    outer loop
      vertex 110 -61.7 4
      vertex 110 -61.7 0
      vertex 109.668 -61.6673 4
    endloop
  endfacet
  facet normal 0.290099 0.956997 -0
    outer loop
      vertex -110.651 -61.5706 0
      vertex -110.651 -61.5706 4
      vertex -110.332 -61.6673 0
    endloop
  endfacet
  facet normal 0.290099 0.956997 0
    outer loop
      vertex -110.332 -61.6673 4
      vertex -110.332 -61.6673 0
      vertex -110.651 -61.5706 4
    endloop
  endfacet
  facet normal 0.472539 0.88131 -0
    outer loop
      vertex -110.944 -61.4135 0
      vertex -110.944 -61.4135 4
      vertex -110.651 -61.5706 0
    endloop
  endfacet
  facet normal 0.472539 0.88131 0
    outer loop
      vertex -110.651 -61.5706 4
      vertex -110.651 -61.5706 0
      vertex -110.944 -61.4135 4
    endloop
  endfacet
  facet normal 0.633793 0.773503 -0
    outer loop
      vertex -111.202 -61.2021 0
      vertex -111.202 -61.2021 4
      vertex -110.944 -61.4135 0
    endloop
  endfacet
  facet normal 0.633793 0.773503 0
    outer loop
      vertex -110.944 -61.4135 4
      vertex -110.944 -61.4135 0
      vertex -111.202 -61.2021 4
    endloop
  endfacet
  facet normal 0.773609 0.633663 -0
    outer loop
      vertex -111.413 -60.9445 0
      vertex -111.413 -60.9445 4
      vertex -111.202 -61.2021 0
    endloop
  endfacet
  facet normal 0.773609 0.633663 0
    outer loop
      vertex -111.202 -61.2021 4
      vertex -111.202 -61.2021 0
      vertex -111.413 -60.9445 4
    endloop
  endfacet
  facet normal 0.880788 0.47351 -0
    outer loop
      vertex -111.571 -60.6506 0
      vertex -111.571 -60.6506 4
      vertex -111.413 -60.9445 0
    endloop
  endfacet
  facet normal 0.880788 0.47351 0
    outer loop
      vertex -111.413 -60.9445 4
      vertex -111.413 -60.9445 0
      vertex -111.571 -60.6506 4
    endloop
  endfacet
  facet normal 0.957578 0.288174 -0
    outer loop
      vertex -111.667 -60.3316 0
      vertex -111.667 -60.3316 4
      vertex -111.571 -60.6506 0
    endloop
  endfacet
  facet normal 0.957578 0.288174 0
    outer loop
      vertex -111.571 -60.6506 4
      vertex -111.571 -60.6506 0
      vertex -111.667 -60.3316 4
    endloop
  endfacet
  facet normal 0.995085 0.0990283 -0
    outer loop
      vertex -111.7 -60 0
      vertex -111.7 -60 4
      vertex -111.667 -60.3316 0
    endloop
  endfacet
  facet normal 0.995085 0.0990283 0
    outer loop
      vertex -111.667 -60.3316 4
      vertex -111.667 -60.3316 0
      vertex -111.7 -60 4
    endloop
  endfacet
  facet normal 0.995088 -0.0989988 0
    outer loop
      vertex -111.667 -59.6683 0
      vertex -111.667 -59.6683 4
      vertex -111.7 -60 0
    endloop
  endfacet
  facet normal 0.995088 -0.0989988 0
    outer loop
      vertex -111.7 -60 4
      vertex -111.7 -60 0
      vertex -111.667 -59.6683 4
    endloop
  endfacet
  facet normal 0.957553 -0.288257 0
    outer loop
      vertex -111.571 -59.3494 0
      vertex -111.571 -59.3494 4
      vertex -111.667 -59.6683 0
    endloop
  endfacet
  facet normal 0.957553 -0.288257 0
    outer loop
      vertex -111.667 -59.6683 4
      vertex -111.667 -59.6683 0
      vertex -111.571 -59.3494 4
    endloop
  endfacet
  facet normal 0.880788 -0.47351 0
    outer loop
      vertex -111.413 -59.0555 0
      vertex -111.413 -59.0555 4
      vertex -111.571 -59.3494 0
    endloop
  endfacet
  facet normal 0.880788 -0.47351 0
    outer loop
      vertex -111.571 -59.3494 4
      vertex -111.571 -59.3494 0
      vertex -111.413 -59.0555 4
    endloop
  endfacet
  facet normal 0.773609 -0.633663 0
    outer loop
      vertex -111.202 -58.7979 0
      vertex -111.202 -58.7979 4
      vertex -111.413 -59.0555 0
    endloop
  endfacet
  facet normal 0.773609 -0.633663 0
    outer loop
      vertex -111.413 -59.0555 4
      vertex -111.413 -59.0555 0
      vertex -111.202 -58.7979 4
    endloop
  endfacet
  facet normal 0.633793 -0.773503 0
    outer loop
      vertex -110.944 -58.5865 0
      vertex -110.944 -58.5865 4
      vertex -111.202 -58.7979 0
    endloop
  endfacet
  facet normal 0.633793 -0.773503 0
    outer loop
      vertex -111.202 -58.7979 4
      vertex -111.202 -58.7979 0
      vertex -110.944 -58.5865 4
    endloop
  endfacet
  facet normal 0.472539 -0.88131 0
    outer loop
      vertex -110.651 -58.4294 0
      vertex -110.651 -58.4294 4
      vertex -110.944 -58.5865 0
    endloop
  endfacet
  facet normal 0.472539 -0.88131 0
    outer loop
      vertex -110.944 -58.5865 4
      vertex -110.944 -58.5865 0
      vertex -110.651 -58.4294 4
    endloop
  endfacet
  facet normal 0.290099 -0.956997 0
    outer loop
      vertex -110.332 -58.3327 0
      vertex -110.332 -58.3327 4
      vertex -110.651 -58.4294 0
    endloop
  endfacet
  facet normal 0.290099 -0.956997 0
    outer loop
      vertex -110.651 -58.4294 4
      vertex -110.651 -58.4294 0
      vertex -110.332 -58.3327 4
    endloop
  endfacet
  facet normal 0.0980197 -0.995184 0
    outer loop
      vertex -110 -58.3 0
      vertex -110 -58.3 4
      vertex -110.332 -58.3327 0
    endloop
  endfacet
  facet normal 0.0980197 -0.995184 0
    outer loop
      vertex -110.332 -58.3327 4
      vertex -110.332 -58.3327 0
      vertex -110 -58.3 4
    endloop
  endfacet
  facet normal -0.0980197 -0.995184 0
    outer loop
      vertex -109.668 -58.3327 0
      vertex -109.668 -58.3327 4
      vertex -110 -58.3 0
    endloop
  endfacet
  facet normal -0.0980197 -0.995184 -0
    outer loop
      vertex -110 -58.3 4
      vertex -110 -58.3 0
      vertex -109.668 -58.3327 4
    endloop
  endfacet
  facet normal -0.290099 -0.956997 0
    outer loop
      vertex -109.349 -58.4294 0
      vertex -109.349 -58.4294 4
      vertex -109.668 -58.3327 0
    endloop
  endfacet
  facet normal -0.290099 -0.956997 -0
    outer loop
      vertex -109.668 -58.3327 4
      vertex -109.668 -58.3327 0
      vertex -109.349 -58.4294 4
    endloop
  endfacet
  facet normal -0.472539 -0.88131 0
    outer loop
      vertex -109.056 -58.5865 0
      vertex -109.056 -58.5865 4
      vertex -109.349 -58.4294 0
    endloop
  endfacet
  facet normal -0.472539 -0.88131 -0
    outer loop
      vertex -109.349 -58.4294 4
      vertex -109.349 -58.4294 0
      vertex -109.056 -58.5865 4
    endloop
  endfacet
  facet normal -0.633793 -0.773503 0
    outer loop
      vertex -108.798 -58.7979 0
      vertex -108.798 -58.7979 4
      vertex -109.056 -58.5865 0
    endloop
  endfacet
  facet normal -0.633793 -0.773503 -0
    outer loop
      vertex -109.056 -58.5865 4
      vertex -109.056 -58.5865 0
      vertex -108.798 -58.7979 4
    endloop
  endfacet
  facet normal -0.772138 -0.635455 0
    outer loop
      vertex -108.586 -59.0555 0
      vertex -108.586 -59.0555 4
      vertex -108.798 -58.7979 0
    endloop
  endfacet
  facet normal -0.772138 -0.635455 -0
    outer loop
      vertex -108.798 -58.7979 4
      vertex -108.798 -58.7979 0
      vertex -108.586 -59.0555 4
    endloop
  endfacet
  facet normal -0.882037 -0.47118 0
    outer loop
      vertex -108.429 -59.3494 0
      vertex -108.429 -59.3494 4
      vertex -108.586 -59.0555 0
    endloop
  endfacet
  facet normal -0.882037 -0.47118 -0
    outer loop
      vertex -108.586 -59.0555 4
      vertex -108.586 -59.0555 0
      vertex -108.429 -59.3494 4
    endloop
  endfacet
  facet normal -0.957553 -0.288257 0
    outer loop
      vertex -108.333 -59.6683 0
      vertex -108.333 -59.6683 4
      vertex -108.429 -59.3494 0
    endloop
  endfacet
  facet normal -0.957553 -0.288257 -0
    outer loop
      vertex -108.429 -59.3494 4
      vertex -108.429 -59.3494 0
      vertex -108.333 -59.6683 4
    endloop
  endfacet
  facet normal -0.995088 -0.0989988 0
    outer loop
      vertex -108.3 -60 0
      vertex -108.3 -60 4
      vertex -108.333 -59.6683 0
    endloop
  endfacet
  facet normal -0.995088 -0.0989988 -0
    outer loop
      vertex -108.333 -59.6683 4
      vertex -108.333 -59.6683 0
      vertex -108.3 -60 4
    endloop
  endfacet
  facet normal -0.995085 0.0990283 0
    outer loop
      vertex -108.333 -60.3316 0
      vertex -108.333 -60.3316 4
      vertex -108.3 -60 0
    endloop
  endfacet
  facet normal -0.995085 0.0990283 0
    outer loop
      vertex -108.3 -60 4
      vertex -108.3 -60 0
      vertex -108.333 -60.3316 4
    endloop
  endfacet
  facet normal -0.957578 0.288174 0
    outer loop
      vertex -108.429 -60.6506 0
      vertex -108.429 -60.6506 4
      vertex -108.333 -60.3316 0
    endloop
  endfacet
  facet normal -0.957578 0.288174 0
    outer loop
      vertex -108.333 -60.3316 4
      vertex -108.333 -60.3316 0
      vertex -108.429 -60.6506 4
    endloop
  endfacet
  facet normal -0.882037 0.47118 0
    outer loop
      vertex -108.586 -60.9445 0
      vertex -108.586 -60.9445 4
      vertex -108.429 -60.6506 0
    endloop
  endfacet
  facet normal -0.882037 0.47118 0
    outer loop
      vertex -108.429 -60.6506 4
      vertex -108.429 -60.6506 0
      vertex -108.586 -60.9445 4
    endloop
  endfacet
  facet normal -0.772138 0.635455 0
    outer loop
      vertex -108.798 -61.2021 0
      vertex -108.798 -61.2021 4
      vertex -108.586 -60.9445 0
    endloop
  endfacet
  facet normal -0.772138 0.635455 0
    outer loop
      vertex -108.586 -60.9445 4
      vertex -108.586 -60.9445 0
      vertex -108.798 -61.2021 4
    endloop
  endfacet
  facet normal -0.633793 0.773503 0
    outer loop
      vertex -109.056 -61.4135 0
      vertex -109.056 -61.4135 4
      vertex -108.798 -61.2021 0
    endloop
  endfacet
  facet normal -0.633793 0.773503 0
    outer loop
      vertex -108.798 -61.2021 4
      vertex -108.798 -61.2021 0
      vertex -109.056 -61.4135 4
    endloop
  endfacet
  facet normal -0.472539 0.88131 0
    outer loop
      vertex -109.349 -61.5706 0
      vertex -109.349 -61.5706 4
      vertex -109.056 -61.4135 0
    endloop
  endfacet
  facet normal -0.472539 0.88131 0
    outer loop
      vertex -109.056 -61.4135 4
      vertex -109.056 -61.4135 0
      vertex -109.349 -61.5706 4
    endloop
  endfacet
  facet normal -0.290099 0.956997 0
    outer loop
      vertex -109.668 -61.6673 0
      vertex -109.668 -61.6673 4
      vertex -109.349 -61.5706 0
    endloop
  endfacet
  facet normal -0.290099 0.956997 0
    outer loop
      vertex -109.349 -61.5706 4
      vertex -109.349 -61.5706 0
      vertex -109.668 -61.6673 4
    endloop
  endfacet
  facet normal -0.0980197 0.995184 0
    outer loop
      vertex -110 -61.7 0
      vertex -110 -61.7 4
      vertex -109.668 -61.6673 0
    endloop
  endfacet
  facet normal -0.0980197 0.995184 0
    outer loop
      vertex -109.668 -61.6673 4
      vertex -109.668 -61.6673 0
      vertex -110 -61.7 4
    endloop
  endfacet
  facet normal 0.0980197 0.995184 -0
    outer loop
      vertex -110.332 -61.6673 0
      vertex -110.332 -61.6673 4
      vertex -110 -61.7 0
    endloop
  endfacet
  facet normal 0.0980197 0.995184 0
    outer loop
      vertex -110 -61.7 4
      vertex -110 -61.7 0
      vertex -110.332 -61.6673 4
    endloop
  endfacet
  facet normal 0.0785993 0.996906 -0
    outer loop
      vertex 61.7715 -63.0741 0
      vertex 61.7715 -63.0741 4
      vertex 62.1 -63.1 0
    endloop
  endfacet
  facet normal 0.0785993 0.996906 0
    outer loop
      vertex 62.1 -63.1 4
      vertex 62.1 -63.1 0
      vertex 61.7715 -63.0741 4
    endloop
  endfacet
  facet normal 0.233316 0.972401 -0
    outer loop
      vertex 61.451 -62.9972 0
      vertex 61.451 -62.9972 4
      vertex 61.7715 -63.0741 0
    endloop
  endfacet
  facet normal 0.233316 0.972401 0
    outer loop
      vertex 61.7715 -63.0741 4
      vertex 61.7715 -63.0741 0
      vertex 61.451 -62.9972 4
    endloop
  endfacet
  facet normal 0.382718 0.923865 -0
    outer loop
      vertex 61.1466 -62.8711 0
      vertex 61.1466 -62.8711 4
      vertex 61.451 -62.9972 0
    endloop
  endfacet
  facet normal 0.382718 0.923865 0
    outer loop
      vertex 61.451 -62.9972 4
      vertex 61.451 -62.9972 0
      vertex 61.1466 -62.8711 4
    endloop
  endfacet
  facet normal 0.522505 0.852636 -0
    outer loop
      vertex 60.8656 -62.6989 0
      vertex 60.8656 -62.6989 4
      vertex 61.1466 -62.8711 0
    endloop
  endfacet
  facet normal 0.522505 0.852636 0
    outer loop
      vertex 61.1466 -62.8711 4
      vertex 61.1466 -62.8711 0
      vertex 60.8656 -62.6989 4
    endloop
  endfacet
  facet normal 0.649541 0.760327 -0
    outer loop
      vertex 60.6151 -62.4849 0
      vertex 60.6151 -62.4849 4
      vertex 60.8656 -62.6989 0
    endloop
  endfacet
  facet normal 0.649541 0.760327 0
    outer loop
      vertex 60.8656 -62.6989 4
      vertex 60.8656 -62.6989 0
      vertex 60.6151 -62.4849 4
    endloop
  endfacet
  facet normal 0.760455 0.649391 -0
    outer loop
      vertex 60.4011 -62.2343 0
      vertex 60.4011 -62.2343 4
      vertex 60.6151 -62.4849 0
    endloop
  endfacet
  facet normal 0.760455 0.649391 0
    outer loop
      vertex 60.6151 -62.4849 4
      vertex 60.6151 -62.4849 0
      vertex 60.4011 -62.2343 4
    endloop
  endfacet
  facet normal 0.852553 0.52264 -0
    outer loop
      vertex 60.2289 -61.9534 0
      vertex 60.2289 -61.9534 4
      vertex 60.4011 -62.2343 0
    endloop
  endfacet
  facet normal 0.852553 0.52264 0
    outer loop
      vertex 60.4011 -62.2343 4
      vertex 60.4011 -62.2343 0
      vertex 60.2289 -61.9534 4
    endloop
  endfacet
  facet normal 0.92391 0.382611 -0
    outer loop
      vertex 60.1028 -61.6489 0
      vertex 60.1028 -61.6489 4
      vertex 60.2289 -61.9534 0
    endloop
  endfacet
  facet normal 0.92391 0.382611 0
    outer loop
      vertex 60.2289 -61.9534 4
      vertex 60.2289 -61.9534 0
      vertex 60.1028 -61.6489 4
    endloop
  endfacet
  facet normal 0.972316 0.233671 -0
    outer loop
      vertex 60.0258 -61.3285 0
      vertex 60.0258 -61.3285 4
      vertex 60.1028 -61.6489 0
    endloop
  endfacet
  facet normal 0.972316 0.233671 0
    outer loop
      vertex 60.1028 -61.6489 4
      vertex 60.1028 -61.6489 0
      vertex 60.0258 -61.3285 4
    endloop
  endfacet
  facet normal 0.99693 0.0782977 -0
    outer loop
      vertex 60 -61 0
      vertex 60 -61 4
      vertex 60.0258 -61.3285 0
    endloop
  endfacet
  facet normal 0.99693 0.0782977 0
    outer loop
      vertex 60.0258 -61.3285 4
      vertex 60.0258 -61.3285 0
      vertex 60 -61 4
    endloop
  endfacet
  facet normal 0.99693 -0.0782977 0
    outer loop
      vertex 60.0258 -60.6715 0
      vertex 60.0258 -60.6715 4
      vertex 60 -61 0
    endloop
  endfacet
  facet normal 0.99693 -0.0782977 0
    outer loop
      vertex 60 -61 4
      vertex 60 -61 0
      vertex 60.0258 -60.6715 4
    endloop
  endfacet
  facet normal 0.972316 -0.233671 0
    outer loop
      vertex 60.1028 -60.3511 0
      vertex 60.1028 -60.3511 4
      vertex 60.0258 -60.6715 0
    endloop
  endfacet
  facet normal 0.972316 -0.233671 0
    outer loop
      vertex 60.0258 -60.6715 4
      vertex 60.0258 -60.6715 0
      vertex 60.1028 -60.3511 4
    endloop
  endfacet
  facet normal 0.92391 -0.382611 0
    outer loop
      vertex 60.2289 -60.0466 0
      vertex 60.2289 -60.0466 4
      vertex 60.1028 -60.3511 0
    endloop
  endfacet
  facet normal 0.92391 -0.382611 0
    outer loop
      vertex 60.1028 -60.3511 4
      vertex 60.1028 -60.3511 0
      vertex 60.2289 -60.0466 4
    endloop
  endfacet
  facet normal 0.852636 -0.522505 0
    outer loop
      vertex 60.4011 -59.7656 0
      vertex 60.4011 -59.7656 4
      vertex 60.2289 -60.0466 0
    endloop
  endfacet
  facet normal 0.852636 -0.522505 0
    outer loop
      vertex 60.2289 -60.0466 4
      vertex 60.2289 -60.0466 0
      vertex 60.4011 -59.7656 4
    endloop
  endfacet
  facet normal 0.760327 -0.649541 0
    outer loop
      vertex 60.6151 -59.5151 0
      vertex 60.6151 -59.5151 4
      vertex 60.4011 -59.7656 0
    endloop
  endfacet
  facet normal 0.760327 -0.649541 0
    outer loop
      vertex 60.4011 -59.7656 4
      vertex 60.4011 -59.7656 0
      vertex 60.6151 -59.5151 4
    endloop
  endfacet
  facet normal 0.649541 -0.760327 0
    outer loop
      vertex 60.8656 -59.3011 0
      vertex 60.8656 -59.3011 4
      vertex 60.6151 -59.5151 0
    endloop
  endfacet
  facet normal 0.649541 -0.760327 0
    outer loop
      vertex 60.6151 -59.5151 4
      vertex 60.6151 -59.5151 0
      vertex 60.8656 -59.3011 4
    endloop
  endfacet
  facet normal 0.522505 -0.852636 0
    outer loop
      vertex 61.1466 -59.1289 0
      vertex 61.1466 -59.1289 4
      vertex 60.8656 -59.3011 0
    endloop
  endfacet
  facet normal 0.522505 -0.852636 0
    outer loop
      vertex 60.8656 -59.3011 4
      vertex 60.8656 -59.3011 0
      vertex 61.1466 -59.1289 4
    endloop
  endfacet
  facet normal 0.382718 -0.923865 0
    outer loop
      vertex 61.451 -59.0028 0
      vertex 61.451 -59.0028 4
      vertex 61.1466 -59.1289 0
    endloop
  endfacet
  facet normal 0.382718 -0.923865 0
    outer loop
      vertex 61.1466 -59.1289 4
      vertex 61.1466 -59.1289 0
      vertex 61.451 -59.0028 4
    endloop
  endfacet
  facet normal 0.233602 -0.972332 0
    outer loop
      vertex 61.7715 -58.9258 0
      vertex 61.7715 -58.9258 4
      vertex 61.451 -59.0028 0
    endloop
  endfacet
  facet normal 0.233602 -0.972332 0
    outer loop
      vertex 61.451 -59.0028 4
      vertex 61.451 -59.0028 0
      vertex 61.7715 -58.9258 4
    endloop
  endfacet
  facet normal 0.0782977 -0.99693 0
    outer loop
      vertex 62.1 -58.9 0
      vertex 62.1 -58.9 4
      vertex 61.7715 -58.9258 0
    endloop
  endfacet
  facet normal 0.0782977 -0.99693 0
    outer loop
      vertex 61.7715 -58.9258 4
      vertex 61.7715 -58.9258 0
      vertex 62.1 -58.9 4
    endloop
  endfacet
  facet normal 0 -1 0
    outer loop
      vertex 81.9 -58.9 0
      vertex 81.9 -58.9 4
      vertex 62.1 -58.9 0
    endloop
  endfacet
  facet normal 0 -1 0
    outer loop
      vertex 62.1 -58.9 4
      vertex 62.1 -58.9 0
      vertex 81.9 -58.9 4
    endloop
  endfacet
  facet normal -0.0782977 -0.99693 0
    outer loop
      vertex 82.2285 -58.9258 0
      vertex 82.2285 -58.9258 4
      vertex 81.9 -58.9 0
    endloop
  endfacet
  facet normal -0.0782977 -0.99693 -0
    outer loop
      vertex 81.9 -58.9 4
      vertex 81.9 -58.9 0
      vertex 82.2285 -58.9258 4
    endloop
  endfacet
  facet normal -0.233671 -0.972316 0
    outer loop
      vertex 82.5489 -59.0028 0
      vertex 82.5489 -59.0028 4
      vertex 82.2285 -58.9258 0
    endloop
  endfacet
  facet normal -0.233671 -0.972316 -0
    outer loop
      vertex 82.2285 -58.9258 4
      vertex 82.2285 -58.9258 0
      vertex 82.5489 -59.0028 4
    endloop
  endfacet
  facet normal -0.382611 -0.92391 0
    outer loop
      vertex 82.8534 -59.1289 0
      vertex 82.8534 -59.1289 4
      vertex 82.5489 -59.0028 0
    endloop
  endfacet
  facet normal -0.382611 -0.92391 -0
    outer loop
      vertex 82.5489 -59.0028 4
      vertex 82.5489 -59.0028 0
      vertex 82.8534 -59.1289 4
    endloop
  endfacet
  facet normal -0.52264 -0.852553 0
    outer loop
      vertex 83.1343 -59.3011 0
      vertex 83.1343 -59.3011 4
      vertex 82.8534 -59.1289 0
    endloop
  endfacet
  facet normal -0.52264 -0.852553 -0
    outer loop
      vertex 82.8534 -59.1289 4
      vertex 82.8534 -59.1289 0
      vertex 83.1343 -59.3011 4
    endloop
  endfacet
  facet normal -0.649391 -0.760455 0
    outer loop
      vertex 83.3849 -59.5151 0
      vertex 83.3849 -59.5151 4
      vertex 83.1343 -59.3011 0
    endloop
  endfacet
  facet normal -0.649391 -0.760455 -0
    outer loop
      vertex 83.1343 -59.3011 4
      vertex 83.1343 -59.3011 0
      vertex 83.3849 -59.5151 4
    endloop
  endfacet
  facet normal -0.760327 -0.649541 0
    outer loop
      vertex 83.5989 -59.7656 0
      vertex 83.5989 -59.7656 4
      vertex 83.3849 -59.5151 0
    endloop
  endfacet
  facet normal -0.760327 -0.649541 -0
    outer loop
      vertex 83.3849 -59.5151 4
      vertex 83.3849 -59.5151 0
      vertex 83.5989 -59.7656 4
    endloop
  endfacet
  facet normal -0.852636 -0.522505 0
    outer loop
      vertex 83.7711 -60.0466 0
      vertex 83.7711 -60.0466 4
      vertex 83.5989 -59.7656 0
    endloop
  endfacet
  facet normal -0.852636 -0.522505 -0
    outer loop
      vertex 83.5989 -59.7656 4
      vertex 83.5989 -59.7656 0
      vertex 83.7711 -60.0466 4
    endloop
  endfacet
  facet normal -0.92391 -0.382611 0
    outer loop
      vertex 83.8972 -60.3511 0
      vertex 83.8972 -60.3511 4
      vertex 83.7711 -60.0466 0
    endloop
  endfacet
  facet normal -0.92391 -0.382611 -0
    outer loop
      vertex 83.7711 -60.0466 4
      vertex 83.7711 -60.0466 0
      vertex 83.8972 -60.3511 4
    endloop
  endfacet
  facet normal -0.972385 -0.233384 0
    outer loop
      vertex 83.9741 -60.6715 0
      vertex 83.9741 -60.6715 4
      vertex 83.8972 -60.3511 0
    endloop
  endfacet
  facet normal -0.972385 -0.233384 -0
    outer loop
      vertex 83.8972 -60.3511 4
      vertex 83.8972 -60.3511 0
      vertex 83.9741 -60.6715 4
    endloop
  endfacet
  facet normal -0.996906 -0.0785993 0
    outer loop
      vertex 84 -61 0
      vertex 84 -61 4
      vertex 83.9741 -60.6715 0
    endloop
  endfacet
  facet normal -0.996906 -0.0785993 -0
    outer loop
      vertex 83.9741 -60.6715 4
      vertex 83.9741 -60.6715 0
      vertex 84 -61 4
    endloop
  endfacet
  facet normal -0.996906 0.0785993 0
    outer loop
      vertex 83.9741 -61.3285 0
      vertex 83.9741 -61.3285 4
      vertex 84 -61 0
    endloop
  endfacet
  facet normal -0.996906 0.0785993 0
    outer loop
      vertex 84 -61 4
      vertex 84 -61 0
      vertex 83.9741 -61.3285 4
    endloop
  endfacet
  facet normal -0.972385 0.233384 0
    outer loop
      vertex 83.8972 -61.6489 0
      vertex 83.8972 -61.6489 4
      vertex 83.9741 -61.3285 0
    endloop
  endfacet
  facet normal -0.972385 0.233384 0
    outer loop
      vertex 83.9741 -61.3285 4
      vertex 83.9741 -61.3285 0
      vertex 83.8972 -61.6489 4
    endloop
  endfacet
  facet normal -0.92391 0.382611 0
    outer loop
      vertex 83.7711 -61.9534 0
      vertex 83.7711 -61.9534 4
      vertex 83.8972 -61.6489 0
    endloop
  endfacet
  facet normal -0.92391 0.382611 0
    outer loop
      vertex 83.8972 -61.6489 4
      vertex 83.8972 -61.6489 0
      vertex 83.7711 -61.9534 4
    endloop
  endfacet
  facet normal -0.852553 0.52264 0
    outer loop
      vertex 83.5989 -62.2343 0
      vertex 83.5989 -62.2343 4
      vertex 83.7711 -61.9534 0
    endloop
  endfacet
  facet normal -0.852553 0.52264 0
    outer loop
      vertex 83.7711 -61.9534 4
      vertex 83.7711 -61.9534 0
      vertex 83.5989 -62.2343 4
    endloop
  endfacet
  facet normal -0.760455 0.649391 0
    outer loop
      vertex 83.3849 -62.4849 0
      vertex 83.3849 -62.4849 4
      vertex 83.5989 -62.2343 0
    endloop
  endfacet
  facet normal -0.760455 0.649391 0
    outer loop
      vertex 83.5989 -62.2343 4
      vertex 83.5989 -62.2343 0
      vertex 83.3849 -62.4849 4
    endloop
  endfacet
  facet normal -0.649391 0.760455 0
    outer loop
      vertex 83.1343 -62.6989 0
      vertex 83.1343 -62.6989 4
      vertex 83.3849 -62.4849 0
    endloop
  endfacet
  facet normal -0.649391 0.760455 0
    outer loop
      vertex 83.3849 -62.4849 4
      vertex 83.3849 -62.4849 0
      vertex 83.1343 -62.6989 4
    endloop
  endfacet
  facet normal -0.52264 0.852553 0
    outer loop
      vertex 82.8534 -62.8711 0
      vertex 82.8534 -62.8711 4
      vertex 83.1343 -62.6989 0
    endloop
  endfacet
  facet normal -0.52264 0.852553 0
    outer loop
      vertex 83.1343 -62.6989 4
      vertex 83.1343 -62.6989 0
      vertex 82.8534 -62.8711 4
    endloop
  endfacet
  facet normal -0.382611 0.92391 0
    outer loop
      vertex 82.5489 -62.9972 0
      vertex 82.5489 -62.9972 4
      vertex 82.8534 -62.8711 0
    endloop
  endfacet
  facet normal -0.382611 0.92391 0
    outer loop
      vertex 82.8534 -62.8711 4
      vertex 82.8534 -62.8711 0
      vertex 82.5489 -62.9972 4
    endloop
  endfacet
  facet normal -0.233384 0.972385 0
    outer loop
      vertex 82.2285 -63.0741 0
      vertex 82.2285 -63.0741 4
      vertex 82.5489 -62.9972 0
    endloop
  endfacet
  facet normal -0.233384 0.972385 0
    outer loop
      vertex 82.5489 -62.9972 4
      vertex 82.5489 -62.9972 0
      vertex 82.2285 -63.0741 4
    endloop
  endfacet
  facet normal -0.0785993 0.996906 0
    outer loop
      vertex 81.9 -63.1 0
      vertex 81.9 -63.1 4
      vertex 82.2285 -63.0741 0
    endloop
  endfacet
  facet normal -0.0785993 0.996906 0
    outer loop
      vertex 82.2285 -63.0741 4
      vertex 82.2285 -63.0741 0
      vertex 81.9 -63.1 4
    endloop
  endfacet
  facet normal 0 1 0
    outer loop
      vertex 62.1 -63.1 0
      vertex 62.1 -63.1 4
      vertex 81.9 -63.1 0
    endloop
  endfacet
  facet normal 0 1 0
    outer loop
      vertex 81.9 -63.1 4
      vertex 81.9 -63.1 0
      vertex 62.1 -63.1 4
    endloop
  endfacet
  facet normal 0.0785993 0.996906 -0
    outer loop
      vertex -82.2285 -63.0741 0
      vertex -82.2285 -63.0741 4
      vertex -81.9 -63.1 0
    endloop
  endfacet
  facet normal 0.0785993 0.996906 0
    outer loop
      vertex -81.9 -63.1 4
      vertex -81.9 -63.1 0
      vertex -82.2285 -63.0741 4
    endloop
  endfacet
  facet normal 0.233384 0.972385 -0
    outer loop
      vertex -82.5489 -62.9972 0
      vertex -82.5489 -62.9972 4
      vertex -82.2285 -63.0741 0
    endloop
  endfacet
  facet normal 0.233384 0.972385 0
    outer loop
      vertex -82.2285 -63.0741 4
      vertex -82.2285 -63.0741 0
      vertex -82.5489 -62.9972 4
    endloop
  endfacet
  facet normal 0.382611 0.92391 -0
    outer loop
      vertex -82.8534 -62.8711 0
      vertex -82.8534 -62.8711 4
      vertex -82.5489 -62.9972 0
    endloop
  endfacet
  facet normal 0.382611 0.92391 0
    outer loop
      vertex -82.5489 -62.9972 4
      vertex -82.5489 -62.9972 0
      vertex -82.8534 -62.8711 4
    endloop
  endfacet
  facet normal 0.52264 0.852553 -0
    outer loop
      vertex -83.1343 -62.6989 0
      vertex -83.1343 -62.6989 4
      vertex -82.8534 -62.8711 0
    endloop
  endfacet
  facet normal 0.52264 0.852553 0
    outer loop
      vertex -82.8534 -62.8711 4
      vertex -82.8534 -62.8711 0
      vertex -83.1343 -62.6989 4
    endloop
  endfacet
  facet normal 0.649391 0.760455 -0
    outer loop
      vertex -83.3849 -62.4849 0
      vertex -83.3849 -62.4849 4
      vertex -83.1343 -62.6989 0
    endloop
  endfacet
  facet normal 0.649391 0.760455 0
    outer loop
      vertex -83.1343 -62.6989 4
      vertex -83.1343 -62.6989 0
      vertex -83.3849 -62.4849 4
    endloop
  endfacet
  facet normal 0.760455 0.649391 -0
    outer loop
      vertex -83.5989 -62.2343 0
      vertex -83.5989 -62.2343 4
      vertex -83.3849 -62.4849 0
    endloop
  endfacet
  facet normal 0.760455 0.649391 0
    outer loop
      vertex -83.3849 -62.4849 4
      vertex -83.3849 -62.4849 0
      vertex -83.5989 -62.2343 4
    endloop
  endfacet
  facet normal 0.852553 0.52264 -0
    outer loop
      vertex -83.7711 -61.9534 0
      vertex -83.7711 -61.9534 4
      vertex -83.5989 -62.2343 0
    endloop
  endfacet
  facet normal 0.852553 0.52264 0
    outer loop
      vertex -83.5989 -62.2343 4
      vertex -83.5989 -62.2343 0
      vertex -83.7711 -61.9534 4
    endloop
  endfacet
  facet normal 0.92391 0.382611 -0
    outer loop
      vertex -83.8972 -61.6489 0
      vertex -83.8972 -61.6489 4
      vertex -83.7711 -61.9534 0
    endloop
  endfacet
  facet normal 0.92391 0.382611 0
    outer loop
      vertex -83.7711 -61.9534 4
      vertex -83.7711 -61.9534 0
      vertex -83.8972 -61.6489 4
    endloop
  endfacet
  facet normal 0.972385 0.233384 -0
    outer loop
      vertex -83.9741 -61.3285 0
      vertex -83.9741 -61.3285 4
      vertex -83.8972 -61.6489 0
    endloop
  endfacet
  facet normal 0.972385 0.233384 0
    outer loop
      vertex -83.8972 -61.6489 4
      vertex -83.8972 -61.6489 0
      vertex -83.9741 -61.3285 4
    endloop
  endfacet
  facet normal 0.996906 0.0785993 -0
    outer loop
      vertex -84 -61 0
      vertex -84 -61 4
      vertex -83.9741 -61.3285 0
    endloop
  endfacet
  facet normal 0.996906 0.0785993 0
    outer loop
      vertex -83.9741 -61.3285 4
      vertex -83.9741 -61.3285 0
      vertex -84 -61 4
    endloop
  endfacet
  facet normal 0.996906 -0.0785993 0
    outer loop
      vertex -83.9741 -60.6715 0
      vertex -83.9741 -60.6715 4
      vertex -84 -61 0
    endloop
  endfacet
  facet normal 0.996906 -0.0785993 0
    outer loop
      vertex -84 -61 4
      vertex -84 -61 0
      vertex -83.9741 -60.6715 4
    endloop
  endfacet
  facet normal 0.972385 -0.233384 0
    outer loop
      vertex -83.8972 -60.3511 0
      vertex -83.8972 -60.3511 4
      vertex -83.9741 -60.6715 0
    endloop
  endfacet
  facet normal 0.972385 -0.233384 0
    outer loop
      vertex -83.9741 -60.6715 4
      vertex -83.9741 -60.6715 0
      vertex -83.8972 -60.3511 4
    endloop
  endfacet
  facet normal 0.92391 -0.382611 0
    outer loop
      vertex -83.7711 -60.0466 0
      vertex -83.7711 -60.0466 4
      vertex -83.8972 -60.3511 0
    endloop
  endfacet
  facet normal 0.92391 -0.382611 0
    outer loop
      vertex -83.8972 -60.3511 4
      vertex -83.8972 -60.3511 0
      vertex -83.7711 -60.0466 4
    endloop
  endfacet
  facet normal 0.852636 -0.522505 0
    outer loop
      vertex -83.5989 -59.7656 0
      vertex -83.5989 -59.7656 4
      vertex -83.7711 -60.0466 0
    endloop
  endfacet
  facet normal 0.852636 -0.522505 0
    outer loop
      vertex -83.7711 -60.0466 4
      vertex -83.7711 -60.0466 0
      vertex -83.5989 -59.7656 4
    endloop
  endfacet
  facet normal 0.760327 -0.649541 0
    outer loop
      vertex -83.3849 -59.5151 0
      vertex -83.3849 -59.5151 4
      vertex -83.5989 -59.7656 0
    endloop
  endfacet
  facet normal 0.760327 -0.649541 0
    outer loop
      vertex -83.5989 -59.7656 4
      vertex -83.5989 -59.7656 0
      vertex -83.3849 -59.5151 4
    endloop
  endfacet
  facet normal 0.649391 -0.760455 0
    outer loop
      vertex -83.1343 -59.3011 0
      vertex -83.1343 -59.3011 4
      vertex -83.3849 -59.5151 0
    endloop
  endfacet
  facet normal 0.649391 -0.760455 0
    outer loop
      vertex -83.3849 -59.5151 4
      vertex -83.3849 -59.5151 0
      vertex -83.1343 -59.3011 4
    endloop
  endfacet
  facet normal 0.52264 -0.852553 0
    outer loop
      vertex -82.8534 -59.1289 0
      vertex -82.8534 -59.1289 4
      vertex -83.1343 -59.3011 0
    endloop
  endfacet
  facet normal 0.52264 -0.852553 0
    outer loop
      vertex -83.1343 -59.3011 4
      vertex -83.1343 -59.3011 0
      vertex -82.8534 -59.1289 4
    endloop
  endfacet
  facet normal 0.382611 -0.92391 0
    outer loop
      vertex -82.5489 -59.0028 0
      vertex -82.5489 -59.0028 4
      vertex -82.8534 -59.1289 0
    endloop
  endfacet
  facet normal 0.382611 -0.92391 0
    outer loop
      vertex -82.8534 -59.1289 4
      vertex -82.8534 -59.1289 0
      vertex -82.5489 -59.0028 4
    endloop
  endfacet
  facet normal 0.233671 -0.972316 0
    outer loop
      vertex -82.2285 -58.9258 0
      vertex -82.2285 -58.9258 4
      vertex -82.5489 -59.0028 0
    endloop
  endfacet
  facet normal 0.233671 -0.972316 0
    outer loop
      vertex -82.5489 -59.0028 4
      vertex -82.5489 -59.0028 0
      vertex -82.2285 -58.9258 4
    endloop
  endfacet
  facet normal 0.0782977 -0.99693 0
    outer loop
      vertex -81.9 -58.9 0
      vertex -81.9 -58.9 4
      vertex -82.2285 -58.9258 0
    endloop
  endfacet
  facet normal 0.0782977 -0.99693 0
    outer loop
      vertex -82.2285 -58.9258 4
      vertex -82.2285 -58.9258 0
      vertex -81.9 -58.9 4
    endloop
  endfacet
  facet normal 0 -1 0
    outer loop
      vertex -62.1 -58.9 0
      vertex -62.1 -58.9 4
      vertex -81.9 -58.9 0
    endloop
  endfacet
  facet normal 0 -1 0
    outer loop
      vertex -81.9 -58.9 4
      vertex -81.9 -58.9 0
      vertex -62.1 -58.9 4
    endloop
  endfacet
  facet normal -0.0782977 -0.99693 0
    outer loop
      vertex -61.7715 -58.9258 0
      vertex -61.7715 -58.9258 4
      vertex -62.1 -58.9 0
    endloop
  endfacet
  facet normal -0.0782977 -0.99693 -0
    outer loop
      vertex -62.1 -58.9 4
      vertex -62.1 -58.9 0
      vertex -61.7715 -58.9258 4
    endloop
  endfacet
  facet normal -0.233602 -0.972332 0
    outer loop
      vertex -61.451 -59.0028 0
      vertex -61.451 -59.0028 4
      vertex -61.7715 -58.9258 0
    endloop
  endfacet
  facet normal -0.233602 -0.972332 -0
    outer loop
      vertex -61.7715 -58.9258 4
      vertex -61.7715 -58.9258 0
      vertex -61.451 -59.0028 4
    endloop
  endfacet
  facet normal -0.382718 -0.923865 0
    outer loop
      vertex -61.1466 -59.1289 0
      vertex -61.1466 -59.1289 4
      vertex -61.451 -59.0028 0
    endloop
  endfacet
  facet normal -0.382718 -0.923865 -0
    outer loop
      vertex -61.451 -59.0028 4
      vertex -61.451 -59.0028 0
      vertex -61.1466 -59.1289 4
    endloop
  endfacet
  facet normal -0.522505 -0.852636 0
    outer loop
      vertex -60.8656 -59.3011 0
      vertex -60.8656 -59.3011 4
      vertex -61.1466 -59.1289 0
    endloop
  endfacet
  facet normal -0.522505 -0.852636 -0
    outer loop
      vertex -61.1466 -59.1289 4
      vertex -61.1466 -59.1289 0
      vertex -60.8656 -59.3011 4
    endloop
  endfacet
  facet normal -0.649541 -0.760327 0
    outer loop
      vertex -60.6151 -59.5151 0
      vertex -60.6151 -59.5151 4
      vertex -60.8656 -59.3011 0
    endloop
  endfacet
  facet normal -0.649541 -0.760327 -0
    outer loop
      vertex -60.8656 -59.3011 4
      vertex -60.8656 -59.3011 0
      vertex -60.6151 -59.5151 4
    endloop
  endfacet
  facet normal -0.760327 -0.649541 0
    outer loop
      vertex -60.4011 -59.7656 0
      vertex -60.4011 -59.7656 4
      vertex -60.6151 -59.5151 0
    endloop
  endfacet
  facet normal -0.760327 -0.649541 -0
    outer loop
      vertex -60.6151 -59.5151 4
      vertex -60.6151 -59.5151 0
      vertex -60.4011 -59.7656 4
    endloop
  endfacet
  facet normal -0.852636 -0.522505 0
    outer loop
      vertex -60.2289 -60.0466 0
      vertex -60.2289 -60.0466 4
      vertex -60.4011 -59.7656 0
    endloop
  endfacet
  facet normal -0.852636 -0.522505 -0
    outer loop
      vertex -60.4011 -59.7656 4
      vertex -60.4011 -59.7656 0
      vertex -60.2289 -60.0466 4
    endloop
  endfacet
  facet normal -0.92391 -0.382611 0
    outer loop
      vertex -60.1028 -60.3511 0
      vertex -60.1028 -60.3511 4
      vertex -60.2289 -60.0466 0
    endloop
  endfacet
  facet normal -0.92391 -0.382611 -0
    outer loop
      vertex -60.2289 -60.0466 4
      vertex -60.2289 -60.0466 0
      vertex -60.1028 -60.3511 4
    endloop
  endfacet
  facet normal -0.972316 -0.233671 0
    outer loop
      vertex -60.0258 -60.6715 0
      vertex -60.0258 -60.6715 4
      vertex -60.1028 -60.3511 0
    endloop
  endfacet
  facet normal -0.972316 -0.233671 -0
    outer loop
      vertex -60.1028 -60.3511 4
      vertex -60.1028 -60.3511 0
      vertex -60.0258 -60.6715 4
    endloop
  endfacet
  facet normal -0.99693 -0.0782977 0
    outer loop
      vertex -60 -61 0
      vertex -60 -61 4
      vertex -60.0258 -60.6715 0
    endloop
  endfacet
  facet normal -0.99693 -0.0782977 -0
    outer loop
      vertex -60.0258 -60.6715 4
      vertex -60.0258 -60.6715 0
      vertex -60 -61 4
    endloop
  endfacet
  facet normal -0.99693 0.0782977 0
    outer loop
      vertex -60.0258 -61.3285 0
      vertex -60.0258 -61.3285 4
      vertex -60 -61 0
    endloop
  endfacet
  facet normal -0.99693 0.0782977 0
    outer loop
      vertex -60 -61 4
      vertex -60 -61 0
      vertex -60.0258 -61.3285 4
    endloop
  endfacet
  facet normal -0.972316 0.233671 0
    outer loop
      vertex -60.1028 -61.6489 0
      vertex -60.1028 -61.6489 4
      vertex -60.0258 -61.3285 0
    endloop
  endfacet
  facet normal -0.972316 0.233671 0
    outer loop
      vertex -60.0258 -61.3285 4
      vertex -60.0258 -61.3285 0
      vertex -60.1028 -61.6489 4
    endloop
  endfacet
  facet normal -0.92391 0.382611 0
    outer loop
      vertex -60.2289 -61.9534 0
      vertex -60.2289 -61.9534 4
      vertex -60.1028 -61.6489 0
    endloop
  endfacet
  facet normal -0.92391 0.382611 0
    outer loop
      vertex -60.1028 -61.6489 4
      vertex -60.1028 -61.6489 0
      vertex -60.2289 -61.9534 4
    endloop
  endfacet
  facet normal -0.852553 0.52264 0
    outer loop
      vertex -60.4011 -62.2343 0
      vertex -60.4011 -62.2343 4
      vertex -60.2289 -61.9534 0
    endloop
  endfacet
  facet normal -0.852553 0.52264 0
    outer loop
      vertex -60.2289 -61.9534 4
      vertex -60.2289 -61.9534 0
      vertex -60.4011 -62.2343 4
    endloop
  endfacet
  facet normal -0.760455 0.649391 0
    outer loop
      vertex -60.6151 -62.4849 0
      vertex -60.6151 -62.4849 4
      vertex -60.4011 -62.2343 0
    endloop
  endfacet
  facet normal -0.760455 0.649391 0
    outer loop
      vertex -60.4011 -62.2343 4
      vertex -60.4011 -62.2343 0
      vertex -60.6151 -62.4849 4
    endloop
  endfacet
  facet normal -0.649541 0.760327 0
    outer loop
      vertex -60.8656 -62.6989 0
      vertex -60.8656 -62.6989 4
      vertex -60.6151 -62.4849 0
    endloop
  endfacet
  facet normal -0.649541 0.760327 0
    outer loop
      vertex -60.6151 -62.4849 4
      vertex -60.6151 -62.4849 0
      vertex -60.8656 -62.6989 4
    endloop
  endfacet
  facet normal -0.522505 0.852636 0
    outer loop
      vertex -61.1466 -62.8711 0
      vertex -61.1466 -62.8711 4
      vertex -60.8656 -62.6989 0
    endloop
  endfacet
  facet normal -0.522505 0.852636 0
    outer loop
      vertex -60.8656 -62.6989 4
      vertex -60.8656 -62.6989 0
      vertex -61.1466 -62.8711 4
    endloop
  endfacet
  facet normal -0.382718 0.923865 0
    outer loop
      vertex -61.451 -62.9972 0
      vertex -61.451 -62.9972 4
      vertex -61.1466 -62.8711 0
    endloop
  endfacet
  facet normal -0.382718 0.923865 0
    outer loop
      vertex -61.1466 -62.8711 4
      vertex -61.1466 -62.8711 0
      vertex -61.451 -62.9972 4
    endloop
  endfacet
  facet normal -0.233316 0.972401 0
    outer loop
      vertex -61.7715 -63.0741 0
      vertex -61.7715 -63.0741 4
      vertex -61.451 -62.9972 0
    endloop
  endfacet
  facet normal -0.233316 0.972401 0
    outer loop
      vertex -61.451 -62.9972 4
      vertex -61.451 -62.9972 0
      vertex -61.7715 -63.0741 4
    endloop
  endfacet
  facet normal -0.0785993 0.996906 0
    outer loop
      vertex -62.1 -63.1 0
      vertex -62.1 -63.1 4
      vertex -61.7715 -63.0741 0
    endloop
  endfacet
  facet normal -0.0785993 0.996906 0
    outer loop
      vertex -61.7715 -63.0741 4
      vertex -61.7715 -63.0741 0
      vertex -62.1 -63.1 4
    endloop
  endfacet
  facet normal 0 1 0
    outer loop
      vertex -81.9 -63.1 0
      vertex -81.9 -63.1 4
      vertex -62.1 -63.1 0
    endloop
  endfacet
  facet normal 0 1 0
    outer loop
      vertex -62.1 -63.1 4
      vertex -62.1 -63.1 0
      vertex -81.9 -63.1 4
    endloop
  endfacet
  facet normal 0.290182 0.956971 -0
    outer loop
      vertex 89.3494 -62.5706 0
      vertex 89.3494 -62.5706 4
      vertex 89.6683 -62.6673 0
    endloop
  endfacet
  facet normal 0.290182 0.956971 0
    outer loop
      vertex 89.6683 -62.6673 4
      vertex 89.6683 -62.6673 0
      vertex 89.3494 -62.5706 4
    endloop
  endfacet
  facet normal 0.471413 0.881912 -0
    outer loop
      vertex 89.0555 -62.4135 0
      vertex 89.0555 -62.4135 4
      vertex 89.3494 -62.5706 0
    endloop
  endfacet
  facet normal 0.471413 0.881912 0
    outer loop
      vertex 89.3494 -62.5706 4
      vertex 89.3494 -62.5706 0
      vertex 89.0555 -62.4135 4
    endloop
  endfacet
  facet normal 0.634381 0.773021 -0
    outer loop
      vertex 88.7979 -62.2021 0
      vertex 88.7979 -62.2021 4
      vertex 89.0555 -62.4135 0
    endloop
  endfacet
  facet normal 0.634381 0.773021 0
    outer loop
      vertex 89.0555 -62.4135 4
      vertex 89.0555 -62.4135 0
      vertex 88.7979 -62.2021 4
    endloop
  endfacet
  facet normal 0.773021 0.634381 -0
    outer loop
      vertex 88.5865 -61.9445 0
      vertex 88.5865 -61.9445 4
      vertex 88.7979 -62.2021 0
    endloop
  endfacet
  facet normal 0.773021 0.634381 0
    outer loop
      vertex 88.7979 -62.2021 4
      vertex 88.7979 -62.2021 0
      vertex 88.5865 -61.9445 4
    endloop
  endfacet
  facet normal 0.881912 0.471413 -0
    outer loop
      vertex 88.4294 -61.6506 0
      vertex 88.4294 -61.6506 4
      vertex 88.5865 -61.9445 0
    endloop
  endfacet
  facet normal 0.881912 0.471413 0
    outer loop
      vertex 88.5865 -61.9445 4
      vertex 88.5865 -61.9445 0
      vertex 88.4294 -61.6506 4
    endloop
  endfacet
  facet normal 0.956997 0.290099 -0
    outer loop
      vertex 88.3327 -61.3316 0
      vertex 88.3327 -61.3316 4
      vertex 88.4294 -61.6506 0
    endloop
  endfacet
  facet normal 0.956997 0.290099 0
    outer loop
      vertex 88.4294 -61.6506 4
      vertex 88.4294 -61.6506 0
      vertex 88.3327 -61.3316 4
    endloop
  endfacet
  facet normal 0.995173 0.0981368 -0
    outer loop
      vertex 88.3 -61 0
      vertex 88.3 -61 4
      vertex 88.3327 -61.3316 0
    endloop
  endfacet
  facet normal 0.995173 0.0981368 0
    outer loop
      vertex 88.3327 -61.3316 4
      vertex 88.3327 -61.3316 0
      vertex 88.3 -61 4
    endloop
  endfacet
  facet normal 0.995176 -0.0981075 0
    outer loop
      vertex 88.3327 -60.6683 0
      vertex 88.3327 -60.6683 4
      vertex 88.3 -61 0
    endloop
  endfacet
  facet normal 0.995176 -0.0981075 0
    outer loop
      vertex 88.3 -61 4
      vertex 88.3 -61 0
      vertex 88.3327 -60.6683 4
    endloop
  endfacet
  facet normal 0.956971 -0.290182 0
    outer loop
      vertex 88.4294 -60.3494 0
      vertex 88.4294 -60.3494 4
      vertex 88.3327 -60.6683 0
    endloop
  endfacet
  facet normal 0.956971 -0.290182 0
    outer loop
      vertex 88.3327 -60.6683 4
      vertex 88.3327 -60.6683 0
      vertex 88.4294 -60.3494 4
    endloop
  endfacet
  facet normal 0.881912 -0.471413 0
    outer loop
      vertex 88.5865 -60.0555 0
      vertex 88.5865 -60.0555 4
      vertex 88.4294 -60.3494 0
    endloop
  endfacet
  facet normal 0.881912 -0.471413 0
    outer loop
      vertex 88.4294 -60.3494 4
      vertex 88.4294 -60.3494 0
      vertex 88.5865 -60.0555 4
    endloop
  endfacet
  facet normal 0.773021 -0.634381 0
    outer loop
      vertex 88.7979 -59.7979 0
      vertex 88.7979 -59.7979 4
      vertex 88.5865 -60.0555 0
    endloop
  endfacet
  facet normal 0.773021 -0.634381 0
    outer loop
      vertex 88.5865 -60.0555 4
      vertex 88.5865 -60.0555 0
      vertex 88.7979 -59.7979 4
    endloop
  endfacet
  facet normal 0.634381 -0.773021 0
    outer loop
      vertex 89.0555 -59.5865 0
      vertex 89.0555 -59.5865 4
      vertex 88.7979 -59.7979 0
    endloop
  endfacet
  facet normal 0.634381 -0.773021 0
    outer loop
      vertex 88.7979 -59.7979 4
      vertex 88.7979 -59.7979 0
      vertex 89.0555 -59.5865 4
    endloop
  endfacet
  facet normal 0.471413 -0.881912 0
    outer loop
      vertex 89.3494 -59.4294 0
      vertex 89.3494 -59.4294 4
      vertex 89.0555 -59.5865 0
    endloop
  endfacet
  facet normal 0.471413 -0.881912 0
    outer loop
      vertex 89.0555 -59.5865 4
      vertex 89.0555 -59.5865 0
      vertex 89.3494 -59.4294 4
    endloop
  endfacet
  facet normal 0.290182 -0.956971 0
    outer loop
      vertex 89.6683 -59.3327 0
      vertex 89.6683 -59.3327 4
      vertex 89.3494 -59.4294 0
    endloop
  endfacet
  facet normal 0.290182 -0.956971 0
    outer loop
      vertex 89.3494 -59.4294 4
      vertex 89.3494 -59.4294 0
      vertex 89.6683 -59.3327 4
    endloop
  endfacet
  facet normal 0.0981075 -0.995176 0
    outer loop
      vertex 90 -59.3 0
      vertex 90 -59.3 4
      vertex 89.6683 -59.3327 0
    endloop
  endfacet
  facet normal 0.0981075 -0.995176 0
    outer loop
      vertex 89.6683 -59.3327 4
      vertex 89.6683 -59.3327 0
      vertex 90 -59.3 4
    endloop
  endfacet
  facet normal -0.0981368 -0.995173 0
    outer loop
      vertex 90.3316 -59.3327 0
      vertex 90.3316 -59.3327 4
      vertex 90 -59.3 0
    endloop
  endfacet
  facet normal -0.0981368 -0.995173 -0
    outer loop
      vertex 90 -59.3 4
      vertex 90 -59.3 0
      vertex 90.3316 -59.3327 4
    endloop
  endfacet
  facet normal -0.290099 -0.956997 0
    outer loop
      vertex 90.6506 -59.4294 0
      vertex 90.6506 -59.4294 4
      vertex 90.3316 -59.3327 0
    endloop
  endfacet
  facet normal -0.290099 -0.956997 -0
    outer loop
      vertex 90.3316 -59.3327 4
      vertex 90.3316 -59.3327 0
      vertex 90.6506 -59.4294 4
    endloop
  endfacet
  facet normal -0.471413 -0.881912 0
    outer loop
      vertex 90.9445 -59.5865 0
      vertex 90.9445 -59.5865 4
      vertex 90.6506 -59.4294 0
    endloop
  endfacet
  facet normal -0.471413 -0.881912 -0
    outer loop
      vertex 90.6506 -59.4294 4
      vertex 90.6506 -59.4294 0
      vertex 90.9445 -59.5865 4
    endloop
  endfacet
  facet normal -0.634381 -0.773021 0
    outer loop
      vertex 91.2021 -59.7979 0
      vertex 91.2021 -59.7979 4
      vertex 90.9445 -59.5865 0
    endloop
  endfacet
  facet normal -0.634381 -0.773021 -0
    outer loop
      vertex 90.9445 -59.5865 4
      vertex 90.9445 -59.5865 0
      vertex 91.2021 -59.7979 4
    endloop
  endfacet
  facet normal -0.773021 -0.634381 0
    outer loop
      vertex 91.4135 -60.0555 0
      vertex 91.4135 -60.0555 4
      vertex 91.2021 -59.7979 0
    endloop
  endfacet
  facet normal -0.773021 -0.634381 -0
    outer loop
      vertex 91.2021 -59.7979 4
      vertex 91.2021 -59.7979 0
      vertex 91.4135 -60.0555 4
    endloop
  endfacet
  facet normal -0.881912 -0.471413 0
    outer loop
      vertex 91.5706 -60.3494 0
      vertex 91.5706 -60.3494 4
      vertex 91.4135 -60.0555 0
    endloop
  endfacet
  facet normal -0.881912 -0.471413 -0
    outer loop
      vertex 91.4135 -60.0555 4
      vertex 91.4135 -60.0555 0
      vertex 91.5706 -60.3494 4
    endloop
  endfacet
  facet normal -0.956971 -0.290182 0
    outer loop
      vertex 91.6673 -60.6683 0
      vertex 91.6673 -60.6683 4
      vertex 91.5706 -60.3494 0
    endloop
  endfacet
  facet normal -0.956971 -0.290182 -0
    outer loop
      vertex 91.5706 -60.3494 4
      vertex 91.5706 -60.3494 0
      vertex 91.6673 -60.6683 4
    endloop
  endfacet
  facet normal -0.995176 -0.0981075 0
    outer loop
      vertex 91.7 -61 0
      vertex 91.7 -61 4
      vertex 91.6673 -60.6683 0
    endloop
  endfacet
  facet normal -0.995176 -0.0981075 -0
    outer loop
      vertex 91.6673 -60.6683 4
      vertex 91.6673 -60.6683 0
      vertex 91.7 -61 4
    endloop
  endfacet
  facet normal -0.995173 0.0981368 0
    outer loop
      vertex 91.6673 -61.3316 0
      vertex 91.6673 -61.3316 4
      vertex 91.7 -61 0
    endloop
  endfacet
  facet normal -0.995173 0.0981368 0
    outer loop
      vertex 91.7 -61 4
      vertex 91.7 -61 0
      vertex 91.6673 -61.3316 4
    endloop
  endfacet
  facet normal -0.956997 0.290099 0
    outer loop
      vertex 91.5706 -61.6506 0
      vertex 91.5706 -61.6506 4
      vertex 91.6673 -61.3316 0
    endloop
  endfacet
  facet normal -0.956997 0.290099 0
    outer loop
      vertex 91.6673 -61.3316 4
      vertex 91.6673 -61.3316 0
      vertex 91.5706 -61.6506 4
    endloop
  endfacet
  facet normal -0.881912 0.471413 0
    outer loop
      vertex 91.4135 -61.9445 0
      vertex 91.4135 -61.9445 4
      vertex 91.5706 -61.6506 0
    endloop
  endfacet
  facet normal -0.881912 0.471413 0
    outer loop
      vertex 91.5706 -61.6506 4
      vertex 91.5706 -61.6506 0
      vertex 91.4135 -61.9445 4
    endloop
  endfacet
  facet normal -0.773021 0.634381 0
    outer loop
      vertex 91.2021 -62.2021 0
      vertex 91.2021 -62.2021 4
      vertex 91.4135 -61.9445 0
    endloop
  endfacet
  facet normal -0.773021 0.634381 0
    outer loop
      vertex 91.4135 -61.9445 4
      vertex 91.4135 -61.9445 0
      vertex 91.2021 -62.2021 4
    endloop
  endfacet
  facet normal -0.634381 0.773021 0
    outer loop
      vertex 90.9445 -62.4135 0
      vertex 90.9445 -62.4135 4
      vertex 91.2021 -62.2021 0
    endloop
  endfacet
  facet normal -0.634381 0.773021 0
    outer loop
      vertex 91.2021 -62.2021 4
      vertex 91.2021 -62.2021 0
      vertex 90.9445 -62.4135 4
    endloop
  endfacet
  facet normal -0.471413 0.881912 0
    outer loop
      vertex 90.6506 -62.5706 0
      vertex 90.6506 -62.5706 4
      vertex 90.9445 -62.4135 0
    endloop
  endfacet
  facet normal -0.471413 0.881912 0
    outer loop
      vertex 90.9445 -62.4135 4
      vertex 90.9445 -62.4135 0
      vertex 90.6506 -62.5706 4
    endloop
  endfacet
  facet normal -0.290099 0.956997 0
    outer loop
      vertex 90.3316 -62.6673 0
      vertex 90.3316 -62.6673 4
      vertex 90.6506 -62.5706 0
    endloop
  endfacet
  facet normal -0.290099 0.956997 0
    outer loop
      vertex 90.6506 -62.5706 4
      vertex 90.6506 -62.5706 0
      vertex 90.3316 -62.6673 4
    endloop
  endfacet
  facet normal -0.0981368 0.995173 0
    outer loop
      vertex 90 -62.7 0
      vertex 90 -62.7 4
      vertex 90.3316 -62.6673 0
    endloop
  endfacet
  facet normal -0.0981368 0.995173 0
    outer loop
      vertex 90.3316 -62.6673 4
      vertex 90.3316 -62.6673 0
      vertex 90 -62.7 4
    endloop
  endfacet
  facet normal 0.0981075 0.995176 -0
    outer loop
      vertex 89.6683 -62.6673 0
      vertex 89.6683 -62.6673 4
      vertex 90 -62.7 0
    endloop
  endfacet
  facet normal 0.0981075 0.995176 0
    outer loop
      vertex 90 -62.7 4
      vertex 90 -62.7 0
      vertex 89.6683 -62.6673 4
    endloop
  endfacet
  facet normal 0.290182 0.956971 -0
    outer loop
      vertex 53.3494 -62.5706 0
      vertex 53.3494 -62.5706 4
      vertex 53.6683 -62.6673 0
    endloop
  endfacet
  facet normal 0.290182 0.956971 0
    outer loop
      vertex 53.6683 -62.6673 4
      vertex 53.6683 -62.6673 0
      vertex 53.3494 -62.5706 4
    endloop
  endfacet
  facet normal 0.471413 0.881912 -0
    outer loop
      vertex 53.0555 -62.4135 0
      vertex 53.0555 -62.4135 4
      vertex 53.3494 -62.5706 0
    endloop
  endfacet
  facet normal 0.471413 0.881912 0
    outer loop
      vertex 53.3494 -62.5706 4
      vertex 53.3494 -62.5706 0
      vertex 53.0555 -62.4135 4
    endloop
  endfacet
  facet normal 0.634381 0.773021 -0
    outer loop
      vertex 52.7979 -62.2021 0
      vertex 52.7979 -62.2021 4
      vertex 53.0555 -62.4135 0
    endloop
  endfacet
  facet normal 0.634381 0.773021 0
    outer loop
      vertex 53.0555 -62.4135 4
      vertex 53.0555 -62.4135 0
      vertex 52.7979 -62.2021 4
    endloop
  endfacet
  facet normal 0.773021 0.634381 -0
    outer loop
      vertex 52.5865 -61.9445 0
      vertex 52.5865 -61.9445 4
      vertex 52.7979 -62.2021 0
    endloop
  endfacet
  facet normal 0.773021 0.634381 0
    outer loop
      vertex 52.7979 -62.2021 4
      vertex 52.7979 -62.2021 0
      vertex 52.5865 -61.9445 4
    endloop
  endfacet
  facet normal 0.881912 0.471413 -0
    outer loop
      vertex 52.4294 -61.6506 0
      vertex 52.4294 -61.6506 4
      vertex 52.5865 -61.9445 0
    endloop
  endfacet
  facet normal 0.881912 0.471413 0
    outer loop
      vertex 52.5865 -61.9445 4
      vertex 52.5865 -61.9445 0
      vertex 52.4294 -61.6506 4
    endloop
  endfacet
  facet normal 0.956997 0.290099 -0
    outer loop
      vertex 52.3327 -61.3316 0
      vertex 52.3327 -61.3316 4
      vertex 52.4294 -61.6506 0
    endloop
  endfacet
  facet normal 0.956997 0.290099 0
    outer loop
      vertex 52.4294 -61.6506 4
      vertex 52.4294 -61.6506 0
      vertex 52.3327 -61.3316 4
    endloop
  endfacet
  facet normal 0.995173 0.0981368 -0
    outer loop
      vertex 52.3 -61 0
      vertex 52.3 -61 4
      vertex 52.3327 -61.3316 0
    endloop
  endfacet
  facet normal 0.995173 0.0981368 0
    outer loop
      vertex 52.3327 -61.3316 4
      vertex 52.3327 -61.3316 0
      vertex 52.3 -61 4
    endloop
  endfacet
  facet normal 0.995176 -0.0981075 0
    outer loop
      vertex 52.3327 -60.6683 0
      vertex 52.3327 -60.6683 4
      vertex 52.3 -61 0
    endloop
  endfacet
  facet normal 0.995176 -0.0981075 0
    outer loop
      vertex 52.3 -61 4
      vertex 52.3 -61 0
      vertex 52.3327 -60.6683 4
    endloop
  endfacet
  facet normal 0.956971 -0.290182 0
    outer loop
      vertex 52.4294 -60.3494 0
      vertex 52.4294 -60.3494 4
      vertex 52.3327 -60.6683 0
    endloop
  endfacet
  facet normal 0.956971 -0.290182 0
    outer loop
      vertex 52.3327 -60.6683 4
      vertex 52.3327 -60.6683 0
      vertex 52.4294 -60.3494 4
    endloop
  endfacet
  facet normal 0.881912 -0.471413 0
    outer loop
      vertex 52.5865 -60.0555 0
      vertex 52.5865 -60.0555 4
      vertex 52.4294 -60.3494 0
    endloop
  endfacet
  facet normal 0.881912 -0.471413 0
    outer loop
      vertex 52.4294 -60.3494 4
      vertex 52.4294 -60.3494 0
      vertex 52.5865 -60.0555 4
    endloop
  endfacet
  facet normal 0.773021 -0.634381 0
    outer loop
      vertex 52.7979 -59.7979 0
      vertex 52.7979 -59.7979 4
      vertex 52.5865 -60.0555 0
    endloop
  endfacet
  facet normal 0.773021 -0.634381 0
    outer loop
      vertex 52.5865 -60.0555 4
      vertex 52.5865 -60.0555 0
      vertex 52.7979 -59.7979 4
    endloop
  endfacet
  facet normal 0.634381 -0.773021 0
    outer loop
      vertex 53.0555 -59.5865 0
      vertex 53.0555 -59.5865 4
      vertex 52.7979 -59.7979 0
    endloop
  endfacet
  facet normal 0.634381 -0.773021 0
    outer loop
      vertex 52.7979 -59.7979 4
      vertex 52.7979 -59.7979 0
      vertex 53.0555 -59.5865 4
    endloop
  endfacet
  facet normal 0.471413 -0.881912 0
    outer loop
      vertex 53.3494 -59.4294 0
      vertex 53.3494 -59.4294 4
      vertex 53.0555 -59.5865 0
    endloop
  endfacet
  facet normal 0.471413 -0.881912 0
    outer loop
      vertex 53.0555 -59.5865 4
      vertex 53.0555 -59.5865 0
      vertex 53.3494 -59.4294 4
    endloop
  endfacet
  facet normal 0.290182 -0.956971 0
    outer loop
      vertex 53.6683 -59.3327 0
      vertex 53.6683 -59.3327 4
      vertex 53.3494 -59.4294 0
    endloop
  endfacet
  facet normal 0.290182 -0.956971 0
    outer loop
      vertex 53.3494 -59.4294 4
      vertex 53.3494 -59.4294 0
      vertex 53.6683 -59.3327 4
    endloop
  endfacet
  facet normal 0.0981075 -0.995176 0
    outer loop
      vertex 54 -59.3 0
      vertex 54 -59.3 4
      vertex 53.6683 -59.3327 0
    endloop
  endfacet
  facet normal 0.0981075 -0.995176 0
    outer loop
      vertex 53.6683 -59.3327 4
      vertex 53.6683 -59.3327 0
      vertex 54 -59.3 4
    endloop
  endfacet
  facet normal -0.0981368 -0.995173 0
    outer loop
      vertex 54.3316 -59.3327 0
      vertex 54.3316 -59.3327 4
      vertex 54 -59.3 0
    endloop
  endfacet
  facet normal -0.0981368 -0.995173 -0
    outer loop
      vertex 54 -59.3 4
      vertex 54 -59.3 0
      vertex 54.3316 -59.3327 4
    endloop
  endfacet
  facet normal -0.290099 -0.956997 0
    outer loop
      vertex 54.6506 -59.4294 0
      vertex 54.6506 -59.4294 4
      vertex 54.3316 -59.3327 0
    endloop
  endfacet
  facet normal -0.290099 -0.956997 -0
    outer loop
      vertex 54.3316 -59.3327 4
      vertex 54.3316 -59.3327 0
      vertex 54.6506 -59.4294 4
    endloop
  endfacet
  facet normal -0.471413 -0.881912 0
    outer loop
      vertex 54.9445 -59.5865 0
      vertex 54.9445 -59.5865 4
      vertex 54.6506 -59.4294 0
    endloop
  endfacet
  facet normal -0.471413 -0.881912 -0
    outer loop
      vertex 54.6506 -59.4294 4
      vertex 54.6506 -59.4294 0
      vertex 54.9445 -59.5865 4
    endloop
  endfacet
  facet normal -0.634381 -0.773021 0
    outer loop
      vertex 55.2021 -59.7979 0
      vertex 55.2021 -59.7979 4
      vertex 54.9445 -59.5865 0
    endloop
  endfacet
  facet normal -0.634381 -0.773021 -0
    outer loop
      vertex 54.9445 -59.5865 4
      vertex 54.9445 -59.5865 0
      vertex 55.2021 -59.7979 4
    endloop
  endfacet
  facet normal -0.773021 -0.634381 0
    outer loop
      vertex 55.4135 -60.0555 0
      vertex 55.4135 -60.0555 4
      vertex 55.2021 -59.7979 0
    endloop
  endfacet
  facet normal -0.773021 -0.634381 -0
    outer loop
      vertex 55.2021 -59.7979 4
      vertex 55.2021 -59.7979 0
      vertex 55.4135 -60.0555 4
    endloop
  endfacet
  facet normal -0.881912 -0.471413 0
    outer loop
      vertex 55.5706 -60.3494 0
      vertex 55.5706 -60.3494 4
      vertex 55.4135 -60.0555 0
    endloop
  endfacet
  facet normal -0.881912 -0.471413 -0
    outer loop
      vertex 55.4135 -60.0555 4
      vertex 55.4135 -60.0555 0
      vertex 55.5706 -60.3494 4
    endloop
  endfacet
  facet normal -0.956971 -0.290182 0
    outer loop
      vertex 55.6673 -60.6683 0
      vertex 55.6673 -60.6683 4
      vertex 55.5706 -60.3494 0
    endloop
  endfacet
  facet normal -0.956971 -0.290182 -0
    outer loop
      vertex 55.5706 -60.3494 4
      vertex 55.5706 -60.3494 0
      vertex 55.6673 -60.6683 4
    endloop
  endfacet
  facet normal -0.995176 -0.0981075 0
    outer loop
      vertex 55.7 -61 0
      vertex 55.7 -61 4
      vertex 55.6673 -60.6683 0
    endloop
  endfacet
  facet normal -0.995176 -0.0981075 -0
    outer loop
      vertex 55.6673 -60.6683 4
      vertex 55.6673 -60.6683 0
      vertex 55.7 -61 4
    endloop
  endfacet
  facet normal -0.995173 0.0981368 0
    outer loop
      vertex 55.6673 -61.3316 0
      vertex 55.6673 -61.3316 4
      vertex 55.7 -61 0
    endloop
  endfacet
  facet normal -0.995173 0.0981368 0
    outer loop
      vertex 55.7 -61 4
      vertex 55.7 -61 0
      vertex 55.6673 -61.3316 4
    endloop
  endfacet
  facet normal -0.956997 0.290099 0
    outer loop
      vertex 55.5706 -61.6506 0
      vertex 55.5706 -61.6506 4
      vertex 55.6673 -61.3316 0
    endloop
  endfacet
  facet normal -0.956997 0.290099 0
    outer loop
      vertex 55.6673 -61.3316 4
      vertex 55.6673 -61.3316 0
      vertex 55.5706 -61.6506 4
    endloop
  endfacet
  facet normal -0.881912 0.471413 0
    outer loop
      vertex 55.4135 -61.9445 0
      vertex 55.4135 -61.9445 4
      vertex 55.5706 -61.6506 0
    endloop
  endfacet
  facet normal -0.881912 0.471413 0
    outer loop
      vertex 55.5706 -61.6506 4
      vertex 55.5706 -61.6506 0
      vertex 55.4135 -61.9445 4
    endloop
  endfacet
  facet normal -0.773021 0.634381 0
    outer loop
      vertex 55.2021 -62.2021 0
      vertex 55.2021 -62.2021 4
      vertex 55.4135 -61.9445 0
    endloop
  endfacet
  facet normal -0.773021 0.634381 0
    outer loop
      vertex 55.4135 -61.9445 4
      vertex 55.4135 -61.9445 0
      vertex 55.2021 -62.2021 4
    endloop
  endfacet
  facet normal -0.634381 0.773021 0
    outer loop
      vertex 54.9445 -62.4135 0
      vertex 54.9445 -62.4135 4
      vertex 55.2021 -62.2021 0
    endloop
  endfacet
  facet normal -0.634381 0.773021 0
    outer loop
      vertex 55.2021 -62.2021 4
      vertex 55.2021 -62.2021 0
      vertex 54.9445 -62.4135 4
    endloop
  endfacet
  facet normal -0.471413 0.881912 0
    outer loop
      vertex 54.6506 -62.5706 0
      vertex 54.6506 -62.5706 4
      vertex 54.9445 -62.4135 0
    endloop
  endfacet
  facet normal -0.471413 0.881912 0
    outer loop
      vertex 54.9445 -62.4135 4
      vertex 54.9445 -62.4135 0
      vertex 54.6506 -62.5706 4
    endloop
  endfacet
  facet normal -0.290099 0.956997 0
    outer loop
      vertex 54.3316 -62.6673 0
      vertex 54.3316 -62.6673 4
      vertex 54.6506 -62.5706 0
    endloop
  endfacet
  facet normal -0.290099 0.956997 0
    outer loop
      vertex 54.6506 -62.5706 4
      vertex 54.6506 -62.5706 0
      vertex 54.3316 -62.6673 4
    endloop
  endfacet
  facet normal -0.0981368 0.995173 0
    outer loop
      vertex 54 -62.7 0
      vertex 54 -62.7 4
      vertex 54.3316 -62.6673 0
    endloop
  endfacet
  facet normal -0.0981368 0.995173 0
    outer loop
      vertex 54.3316 -62.6673 4
      vertex 54.3316 -62.6673 0
      vertex 54 -62.7 4
    endloop
  endfacet
  facet normal 0.0981075 0.995176 -0
    outer loop
      vertex 53.6683 -62.6673 0
      vertex 53.6683 -62.6673 4
      vertex 54 -62.7 0
    endloop
  endfacet
  facet normal 0.0981075 0.995176 0
    outer loop
      vertex 54 -62.7 4
      vertex 54 -62.7 0
      vertex 53.6683 -62.6673 4
    endloop
  endfacet
  facet normal 0.290099 0.956997 -0
    outer loop
      vertex -54.6506 -62.5706 0
      vertex -54.6506 -62.5706 4
      vertex -54.3316 -62.6673 0
    endloop
  endfacet
  facet normal 0.290099 0.956997 0
    outer loop
      vertex -54.3316 -62.6673 4
      vertex -54.3316 -62.6673 0
      vertex -54.6506 -62.5706 4
    endloop
  endfacet
  facet normal 0.471413 0.881912 -0
    outer loop
      vertex -54.9445 -62.4135 0
      vertex -54.9445 -62.4135 4
      vertex -54.6506 -62.5706 0
    endloop
  endfacet
  facet normal 0.471413 0.881912 0
    outer loop
      vertex -54.6506 -62.5706 4
      vertex -54.6506 -62.5706 0
      vertex -54.9445 -62.4135 4
    endloop
  endfacet
  facet normal 0.634381 0.773021 -0
    outer loop
      vertex -55.2021 -62.2021 0
      vertex -55.2021 -62.2021 4
      vertex -54.9445 -62.4135 0
    endloop
  endfacet
  facet normal 0.634381 0.773021 0
    outer loop
      vertex -54.9445 -62.4135 4
      vertex -54.9445 -62.4135 0
      vertex -55.2021 -62.2021 4
    endloop
  endfacet
  facet normal 0.773021 0.634381 -0
    outer loop
      vertex -55.4135 -61.9445 0
      vertex -55.4135 -61.9445 4
      vertex -55.2021 -62.2021 0
    endloop
  endfacet
  facet normal 0.773021 0.634381 0
    outer loop
      vertex -55.2021 -62.2021 4
      vertex -55.2021 -62.2021 0
      vertex -55.4135 -61.9445 4
    endloop
  endfacet
  facet normal 0.881912 0.471413 -0
    outer loop
      vertex -55.5706 -61.6506 0
      vertex -55.5706 -61.6506 4
      vertex -55.4135 -61.9445 0
    endloop
  endfacet
  facet normal 0.881912 0.471413 0
    outer loop
      vertex -55.4135 -61.9445 4
      vertex -55.4135 -61.9445 0
      vertex -55.5706 -61.6506 4
    endloop
  endfacet
  facet normal 0.956997 0.290099 -0
    outer loop
      vertex -55.6673 -61.3316 0
      vertex -55.6673 -61.3316 4
      vertex -55.5706 -61.6506 0
    endloop
  endfacet
  facet normal 0.956997 0.290099 0
    outer loop
      vertex -55.5706 -61.6506 4
      vertex -55.5706 -61.6506 0
      vertex -55.6673 -61.3316 4
    endloop
  endfacet
  facet normal 0.995173 0.0981368 -0
    outer loop
      vertex -55.7 -61 0
      vertex -55.7 -61 4
      vertex -55.6673 -61.3316 0
    endloop
  endfacet
  facet normal 0.995173 0.0981368 0
    outer loop
      vertex -55.6673 -61.3316 4
      vertex -55.6673 -61.3316 0
      vertex -55.7 -61 4
    endloop
  endfacet
  facet normal 0.995176 -0.0981075 0
    outer loop
      vertex -55.6673 -60.6683 0
      vertex -55.6673 -60.6683 4
      vertex -55.7 -61 0
    endloop
  endfacet
  facet normal 0.995176 -0.0981075 0
    outer loop
      vertex -55.7 -61 4
      vertex -55.7 -61 0
      vertex -55.6673 -60.6683 4
    endloop
  endfacet
  facet normal 0.956971 -0.290182 0
    outer loop
      vertex -55.5706 -60.3494 0
      vertex -55.5706 -60.3494 4
      vertex -55.6673 -60.6683 0
    endloop
  endfacet
  facet normal 0.956971 -0.290182 0
    outer loop
      vertex -55.6673 -60.6683 4
      vertex -55.6673 -60.6683 0
      vertex -55.5706 -60.3494 4
    endloop
  endfacet
  facet normal 0.881912 -0.471413 0
    outer loop
      vertex -55.4135 -60.0555 0
      vertex -55.4135 -60.0555 4
      vertex -55.5706 -60.3494 0
    endloop
  endfacet
  facet normal 0.881912 -0.471413 0
    outer loop
      vertex -55.5706 -60.3494 4
      vertex -55.5706 -60.3494 0
      vertex -55.4135 -60.0555 4
    endloop
  endfacet
  facet normal 0.773021 -0.634381 0
    outer loop
      vertex -55.2021 -59.7979 0
      vertex -55.2021 -59.7979 4
      vertex -55.4135 -60.0555 0
    endloop
  endfacet
  facet normal 0.773021 -0.634381 0
    outer loop
      vertex -55.4135 -60.0555 4
      vertex -55.4135 -60.0555 0
      vertex -55.2021 -59.7979 4
    endloop
  endfacet
  facet normal 0.634381 -0.773021 0
    outer loop
      vertex -54.9445 -59.5865 0
      vertex -54.9445 -59.5865 4
      vertex -55.2021 -59.7979 0
    endloop
  endfacet
  facet normal 0.634381 -0.773021 0
    outer loop
      vertex -55.2021 -59.7979 4
      vertex -55.2021 -59.7979 0
      vertex -54.9445 -59.5865 4
    endloop
  endfacet
  facet normal 0.471413 -0.881912 0
    outer loop
      vertex -54.6506 -59.4294 0
      vertex -54.6506 -59.4294 4
      vertex -54.9445 -59.5865 0
    endloop
  endfacet
  facet normal 0.471413 -0.881912 0
    outer loop
      vertex -54.9445 -59.5865 4
      vertex -54.9445 -59.5865 0
      vertex -54.6506 -59.4294 4
    endloop
  endfacet
  facet normal 0.290099 -0.956997 0
    outer loop
      vertex -54.3316 -59.3327 0
      vertex -54.3316 -59.3327 4
      vertex -54.6506 -59.4294 0
    endloop
  endfacet
  facet normal 0.290099 -0.956997 0
    outer loop
      vertex -54.6506 -59.4294 4
      vertex -54.6506 -59.4294 0
      vertex -54.3316 -59.3327 4
    endloop
  endfacet
  facet normal 0.0981368 -0.995173 0
    outer loop
      vertex -54 -59.3 0
      vertex -54 -59.3 4
      vertex -54.3316 -59.3327 0
    endloop
  endfacet
  facet normal 0.0981368 -0.995173 0
    outer loop
      vertex -54.3316 -59.3327 4
      vertex -54.3316 -59.3327 0
      vertex -54 -59.3 4
    endloop
  endfacet
  facet normal -0.0981075 -0.995176 0
    outer loop
      vertex -53.6683 -59.3327 0
      vertex -53.6683 -59.3327 4
      vertex -54 -59.3 0
    endloop
  endfacet
  facet normal -0.0981075 -0.995176 -0
    outer loop
      vertex -54 -59.3 4
      vertex -54 -59.3 0
      vertex -53.6683 -59.3327 4
    endloop
  endfacet
  facet normal -0.290182 -0.956971 0
    outer loop
      vertex -53.3494 -59.4294 0
      vertex -53.3494 -59.4294 4
      vertex -53.6683 -59.3327 0
    endloop
  endfacet
  facet normal -0.290182 -0.956971 -0
    outer loop
      vertex -53.6683 -59.3327 4
      vertex -53.6683 -59.3327 0
      vertex -53.3494 -59.4294 4
    endloop
  endfacet
  facet normal -0.471413 -0.881912 0
    outer loop
      vertex -53.0555 -59.5865 0
      vertex -53.0555 -59.5865 4
      vertex -53.3494 -59.4294 0
    endloop
  endfacet
  facet normal -0.471413 -0.881912 -0
    outer loop
      vertex -53.3494 -59.4294 4
      vertex -53.3494 -59.4294 0
      vertex -53.0555 -59.5865 4
    endloop
  endfacet
  facet normal -0.634381 -0.773021 0
    outer loop
      vertex -52.7979 -59.7979 0
      vertex -52.7979 -59.7979 4
      vertex -53.0555 -59.5865 0
    endloop
  endfacet
  facet normal -0.634381 -0.773021 -0
    outer loop
      vertex -53.0555 -59.5865 4
      vertex -53.0555 -59.5865 0
      vertex -52.7979 -59.7979 4
    endloop
  endfacet
  facet normal -0.773021 -0.634381 0
    outer loop
      vertex -52.5865 -60.0555 0
      vertex -52.5865 -60.0555 4
      vertex -52.7979 -59.7979 0
    endloop
  endfacet
  facet normal -0.773021 -0.634381 -0
    outer loop
      vertex -52.7979 -59.7979 4
      vertex -52.7979 -59.7979 0
      vertex -52.5865 -60.0555 4
    endloop
  endfacet
  facet normal -0.881912 -0.471413 0
    outer loop
      vertex -52.4294 -60.3494 0
      vertex -52.4294 -60.3494 4
      vertex -52.5865 -60.0555 0
    endloop
  endfacet
  facet normal -0.881912 -0.471413 -0
    outer loop
      vertex -52.5865 -60.0555 4
      vertex -52.5865 -60.0555 0
      vertex -52.4294 -60.3494 4
    endloop
  endfacet
  facet normal -0.956971 -0.290182 0
    outer loop
      vertex -52.3327 -60.6683 0
      vertex -52.3327 -60.6683 4
      vertex -52.4294 -60.3494 0
    endloop
  endfacet
  facet normal -0.956971 -0.290182 -0
    outer loop
      vertex -52.4294 -60.3494 4
      vertex -52.4294 -60.3494 0
      vertex -52.3327 -60.6683 4
    endloop
  endfacet
  facet normal -0.995176 -0.0981075 0
    outer loop
      vertex -52.3 -61 0
      vertex -52.3 -61 4
      vertex -52.3327 -60.6683 0
    endloop
  endfacet
  facet normal -0.995176 -0.0981075 -0
    outer loop
      vertex -52.3327 -60.6683 4
      vertex -52.3327 -60.6683 0
      vertex -52.3 -61 4
    endloop
  endfacet
  facet normal -0.995173 0.0981368 0
    outer loop
      vertex -52.3327 -61.3316 0
      vertex -52.3327 -61.3316 4
      vertex -52.3 -61 0
    endloop
  endfacet
  facet normal -0.995173 0.0981368 0
    outer loop
      vertex -52.3 -61 4
      vertex -52.3 -61 0
      vertex -52.3327 -61.3316 4
    endloop
  endfacet
  facet normal -0.956997 0.290099 0
    outer loop
      vertex -52.4294 -61.6506 0
      vertex -52.4294 -61.6506 4
      vertex -52.3327 -61.3316 0
    endloop
  endfacet
  facet normal -0.956997 0.290099 0
    outer loop
      vertex -52.3327 -61.3316 4
      vertex -52.3327 -61.3316 0
      vertex -52.4294 -61.6506 4
    endloop
  endfacet
  facet normal -0.881912 0.471413 0
    outer loop
      vertex -52.5865 -61.9445 0
      vertex -52.5865 -61.9445 4
      vertex -52.4294 -61.6506 0
    endloop
  endfacet
  facet normal -0.881912 0.471413 0
    outer loop
      vertex -52.4294 -61.6506 4
      vertex -52.4294 -61.6506 0
      vertex -52.5865 -61.9445 4
    endloop
  endfacet
  facet normal -0.773021 0.634381 0
    outer loop
      vertex -52.7979 -62.2021 0
      vertex -52.7979 -62.2021 4
      vertex -52.5865 -61.9445 0
    endloop
  endfacet
  facet normal -0.773021 0.634381 0
    outer loop
      vertex -52.5865 -61.9445 4
      vertex -52.5865 -61.9445 0
      vertex -52.7979 -62.2021 4
    endloop
  endfacet
  facet normal -0.634381 0.773021 0
    outer loop
      vertex -53.0555 -62.4135 0
      vertex -53.0555 -62.4135 4
      vertex -52.7979 -62.2021 0
    endloop
  endfacet
  facet normal -0.634381 0.773021 0
    outer loop
      vertex -52.7979 -62.2021 4
      vertex -52.7979 -62.2021 0
      vertex -53.0555 -62.4135 4
    endloop
  endfacet
  facet normal -0.471413 0.881912 0
    outer loop
      vertex -53.3494 -62.5706 0
      vertex -53.3494 -62.5706 4
      vertex -53.0555 -62.4135 0
    endloop
  endfacet
  facet normal -0.471413 0.881912 0
    outer loop
      vertex -53.0555 -62.4135 4
      vertex -53.0555 -62.4135 0
      vertex -53.3494 -62.5706 4
    endloop
  endfacet
  facet normal -0.290182 0.956971 0
    outer loop
      vertex -53.6683 -62.6673 0
      vertex -53.6683 -62.6673 4
      vertex -53.3494 -62.5706 0
    endloop
  endfacet
  facet normal -0.290182 0.956971 0
    outer loop
      vertex -53.3494 -62.5706 4
      vertex -53.3494 -62.5706 0
      vertex -53.6683 -62.6673 4
    endloop
  endfacet
  facet normal -0.0981075 0.995176 0
    outer loop
      vertex -54 -62.7 0
      vertex -54 -62.7 4
      vertex -53.6683 -62.6673 0
    endloop
  endfacet
  facet normal -0.0981075 0.995176 0
    outer loop
      vertex -53.6683 -62.6673 4
      vertex -53.6683 -62.6673 0
      vertex -54 -62.7 4
    endloop
  endfacet
  facet normal 0.0981368 0.995173 -0
    outer loop
      vertex -54.3316 -62.6673 0
      vertex -54.3316 -62.6673 4
      vertex -54 -62.7 0
    endloop
  endfacet
  facet normal 0.0981368 0.995173 0
    outer loop
      vertex -54 -62.7 4
      vertex -54 -62.7 0
      vertex -54.3316 -62.6673 4
    endloop
  endfacet
  facet normal 0.290099 0.956997 -0
    outer loop
      vertex -90.6506 -62.5706 0
      vertex -90.6506 -62.5706 4
      vertex -90.3316 -62.6673 0
    endloop
  endfacet
  facet normal 0.290099 0.956997 0
    outer loop
      vertex -90.3316 -62.6673 4
      vertex -90.3316 -62.6673 0
      vertex -90.6506 -62.5706 4
    endloop
  endfacet
  facet normal 0.471413 0.881912 -0
    outer loop
      vertex -90.9445 -62.4135 0
      vertex -90.9445 -62.4135 4
      vertex -90.6506 -62.5706 0
    endloop
  endfacet
  facet normal 0.471413 0.881912 0
    outer loop
      vertex -90.6506 -62.5706 4
      vertex -90.6506 -62.5706 0
      vertex -90.9445 -62.4135 4
    endloop
  endfacet
  facet normal 0.634381 0.773021 -0
    outer loop
      vertex -91.2021 -62.2021 0
      vertex -91.2021 -62.2021 4
      vertex -90.9445 -62.4135 0
    endloop
  endfacet
  facet normal 0.634381 0.773021 0
    outer loop
      vertex -90.9445 -62.4135 4
      vertex -90.9445 -62.4135 0
      vertex -91.2021 -62.2021 4
    endloop
  endfacet
  facet normal 0.773021 0.634381 -0
    outer loop
      vertex -91.4135 -61.9445 0
      vertex -91.4135 -61.9445 4
      vertex -91.2021 -62.2021 0
    endloop
  endfacet
  facet normal 0.773021 0.634381 0
    outer loop
      vertex -91.2021 -62.2021 4
      vertex -91.2021 -62.2021 0
      vertex -91.4135 -61.9445 4
    endloop
  endfacet
  facet normal 0.881912 0.471413 -0
    outer loop
      vertex -91.5706 -61.6506 0
      vertex -91.5706 -61.6506 4
      vertex -91.4135 -61.9445 0
    endloop
  endfacet
  facet normal 0.881912 0.471413 0
    outer loop
      vertex -91.4135 -61.9445 4
      vertex -91.4135 -61.9445 0
      vertex -91.5706 -61.6506 4
    endloop
  endfacet
  facet normal 0.956997 0.290099 -0
    outer loop
      vertex -91.6673 -61.3316 0
      vertex -91.6673 -61.3316 4
      vertex -91.5706 -61.6506 0
    endloop
  endfacet
  facet normal 0.956997 0.290099 0
    outer loop
      vertex -91.5706 -61.6506 4
      vertex -91.5706 -61.6506 0
      vertex -91.6673 -61.3316 4
    endloop
  endfacet
  facet normal 0.995173 0.0981368 -0
    outer loop
      vertex -91.7 -61 0
      vertex -91.7 -61 4
      vertex -91.6673 -61.3316 0
    endloop
  endfacet
  facet normal 0.995173 0.0981368 0
    outer loop
      vertex -91.6673 -61.3316 4
      vertex -91.6673 -61.3316 0
      vertex -91.7 -61 4
    endloop
  endfacet
  facet normal 0.995176 -0.0981075 0
    outer loop
      vertex -91.6673 -60.6683 0
      vertex -91.6673 -60.6683 4
      vertex -91.7 -61 0
    endloop
  endfacet
  facet normal 0.995176 -0.0981075 0
    outer loop
      vertex -91.7 -61 4
      vertex -91.7 -61 0
      vertex -91.6673 -60.6683 4
    endloop
  endfacet
  facet normal 0.956971 -0.290182 0
    outer loop
      vertex -91.5706 -60.3494 0
      vertex -91.5706 -60.3494 4
      vertex -91.6673 -60.6683 0
    endloop
  endfacet
  facet normal 0.956971 -0.290182 0
    outer loop
      vertex -91.6673 -60.6683 4
      vertex -91.6673 -60.6683 0
      vertex -91.5706 -60.3494 4
    endloop
  endfacet
  facet normal 0.881912 -0.471413 0
    outer loop
      vertex -91.4135 -60.0555 0
      vertex -91.4135 -60.0555 4
      vertex -91.5706 -60.3494 0
    endloop
  endfacet
  facet normal 0.881912 -0.471413 0
    outer loop
      vertex -91.5706 -60.3494 4
      vertex -91.5706 -60.3494 0
      vertex -91.4135 -60.0555 4
    endloop
  endfacet
  facet normal 0.773021 -0.634381 0
    outer loop
      vertex -91.2021 -59.7979 0
      vertex -91.2021 -59.7979 4
      vertex -91.4135 -60.0555 0
    endloop
  endfacet
  facet normal 0.773021 -0.634381 0
    outer loop
      vertex -91.4135 -60.0555 4
      vertex -91.4135 -60.0555 0
      vertex -91.2021 -59.7979 4
    endloop
  endfacet
  facet normal 0.634381 -0.773021 0
    outer loop
      vertex -90.9445 -59.5865 0
      vertex -90.9445 -59.5865 4
      vertex -91.2021 -59.7979 0
    endloop
  endfacet
  facet normal 0.634381 -0.773021 0
    outer loop
      vertex -91.2021 -59.7979 4
      vertex -91.2021 -59.7979 0
      vertex -90.9445 -59.5865 4
    endloop
  endfacet
  facet normal 0.471413 -0.881912 0
    outer loop
      vertex -90.6506 -59.4294 0
      vertex -90.6506 -59.4294 4
      vertex -90.9445 -59.5865 0
    endloop
  endfacet
  facet normal 0.471413 -0.881912 0
    outer loop
      vertex -90.9445 -59.5865 4
      vertex -90.9445 -59.5865 0
      vertex -90.6506 -59.4294 4
    endloop
  endfacet
  facet normal 0.290099 -0.956997 0
    outer loop
      vertex -90.3316 -59.3327 0
      vertex -90.3316 -59.3327 4
      vertex -90.6506 -59.4294 0
    endloop
  endfacet
  facet normal 0.290099 -0.956997 0
    outer loop
      vertex -90.6506 -59.4294 4
      vertex -90.6506 -59.4294 0
      vertex -90.3316 -59.3327 4
    endloop
  endfacet
  facet normal 0.0981368 -0.995173 0
    outer loop
      vertex -90 -59.3 0
      vertex -90 -59.3 4
      vertex -90.3316 -59.3327 0
    endloop
  endfacet
  facet normal 0.0981368 -0.995173 0
    outer loop
      vertex -90.3316 -59.3327 4
      vertex -90.3316 -59.3327 0
      vertex -90 -59.3 4
    endloop
  endfacet
  facet normal -0.0981075 -0.995176 0
    outer loop
      vertex -89.6683 -59.3327 0
      vertex -89.6683 -59.3327 4
      vertex -90 -59.3 0
    endloop
  endfacet
  facet normal -0.0981075 -0.995176 -0
    outer loop
      vertex -90 -59.3 4
      vertex -90 -59.3 0
      vertex -89.6683 -59.3327 4
    endloop
  endfacet
  facet normal -0.290182 -0.956971 0
    outer loop
      vertex -89.3494 -59.4294 0
      vertex -89.3494 -59.4294 4
      vertex -89.6683 -59.3327 0
    endloop
  endfacet
  facet normal -0.290182 -0.956971 -0
    outer loop
      vertex -89.6683 -59.3327 4
      vertex -89.6683 -59.3327 0
      vertex -89.3494 -59.4294 4
    endloop
  endfacet
  facet normal -0.471413 -0.881912 0
    outer loop
      vertex -89.0555 -59.5865 0
      vertex -89.0555 -59.5865 4
      vertex -89.3494 -59.4294 0
    endloop
  endfacet
  facet normal -0.471413 -0.881912 -0
    outer loop
      vertex -89.3494 -59.4294 4
      vertex -89.3494 -59.4294 0
      vertex -89.0555 -59.5865 4
    endloop
  endfacet
  facet normal -0.634381 -0.773021 0
    outer loop
      vertex -88.7979 -59.7979 0
      vertex -88.7979 -59.7979 4
      vertex -89.0555 -59.5865 0
    endloop
  endfacet
  facet normal -0.634381 -0.773021 -0
    outer loop
      vertex -89.0555 -59.5865 4
      vertex -89.0555 -59.5865 0
      vertex -88.7979 -59.7979 4
    endloop
  endfacet
  facet normal -0.773021 -0.634381 0
    outer loop
      vertex -88.5865 -60.0555 0
      vertex -88.5865 -60.0555 4
      vertex -88.7979 -59.7979 0
    endloop
  endfacet
  facet normal -0.773021 -0.634381 -0
    outer loop
      vertex -88.7979 -59.7979 4
      vertex -88.7979 -59.7979 0
      vertex -88.5865 -60.0555 4
    endloop
  endfacet
  facet normal -0.881912 -0.471413 0
    outer loop
      vertex -88.4294 -60.3494 0
      vertex -88.4294 -60.3494 4
      vertex -88.5865 -60.0555 0
    endloop
  endfacet
  facet normal -0.881912 -0.471413 -0
    outer loop
      vertex -88.5865 -60.0555 4
      vertex -88.5865 -60.0555 0
      vertex -88.4294 -60.3494 4
    endloop
  endfacet
  facet normal -0.956971 -0.290182 0
    outer loop
      vertex -88.3327 -60.6683 0
      vertex -88.3327 -60.6683 4
      vertex -88.4294 -60.3494 0
    endloop
  endfacet
  facet normal -0.956971 -0.290182 -0
    outer loop
      vertex -88.4294 -60.3494 4
      vertex -88.4294 -60.3494 0
      vertex -88.3327 -60.6683 4
    endloop
  endfacet
  facet normal -0.995176 -0.0981075 0
    outer loop
      vertex -88.3 -61 0
      vertex -88.3 -61 4
      vertex -88.3327 -60.6683 0
    endloop
  endfacet
  facet normal -0.995176 -0.0981075 -0
    outer loop
      vertex -88.3327 -60.6683 4
      vertex -88.3327 -60.6683 0
      vertex -88.3 -61 4
    endloop
  endfacet
  facet normal -0.995173 0.0981368 0
    outer loop
      vertex -88.3327 -61.3316 0
      vertex -88.3327 -61.3316 4
      vertex -88.3 -61 0
    endloop
  endfacet
  facet normal -0.995173 0.0981368 0
    outer loop
      vertex -88.3 -61 4
      vertex -88.3 -61 0
      vertex -88.3327 -61.3316 4
    endloop
  endfacet
  facet normal -0.956997 0.290099 0
    outer loop
      vertex -88.4294 -61.6506 0
      vertex -88.4294 -61.6506 4
      vertex -88.3327 -61.3316 0
    endloop
  endfacet
  facet normal -0.956997 0.290099 0
    outer loop
      vertex -88.3327 -61.3316 4
      vertex -88.3327 -61.3316 0
      vertex -88.4294 -61.6506 4
    endloop
  endfacet
  facet normal -0.881912 0.471413 0
    outer loop
      vertex -88.5865 -61.9445 0
      vertex -88.5865 -61.9445 4
      vertex -88.4294 -61.6506 0
    endloop
  endfacet
  facet normal -0.881912 0.471413 0
    outer loop
      vertex -88.4294 -61.6506 4
      vertex -88.4294 -61.6506 0
      vertex -88.5865 -61.9445 4
    endloop
  endfacet
  facet normal -0.773021 0.634381 0
    outer loop
      vertex -88.7979 -62.2021 0
      vertex -88.7979 -62.2021 4
      vertex -88.5865 -61.9445 0
    endloop
  endfacet
  facet normal -0.773021 0.634381 0
    outer loop
      vertex -88.5865 -61.9445 4
      vertex -88.5865 -61.9445 0
      vertex -88.7979 -62.2021 4
    endloop
  endfacet
  facet normal -0.634381 0.773021 0
    outer loop
      vertex -89.0555 -62.4135 0
      vertex -89.0555 -62.4135 4
      vertex -88.7979 -62.2021 0
    endloop
  endfacet
  facet normal -0.634381 0.773021 0
    outer loop
      vertex -88.7979 -62.2021 4
      vertex -88.7979 -62.2021 0
      vertex -89.0555 -62.4135 4
    endloop
  endfacet
  facet normal -0.471413 0.881912 0
    outer loop
      vertex -89.3494 -62.5706 0
      vertex -89.3494 -62.5706 4
      vertex -89.0555 -62.4135 0
    endloop
  endfacet
  facet normal -0.471413 0.881912 0
    outer loop
      vertex -89.0555 -62.4135 4
      vertex -89.0555 -62.4135 0
      vertex -89.3494 -62.5706 4
    endloop
  endfacet
  facet normal -0.290182 0.956971 0
    outer loop
      vertex -89.6683 -62.6673 0
      vertex -89.6683 -62.6673 4
      vertex -89.3494 -62.5706 0
    endloop
  endfacet
  facet normal -0.290182 0.956971 0
    outer loop
      vertex -89.3494 -62.5706 4
      vertex -89.3494 -62.5706 0
      vertex -89.6683 -62.6673 4
    endloop
  endfacet
  facet normal -0.0981075 0.995176 0
    outer loop
      vertex -90 -62.7 0
      vertex -90 -62.7 4
      vertex -89.6683 -62.6673 0
    endloop
  endfacet
  facet normal -0.0981075 0.995176 0
    outer loop
      vertex -89.6683 -62.6673 4
      vertex -89.6683 -62.6673 0
      vertex -90 -62.7 4
    endloop
  endfacet
  facet normal 0.0981368 0.995173 -0
    outer loop
      vertex -90.3316 -62.6673 0
      vertex -90.3316 -62.6673 4
      vertex -90 -62.7 0
    endloop
  endfacet
  facet normal 0.0981368 0.995173 0
    outer loop
      vertex -90 -62.7 4
      vertex -90 -62.7 0
      vertex -90.3316 -62.6673 4
    endloop
  endfacet
endsolid OpenSCAD_Model
